context,model,training_rows,features,best_parameters_json,best_inner_mae,model_seed,inner_seed,search_seed
scale_nested_et|strict6|Global|1|1|All,extra_trees,449,AFP;Input;Output;Enquiry;File;Interface,"{""bootstrap"": true, ""max_depth"": 20, ""max_features"": 1.0, ""min_samples_leaf"": 1, ""min_samples_split"": 10, ""n_estimators"": 300}",2498.5404803558645,1336379749.0,341186639,1130149065.0
scale_nested_et|strict6|Global + MI|1|1|All,extra_trees,449,AFP;Enquiry;File,"{""bootstrap"": false, ""max_depth"": 10, ""max_features"": 0.75, ""min_samples_leaf"": 1, ""min_samples_split"": 10, ""n_estimators"": 300}",2527.073420745283,862712854.0,2161478871,3271572321.0
scale_nested_et|strict6|Quantile|1|1|Small,extra_trees,152,AFP;Input;Output;Enquiry;File;Interface,"{""bootstrap"": false, ""max_depth"": 20, ""max_features"": 0.75, ""min_samples_leaf"": 8, ""min_samples_split"": 10, ""n_estimators"": 300}",778.6351431397517,2757829953.0,3204406097,3030380587.0
scale_nested_et|strict6|Quantile|1|1|Medium,extra_trees,147,AFP;Input;Output;Enquiry;File;Interface,"{""bootstrap"": false, ""max_depth"": null, ""max_features"": 1.0, ""min_samples_leaf"": 8, ""min_samples_split"": 2, ""n_estimators"": 300}",1640.0975554440513,3428898731.0,3621989924,393330390.0
scale_nested_et|strict6|Quantile|1|1|Large,extra_trees,150,AFP;Input;Output;Enquiry;File;Interface,"{""bootstrap"": true, ""max_depth"": 20, ""max_features"": 0.75, ""min_samples_leaf"": 2, ""min_samples_split"": 2, ""n_estimators"": 300}",5130.401356028292,3175168155.0,4081139905,7064724.0
scale_nested_et|strict6|Quantile + MI|1|1|Small,extra_trees,152,AFP;Enquiry;Interface,"{""bootstrap"": true, ""max_depth"": null, ""max_features"": 1.0, ""min_samples_leaf"": 8, ""min_samples_split"": 10, ""n_estimators"": 300}",777.1110172531666,2384192479.0,4053626598,2034973629.0
scale_nested_et|strict6|Quantile + MI|1|1|Medium,extra_trees,147,AFP;Output;Interface,"{""bootstrap"": false, ""max_depth"": 20, ""max_features"": 1.0, ""min_samples_leaf"": 8, ""min_samples_split"": 10, ""n_estimators"": 300}",1629.1992590398738,907385213.0,3987966528,4002488758.0
scale_nested_et|strict6|Quantile + MI|1|1|Large,extra_trees,150,AFP;Input;Enquiry,"{""bootstrap"": false, ""max_depth"": 20, ""max_features"": 1.0, ""min_samples_leaf"": 2, ""min_samples_split"": 10, ""n_estimators"": 500}",4988.489294114722,643393622.0,3556747783,1350346586.0
benchmark|strict6|random_forest|1|1|All,random_forest,449,AFP;Input;Output;Enquiry;File;Interface,"{""bootstrap"": true, ""max_depth"": 20, ""max_features"": 1.0, ""min_samples_leaf"": 8, ""min_samples_split"": 10, ""n_estimators"": 300}",2431.531714664727,2315370713.0,2657319366,1375306776.0
benchmark|strict6|xgboost|1|1|All,xgboost,449,AFP;Input;Output;Enquiry;File;Interface,"{""colsample_bytree"": 0.9, ""learning_rate"": 0.05, ""max_depth"": 2, ""min_child_weight"": 1, ""n_estimators"": 200, ""reg_alpha"": 0.1, ""reg_lambda"": 5.0, ""subsample"": 1.0}",2666.0193126849713,2062248104.0,3666460443,265295491.0
benchmark|strict6|lightgbm|1|1|All,lightgbm,449,AFP;Input;Output;Enquiry;File;Interface,"{""colsample_bytree"": 0.8, ""learning_rate"": 0.02, ""max_depth"": 5, ""min_child_samples"": 20, ""n_estimators"": 400, ""num_leaves"": 31, ""reg_lambda"": 5.0, ""subsample"": 0.8}",2668.594389137624,527706949.0,3964272402,537292969.0
benchmark|strict6|stacking|1|1|All,stacking,449,AFP;Input;Output;Enquiry;File;Interface,"{""base_models"": [""tuned_random_forest"", ""tuned_extra_trees"", ""tuned_xgboost""], ""meta_learner"": ""LinearRegression"", ""stack_cv_seed"": 2213298388, ""stack_cv_splits"": 5}",,,2213298388,
scale_nested_et|strict6|Global|1|2|All,extra_trees,449,AFP;Input;Output;Enquiry;File;Interface,"{""bootstrap"": true, ""max_depth"": 20, ""max_features"": 1.0, ""min_samples_leaf"": 4, ""min_samples_split"": 5, ""n_estimators"": 300}",2696.5474697389504,167777914.0,298583125,312926484.0
scale_nested_et|strict6|Global + MI|1|2|All,extra_trees,449,AFP;Input;Enquiry,"{""bootstrap"": true, ""max_depth"": 20, ""max_features"": 1.0, ""min_samples_leaf"": 2, ""min_samples_split"": 5, ""n_estimators"": 500}",2769.4198100418653,21878297.0,1322584970,2868054741.0
scale_nested_et|strict6|Quantile|1|2|Small,extra_trees,150,AFP;Input;Output;Enquiry;File;Interface,"{""bootstrap"": false, ""max_depth"": null, ""max_features"": 0.75, ""min_samples_leaf"": 4, ""min_samples_split"": 2, ""n_estimators"": 500}",835.9527405618043,2762926206.0,2740182787,3183589901.0
scale_nested_et|strict6|Quantile|1|2|Medium,extra_trees,149,AFP;Input;Output;Enquiry;File;Interface,"{""bootstrap"": false, ""max_depth"": 10, ""max_features"": 0.5, ""min_samples_leaf"": 8, ""min_samples_split"": 2, ""n_estimators"": 300}",1622.571073449739,306379616.0,3243875853,3954098540.0
scale_nested_et|strict6|Quantile|1|2|Large,extra_trees,150,AFP;Input;Output;Enquiry;File;Interface,"{""bootstrap"": false, ""max_depth"": 20, ""max_features"": 1.0, ""min_samples_leaf"": 8, ""min_samples_split"": 5, ""n_estimators"": 500}",5736.220133643404,2632491078.0,23773132,3982203886.0
scale_nested_et|strict6|Quantile + MI|1|2|Small,extra_trees,150,AFP;Output;Enquiry,"{""bootstrap"": true, ""max_depth"": null, ""max_features"": 1.0, ""min_samples_leaf"": 4, ""min_samples_split"": 5, ""n_estimators"": 500}",815.6688408637006,2512876393.0,2531739038,253133960.0
scale_nested_et|strict6|Quantile + MI|1|2|Medium,extra_trees,149,AFP;Input;Output,"{""bootstrap"": false, ""max_depth"": 10, ""max_features"": 1.0, ""min_samples_leaf"": 8, ""min_samples_split"": 10, ""n_estimators"": 500}",1593.9089386350824,3300949225.0,2813722617,2110911485.0
scale_nested_et|strict6|Quantile + MI|1|2|Large,extra_trees,150,AFP;Input;Enquiry,"{""bootstrap"": true, ""max_depth"": 10, ""max_features"": 0.5, ""min_samples_leaf"": 1, ""min_samples_split"": 10, ""n_estimators"": 300}",5531.711037836491,134466900.0,787582903,805557356.0
benchmark|strict6|random_forest|1|2|All,random_forest,449,AFP;Input;Output;Enquiry;File;Interface,"{""bootstrap"": true, ""max_depth"": 20, ""max_features"": ""sqrt"", ""min_samples_leaf"": 8, ""min_samples_split"": 10, ""n_estimators"": 500}",2721.134505321147,666781297.0,3504133979,3465973854.0
benchmark|strict6|xgboost|1|2|All,xgboost,449,AFP;Input;Output;Enquiry;File;Interface,"{""colsample_bytree"": 0.9, ""learning_rate"": 0.02, ""max_depth"": 2, ""min_child_weight"": 1, ""n_estimators"": 200, ""reg_alpha"": 0.0, ""reg_lambda"": 1.0, ""subsample"": 1.0}",2771.535748463061,2290190939.0,3569917416,3324938670.0
benchmark|strict6|lightgbm|1|2|All,lightgbm,449,AFP;Input;Output;Enquiry;File;Interface,"{""colsample_bytree"": 0.8, ""learning_rate"": 0.02, ""max_depth"": 10, ""min_child_samples"": 20, ""n_estimators"": 400, ""num_leaves"": 7, ""reg_lambda"": 1.0, ""subsample"": 0.8}",2897.8801877725914,3106082209.0,629673298,1138114341.0
benchmark|strict6|stacking|1|2|All,stacking,449,AFP;Input;Output;Enquiry;File;Interface,"{""base_models"": [""tuned_random_forest"", ""tuned_extra_trees"", ""tuned_xgboost""], ""meta_learner"": ""LinearRegression"", ""stack_cv_seed"": 3485386553, ""stack_cv_splits"": 5}",,,3485386553,
scale_nested_et|strict6|Global|1|3|All,extra_trees,449,AFP;Input;Output;Enquiry;File;Interface,"{""bootstrap"": true, ""max_depth"": null, ""max_features"": 1.0, ""min_samples_leaf"": 4, ""min_samples_split"": 10, ""n_estimators"": 300}",2637.228291513405,45304957.0,857120798,3891744821.0
scale_nested_et|strict6|Global + MI|1|3|All,extra_trees,449,AFP;Input;Enquiry,"{""bootstrap"": true, ""max_depth"": null, ""max_features"": 1.0, ""min_samples_leaf"": 2, ""min_samples_split"": 10, ""n_estimators"": 500}",2559.0143508339265,3175355050.0,28935069,369243724.0
scale_nested_et|strict6|Quantile|1|3|Small,extra_trees,150,AFP;Input;Output;Enquiry;File;Interface,"{""bootstrap"": false, ""max_depth"": 10, ""max_features"": 0.75, ""min_samples_leaf"": 4, ""min_samples_split"": 2, ""n_estimators"": 500}",754.3247990309005,283664799.0,3122277179,1124424910.0
scale_nested_et|strict6|Quantile|1|3|Medium,extra_trees,149,AFP;Input;Output;Enquiry;File;Interface,"{""bootstrap"": false, ""max_depth"": 20, ""max_features"": 0.5, ""min_samples_leaf"": 4, ""min_samples_split"": 10, ""n_estimators"": 300}",1656.9338014033071,14269227.0,2489035687,279363642.0
scale_nested_et|strict6|Quantile|1|3|Large,extra_trees,150,AFP;Input;Output;Enquiry;File;Interface,"{""bootstrap"": false, ""max_depth"": 20, ""max_features"": 1.0, ""min_samples_leaf"": 2, ""min_samples_split"": 10, ""n_estimators"": 300}",5367.248481525968,3408211212.0,2267600285,481480750.0
scale_nested_et|strict6|Quantile + MI|1|3|Small,extra_trees,150,Output;Enquiry;File,"{""bootstrap"": false, ""max_depth"": null, ""max_features"": 0.75, ""min_samples_leaf"": 4, ""min_samples_split"": 2, ""n_estimators"": 500}",808.5139794139072,3090310875.0,1410249231,935928003.0
scale_nested_et|strict6|Quantile + MI|1|3|Medium,extra_trees,149,AFP;Output;Interface,"{""bootstrap"": true, ""max_depth"": null, ""max_features"": 0.5, ""min_samples_leaf"": 2, ""min_samples_split"": 5, ""n_estimators"": 500}",1596.589659412132,4229980124.0,844474538,1348727609.0
scale_nested_et|strict6|Quantile + MI|1|3|Large,extra_trees,150,AFP;Input;Enquiry,"{""bootstrap"": true, ""max_depth"": null, ""max_features"": 0.75, ""min_samples_leaf"": 2, ""min_samples_split"": 10, ""n_estimators"": 300}",5424.315559525495,1733720321.0,1747521561,1731868046.0
benchmark|strict6|random_forest|1|3|All,random_forest,449,AFP;Input;Output;Enquiry;File;Interface,"{""bootstrap"": true, ""max_depth"": 20, ""max_features"": 0.75, ""min_samples_leaf"": 8, ""min_samples_split"": 10, ""n_estimators"": 500}",2588.878431510873,1441433787.0,688661914,1491238515.0
benchmark|strict6|xgboost|1|3|All,xgboost,449,AFP;Input;Output;Enquiry;File;Interface,"{""colsample_bytree"": 1.0, ""learning_rate"": 0.02, ""max_depth"": 2, ""min_child_weight"": 3, ""n_estimators"": 400, ""reg_alpha"": 0.0, ""reg_lambda"": 10.0, ""subsample"": 1.0}",2717.481391434069,1380936428.0,2970069129,4150869021.0
benchmark|strict6|lightgbm|1|3|All,lightgbm,449,AFP;Input;Output;Enquiry;File;Interface,"{""colsample_bytree"": 0.8, ""learning_rate"": 0.02, ""max_depth"": 5, ""min_child_samples"": 20, ""n_estimators"": 400, ""num_leaves"": 31, ""reg_lambda"": 0.0, ""subsample"": 0.8}",2714.196458651617,2991627064.0,4085262620,4242922496.0
benchmark|strict6|stacking|1|3|All,stacking,449,AFP;Input;Output;Enquiry;File;Interface,"{""base_models"": [""tuned_random_forest"", ""tuned_extra_trees"", ""tuned_xgboost""], ""meta_learner"": ""LinearRegression"", ""stack_cv_seed"": 808669846, ""stack_cv_splits"": 5}",,,808669846,
scale_nested_et|strict6|Global|1|4|All,extra_trees,449,AFP;Input;Output;Enquiry;File;Interface,"{""bootstrap"": true, ""max_depth"": null, ""max_features"": 0.75, ""min_samples_leaf"": 4, ""min_samples_split"": 5, ""n_estimators"": 300}",2779.583270643126,122370333.0,3504975985,2491983141.0
scale_nested_et|strict6|Global + MI|1|4|All,extra_trees,449,AFP;Input;Enquiry,"{""bootstrap"": false, ""max_depth"": 20, ""max_features"": 0.5, ""min_samples_leaf"": 1, ""min_samples_split"": 5, ""n_estimators"": 300}",2948.617516239549,1651385200.0,852664821,1084736173.0
scale_nested_et|strict6|Quantile|1|4|Small,extra_trees,152,AFP;Input;Output;Enquiry;File;Interface,"{""bootstrap"": false, ""max_depth"": 20, ""max_features"": 1.0, ""min_samples_leaf"": 8, ""min_samples_split"": 2, ""n_estimators"": 300}",761.83386696451,2543504923.0,634161358,689331004.0
scale_nested_et|strict6|Quantile|1|4|Medium,extra_trees,147,AFP;Input;Output;Enquiry;File;Interface,"{""bootstrap"": true, ""max_depth"": 20, ""max_features"": 0.5, ""min_samples_leaf"": 2, ""min_samples_split"": 10, ""n_estimators"": 500}",1657.1499093114378,964131249.0,1438619698,3174116198.0
scale_nested_et|strict6|Quantile|1|4|Large,extra_trees,150,AFP;Input;Output;Enquiry;File;Interface,"{""bootstrap"": true, ""max_depth"": null, ""max_features"": 1.0, ""min_samples_leaf"": 4, ""min_samples_split"": 5, ""n_estimators"": 500}",5722.317237098468,3764692011.0,2994715930,3556896968.0
scale_nested_et|strict6|Quantile + MI|1|4|Small,extra_trees,152,AFP;Input;Enquiry,"{""bootstrap"": false, ""max_depth"": 10, ""max_features"": 1.0, ""min_samples_leaf"": 8, ""min_samples_split"": 10, ""n_estimators"": 300}",766.8952350210934,2184720474.0,2673015527,2062304914.0
scale_nested_et|strict6|Quantile + MI|1|4|Medium,extra_trees,147,AFP;Input;Output,"{""bootstrap"": false, ""max_depth"": null, ""max_features"": 0.75, ""min_samples_leaf"": 4, ""min_samples_split"": 10, ""n_estimators"": 500}",1682.840522083061,1028874609.0,1915001742,601132077.0
scale_nested_et|strict6|Quantile + MI|1|4|Large,extra_trees,150,AFP;Input;Enquiry,"{""bootstrap"": true, ""max_depth"": null, ""max_features"": 1.0, ""min_samples_leaf"": 2, ""min_samples_split"": 10, ""n_estimators"": 300}",5567.380370682007,3167769672.0,1032492318,2001107337.0
benchmark|strict6|random_forest|1|4|All,random_forest,449,AFP;Input;Output;Enquiry;File;Interface,"{""bootstrap"": true, ""max_depth"": 10, ""max_features"": 0.5, ""min_samples_leaf"": 4, ""min_samples_split"": 10, ""n_estimators"": 300}",2703.74618674613,1203802777.0,945428816,2477035564.0
benchmark|strict6|xgboost|1|4|All,xgboost,449,AFP;Input;Output;Enquiry;File;Interface,"{""colsample_bytree"": 0.7, ""learning_rate"": 0.02, ""max_depth"": 3, ""min_child_weight"": 5, ""n_estimators"": 200, ""reg_alpha"": 0.1, ""reg_lambda"": 1.0, ""subsample"": 1.0}",2738.394828447972,4098620538.0,3387797338,3621913365.0
benchmark|strict6|lightgbm|1|4|All,lightgbm,449,AFP;Input;Output;Enquiry;File;Interface,"{""colsample_bytree"": 1.0, ""learning_rate"": 0.02, ""max_depth"": 5, ""min_child_samples"": 20, ""n_estimators"": 400, ""num_leaves"": 31, ""reg_lambda"": 5.0, ""subsample"": 1.0}",2865.9744154848327,3518722994.0,3124997882,2029072527.0
benchmark|strict6|stacking|1|4|All,stacking,449,AFP;Input;Output;Enquiry;File;Interface,"{""base_models"": [""tuned_random_forest"", ""tuned_extra_trees"", ""tuned_xgboost""], ""meta_learner"": ""LinearRegression"", ""stack_cv_seed"": 1238848348, ""stack_cv_splits"": 5}",,,1238848348,
scale_nested_et|strict6|Global|1|5|All,extra_trees,449,AFP;Input;Output;Enquiry;File;Interface,"{""bootstrap"": true, ""max_depth"": 10, ""max_features"": 1.0, ""min_samples_leaf"": 2, ""min_samples_split"": 10, ""n_estimators"": 300}",2634.4652207579597,2332236356.0,1826304723,1519408282.0
scale_nested_et|strict6|Global + MI|1|5|All,extra_trees,449,AFP;Input;File,"{""bootstrap"": true, ""max_depth"": null, ""max_features"": 0.75, ""min_samples_leaf"": 1, ""min_samples_split"": 10, ""n_estimators"": 300}",2725.218610404558,2914269634.0,3857891451,3110459340.0
scale_nested_et|strict6|Quantile|1|5|Small,extra_trees,150,AFP;Input;Output;Enquiry;File;Interface,"{""bootstrap"": false, ""max_depth"": 10, ""max_features"": 0.75, ""min_samples_leaf"": 8, ""min_samples_split"": 5, ""n_estimators"": 300}",800.8148982968669,642395531.0,1485885276,318589722.0
scale_nested_et|strict6|Quantile|1|5|Medium,extra_trees,149,AFP;Input;Output;Enquiry;File;Interface,"{""bootstrap"": false, ""max_depth"": 10, ""max_features"": 1.0, ""min_samples_leaf"": 8, ""min_samples_split"": 5, ""n_estimators"": 500}",1640.3551865319348,3302766642.0,1127833477,4075135713.0
scale_nested_et|strict6|Quantile|1|5|Large,extra_trees,150,AFP;Input;Output;Enquiry;File;Interface,"{""bootstrap"": true, ""max_depth"": 20, ""max_features"": 1.0, ""min_samples_leaf"": 2, ""min_samples_split"": 2, ""n_estimators"": 300}",5568.633191859663,356073490.0,2819933573,2067739519.0
scale_nested_et|strict6|Quantile + MI|1|5|Small,extra_trees,150,AFP;Enquiry;Interface,"{""bootstrap"": true, ""max_depth"": null, ""max_features"": 0.5, ""min_samples_leaf"": 2, ""min_samples_split"": 10, ""n_estimators"": 300}",784.6717148938093,3819818614.0,2202582123,2771048813.0
scale_nested_et|strict6|Quantile + MI|1|5|Medium,extra_trees,149,AFP;Output;File,"{""bootstrap"": true, ""max_depth"": 10, ""max_features"": 0.75, ""min_samples_leaf"": 4, ""min_samples_split"": 10, ""n_estimators"": 300}",1632.4842171824987,1044070283.0,3249267304,674354331.0
scale_nested_et|strict6|Quantile + MI|1|5|Large,extra_trees,150,AFP;Input;Enquiry,"{""bootstrap"": false, ""max_depth"": 10, ""max_features"": 0.75, ""min_samples_leaf"": 1, ""min_samples_split"": 5, ""n_estimators"": 300}",5621.819819190386,2150611473.0,1604648710,2061263104.0
benchmark|strict6|random_forest|1|5|All,random_forest,449,AFP;Input;Output;Enquiry;File;Interface,"{""bootstrap"": true, ""max_depth"": null, ""max_features"": 0.5, ""min_samples_leaf"": 2, ""min_samples_split"": 10, ""n_estimators"": 300}",2703.0449647550895,3793000661.0,697906490,2969989176.0
benchmark|strict6|xgboost|1|5|All,xgboost,449,AFP;Input;Output;Enquiry;File;Interface,"{""colsample_bytree"": 0.7, ""learning_rate"": 0.02, ""max_depth"": 2, ""min_child_weight"": 5, ""n_estimators"": 400, ""reg_alpha"": 0.1, ""reg_lambda"": 10.0, ""subsample"": 0.9}",2829.702306462572,3856170238.0,3730681506,2531539941.0
benchmark|strict6|lightgbm|1|5|All,lightgbm,449,AFP;Input;Output;Enquiry;File;Interface,"{""colsample_bytree"": 1.0, ""learning_rate"": 0.02, ""max_depth"": 5, ""min_child_samples"": 40, ""n_estimators"": 400, ""num_leaves"": 7, ""reg_lambda"": 5.0, ""subsample"": 0.8}",2912.043834356608,3461420929.0,2494532964,364361589.0
benchmark|strict6|stacking|1|5|All,stacking,449,AFP;Input;Output;Enquiry;File;Interface,"{""base_models"": [""tuned_random_forest"", ""tuned_extra_trees"", ""tuned_xgboost""], ""meta_learner"": ""LinearRegression"", ""stack_cv_seed"": 1830573023, ""stack_cv_splits"": 5}",,,1830573023,
scale_nested_et|strict6|Global|1|6|All,extra_trees,449,AFP;Input;Output;Enquiry;File;Interface,"{""bootstrap"": true, ""max_depth"": 20, ""max_features"": 0.75, ""min_samples_leaf"": 1, ""min_samples_split"": 10, ""n_estimators"": 300}",2527.617215354016,2913147092.0,4284786540,2977235101.0
scale_nested_et|strict6|Global + MI|1|6|All,extra_trees,449,AFP;Input;Enquiry,"{""bootstrap"": false, ""max_depth"": null, ""max_features"": 0.5, ""min_samples_leaf"": 1, ""min_samples_split"": 10, ""n_estimators"": 300}",2475.345790513022,4049620928.0,1061211872,2662008698.0
scale_nested_et|strict6|Quantile|1|6|Small,extra_trees,151,AFP;Input;Output;Enquiry;File;Interface,"{""bootstrap"": false, ""max_depth"": 10, ""max_features"": 0.5, ""min_samples_leaf"": 2, ""min_samples_split"": 10, ""n_estimators"": 300}",806.0906097821166,675612730.0,4000012742,866649765.0
scale_nested_et|strict6|Quantile|1|6|Medium,extra_trees,148,AFP;Input;Output;Enquiry;File;Interface,"{""bootstrap"": false, ""max_depth"": null, ""max_features"": 0.5, ""min_samples_leaf"": 8, ""min_samples_split"": 5, ""n_estimators"": 500}",1516.3025613087395,4028596328.0,3473548290,216301342.0
scale_nested_et|strict6|Quantile|1|6|Large,extra_trees,150,AFP;Input;Output;Enquiry;File;Interface,"{""bootstrap"": true, ""max_depth"": 10, ""max_features"": 0.5, ""min_samples_leaf"": 2, ""min_samples_split"": 5, ""n_estimators"": 300}",5086.073669945535,2087918231.0,3140325293,3854065523.0
scale_nested_et|strict6|Quantile + MI|1|6|Small,extra_trees,151,AFP;Output;Enquiry,"{""bootstrap"": false, ""max_depth"": 20, ""max_features"": 0.75, ""min_samples_leaf"": 1, ""min_samples_split"": 10, ""n_estimators"": 300}",752.2581321086212,2308493552.0,98767720,1486375508.0
scale_nested_et|strict6|Quantile + MI|1|6|Medium,extra_trees,148,AFP;Input;Output,"{""bootstrap"": false, ""max_depth"": null, ""max_features"": 0.75, ""min_samples_leaf"": 8, ""min_samples_split"": 5, ""n_estimators"": 300}",1561.0174575950741,170600891.0,1152064655,1857490667.0
scale_nested_et|strict6|Quantile + MI|1|6|Large,extra_trees,150,AFP;Input;Enquiry,"{""bootstrap"": true, ""max_depth"": null, ""max_features"": 0.5, ""min_samples_leaf"": 1, ""min_samples_split"": 2, ""n_estimators"": 500}",4818.448093333333,3764338409.0,2538127441,3474639896.0
benchmark|strict6|random_forest|1|6|All,random_forest,449,AFP;Input;Output;Enquiry;File;Interface,"{""bootstrap"": true, ""max_depth"": 20, ""max_features"": 0.5, ""min_samples_leaf"": 4, ""min_samples_split"": 2, ""n_estimators"": 300}",2515.233441341767,841235528.0,1569452142,3040961436.0
benchmark|strict6|xgboost|1|6|All,xgboost,449,AFP;Input;Output;Enquiry;File;Interface,"{""colsample_bytree"": 1.0, ""learning_rate"": 0.02, ""max_depth"": 2, ""min_child_weight"": 5, ""n_estimators"": 400, ""reg_alpha"": 0.1, ""reg_lambda"": 10.0, ""subsample"": 0.7}",2464.694381548649,90376027.0,2288547967,1594296055.0
benchmark|strict6|lightgbm|1|6|All,lightgbm,449,AFP;Input;Output;Enquiry;File;Interface,"{""colsample_bytree"": 0.8, ""learning_rate"": 0.02, ""max_depth"": -1, ""min_child_samples"": 20, ""n_estimators"": 200, ""num_leaves"": 31, ""reg_lambda"": 0.0, ""subsample"": 1.0}",2631.990918160664,440030830.0,1862629763,1678933163.0
benchmark|strict6|stacking|1|6|All,stacking,449,AFP;Input;Output;Enquiry;File;Interface,"{""base_models"": [""tuned_random_forest"", ""tuned_extra_trees"", ""tuned_xgboost""], ""meta_learner"": ""LinearRegression"", ""stack_cv_seed"": 2232227997, ""stack_cv_splits"": 5}",,,2232227997,
scale_nested_et|strict6|Global|1|7|All,extra_trees,449,AFP;Input;Output;Enquiry;File;Interface,"{""bootstrap"": false, ""max_depth"": 10, ""max_features"": 1.0, ""min_samples_leaf"": 4, ""min_samples_split"": 2, ""n_estimators"": 500}",2652.7333654398085,1200574078.0,2948942631,3717472745.0
scale_nested_et|strict6|Global + MI|1|7|All,extra_trees,449,AFP;Input;Enquiry,"{""bootstrap"": true, ""max_depth"": 20, ""max_features"": 0.5, ""min_samples_leaf"": 1, ""min_samples_split"": 5, ""n_estimators"": 500}",2593.5481227311457,2638525990.0,1663539712,1189846551.0
scale_nested_et|strict6|Quantile|1|7|Small,extra_trees,152,AFP;Input;Output;Enquiry;File;Interface,"{""bootstrap"": false, ""max_depth"": 20, ""max_features"": 1.0, ""min_samples_leaf"": 8, ""min_samples_split"": 5, ""n_estimators"": 500}",699.2502955751519,157509240.0,1614158618,269022489.0
scale_nested_et|strict6|Quantile|1|7|Medium,extra_trees,147,AFP;Input;Output;Enquiry;File;Interface,"{""bootstrap"": false, ""max_depth"": 20, ""max_features"": 0.5, ""min_samples_leaf"": 8, ""min_samples_split"": 2, ""n_estimators"": 500}",1616.840447685936,2971845097.0,3470427368,4194703239.0
scale_nested_et|strict6|Quantile|1|7|Large,extra_trees,150,AFP;Input;Output;Enquiry;File;Interface,"{""bootstrap"": true, ""max_depth"": 20, ""max_features"": 0.75, ""min_samples_leaf"": 1, ""min_samples_split"": 10, ""n_estimators"": 300}",5552.509784624445,976170554.0,2090397471,124925199.0
scale_nested_et|strict6|Quantile + MI|1|7|Small,extra_trees,152,AFP;Input;Enquiry,"{""bootstrap"": true, ""max_depth"": 20, ""max_features"": 0.75, ""min_samples_leaf"": 4, ""min_samples_split"": 10, ""n_estimators"": 300}",728.4024024865633,1986971768.0,1249020783,1518914998.0
scale_nested_et|strict6|Quantile + MI|1|7|Medium,extra_trees,147,AFP;Output;Interface,"{""bootstrap"": true, ""max_depth"": 10, ""max_features"": 0.75, ""min_samples_leaf"": 2, ""min_samples_split"": 5, ""n_estimators"": 300}",1567.4508894985022,513942205.0,780580661,2517957426.0
scale_nested_et|strict6|Quantile + MI|1|7|Large,extra_trees,150,Input;Enquiry;File,"{""bootstrap"": false, ""max_depth"": 20, ""max_features"": 0.5, ""min_samples_leaf"": 1, ""min_samples_split"": 10, ""n_estimators"": 500}",5768.76400785596,4209466091.0,1086437359,2120856756.0
benchmark|strict6|random_forest|1|7|All,random_forest,449,AFP;Input;Output;Enquiry;File;Interface,"{""bootstrap"": true, ""max_depth"": 20, ""max_features"": ""sqrt"", ""min_samples_leaf"": 1, ""min_samples_split"": 10, ""n_estimators"": 300}",2732.8709908874443,13689503.0,645096641,1175834711.0
benchmark|strict6|xgboost|1|7|All,xgboost,449,AFP;Input;Output;Enquiry;File;Interface,"{""colsample_bytree"": 0.9, ""learning_rate"": 0.1, ""max_depth"": 2, ""min_child_weight"": 3, ""n_estimators"": 200, ""reg_alpha"": 1.0, ""reg_lambda"": 10.0, ""subsample"": 1.0}",2606.6204215185294,1837592879.0,2012694530,1276493368.0
benchmark|strict6|lightgbm|1|7|All,lightgbm,449,AFP;Input;Output;Enquiry;File;Interface,"{""colsample_bytree"": 0.8, ""learning_rate"": 0.02, ""max_depth"": -1, ""min_child_samples"": 20, ""n_estimators"": 200, ""num_leaves"": 7, ""reg_lambda"": 5.0, ""subsample"": 1.0}",2687.4350495590897,1793583683.0,1133941781,3514438000.0
benchmark|strict6|stacking|1|7|All,stacking,449,AFP;Input;Output;Enquiry;File;Interface,"{""base_models"": [""tuned_random_forest"", ""tuned_extra_trees"", ""tuned_xgboost""], ""meta_learner"": ""LinearRegression"", ""stack_cv_seed"": 1070273415, ""stack_cv_splits"": 5}",,,1070273415,
scale_nested_et|strict6|Global|1|8|All,extra_trees,449,AFP;Input;Output;Enquiry;File;Interface,"{""bootstrap"": true, ""max_depth"": null, ""max_features"": 1.0, ""min_samples_leaf"": 4, ""min_samples_split"": 2, ""n_estimators"": 300}",2747.7355787359106,2584046315.0,149358420,2773213930.0
scale_nested_et|strict6|Global + MI|1|8|All,extra_trees,449,AFP;Input;Enquiry,"{""bootstrap"": true, ""max_depth"": 10, ""max_features"": 1.0, ""min_samples_leaf"": 2, ""min_samples_split"": 2, ""n_estimators"": 300}",2799.966030234565,2462472181.0,3461200217,18328571.0
scale_nested_et|strict6|Quantile|1|8|Small,extra_trees,152,AFP;Input;Output;Enquiry;File;Interface,"{""bootstrap"": false, ""max_depth"": 10, ""max_features"": 1.0, ""min_samples_leaf"": 8, ""min_samples_split"": 10, ""n_estimators"": 300}",821.3918098899649,766655402.0,623180427,2299298884.0
scale_nested_et|strict6|Quantile|1|8|Medium,extra_trees,147,AFP;Input;Output;Enquiry;File;Interface,"{""bootstrap"": false, ""max_depth"": 10, ""max_features"": 0.75, ""min_samples_leaf"": 8, ""min_samples_split"": 10, ""n_estimators"": 500}",1715.3581417291996,321254264.0,2808181863,3602001708.0
scale_nested_et|strict6|Quantile|1|8|Large,extra_trees,150,AFP;Input;Output;Enquiry;File;Interface,"{""bootstrap"": true, ""max_depth"": 20, ""max_features"": 0.75, ""min_samples_leaf"": 2, ""min_samples_split"": 5, ""n_estimators"": 300}",5904.825145834006,3667298699.0,936569541,3817247610.0
scale_nested_et|strict6|Quantile + MI|1|8|Small,extra_trees,152,AFP;Input;Enquiry,"{""bootstrap"": true, ""max_depth"": null, ""max_features"": 0.75, ""min_samples_leaf"": 4, ""min_samples_split"": 5, ""n_estimators"": 300}",801.9517810242369,1404897759.0,3395190443,1580873810.0
scale_nested_et|strict6|Quantile + MI|1|8|Medium,extra_trees,147,AFP;Output;File,"{""bootstrap"": false, ""max_depth"": 10, ""max_features"": 0.75, ""min_samples_leaf"": 4, ""min_samples_split"": 5, ""n_estimators"": 500}",1689.240865558266,3057462759.0,3110461470,3108990429.0
scale_nested_et|strict6|Quantile + MI|1|8|Large,extra_trees,150,AFP;Input;Enquiry,"{""bootstrap"": false, ""max_depth"": 10, ""max_features"": 0.75, ""min_samples_leaf"": 1, ""min_samples_split"": 5, ""n_estimators"": 300}",5676.083669458448,258128776.0,646412485,89717452.0
benchmark|strict6|random_forest|1|8|All,random_forest,449,AFP;Input;Output;Enquiry;File;Interface,"{""bootstrap"": true, ""max_depth"": 20, ""max_features"": ""sqrt"", ""min_samples_leaf"": 4, ""min_samples_split"": 2, ""n_estimators"": 500}",2763.366702891232,3923862807.0,4148623527,1268509182.0
benchmark|strict6|xgboost|1|8|All,xgboost,449,AFP;Input;Output;Enquiry;File;Interface,"{""colsample_bytree"": 0.9, ""learning_rate"": 0.02, ""max_depth"": 2, ""min_child_weight"": 5, ""n_estimators"": 400, ""reg_alpha"": 0.1, ""reg_lambda"": 5.0, ""subsample"": 0.9}",2772.23290878899,437247426.0,962229378,2927555660.0
benchmark|strict6|lightgbm|1|8|All,lightgbm,449,AFP;Input;Output;Enquiry;File;Interface,"{""colsample_bytree"": 0.8, ""learning_rate"": 0.05, ""max_depth"": 5, ""min_child_samples"": 20, ""n_estimators"": 200, ""num_leaves"": 15, ""reg_lambda"": 1.0, ""subsample"": 0.8}",2845.750767070576,4180169794.0,4214031561,3053508883.0
benchmark|strict6|stacking|1|8|All,stacking,449,AFP;Input;Output;Enquiry;File;Interface,"{""base_models"": [""tuned_random_forest"", ""tuned_extra_trees"", ""tuned_xgboost""], ""meta_learner"": ""LinearRegression"", ""stack_cv_seed"": 762037614, ""stack_cv_splits"": 5}",,,762037614,
scale_nested_et|strict6|Global|1|9|All,extra_trees,449,AFP;Input;Output;Enquiry;File;Interface,"{""bootstrap"": false, ""max_depth"": 10, ""max_features"": 1.0, ""min_samples_leaf"": 4, ""min_samples_split"": 5, ""n_estimators"": 500}",2630.4570623907744,2017224629.0,1418571149,1416411418.0
scale_nested_et|strict6|Global + MI|1|9|All,extra_trees,449,AFP;Input;Enquiry,"{""bootstrap"": true, ""max_depth"": null, ""max_features"": 0.5, ""min_samples_leaf"": 1, ""min_samples_split"": 10, ""n_estimators"": 300}",2537.411471622894,169242737.0,1212193825,2006779390.0
scale_nested_et|strict6|Quantile|1|9|Small,extra_trees,150,AFP;Input;Output;Enquiry;File;Interface,"{""bootstrap"": false, ""max_depth"": 20, ""max_features"": 1.0, ""min_samples_leaf"": 8, ""min_samples_split"": 10, ""n_estimators"": 500}",788.703589493393,2859518540.0,4202478255,2216737221.0
scale_nested_et|strict6|Quantile|1|9|Medium,extra_trees,149,AFP;Input;Output;Enquiry;File;Interface,"{""bootstrap"": true, ""max_depth"": null, ""max_features"": 0.75, ""min_samples_leaf"": 8, ""min_samples_split"": 10, ""n_estimators"": 500}",1601.521735759409,2501967491.0,396653186,2280950213.0
scale_nested_et|strict6|Quantile|1|9|Large,extra_trees,150,AFP;Input;Output;Enquiry;File;Interface,"{""bootstrap"": true, ""max_depth"": 20, ""max_features"": 0.75, ""min_samples_leaf"": 2, ""min_samples_split"": 10, ""n_estimators"": 300}",5622.624758818776,761763674.0,3002189559,2064214840.0
scale_nested_et|strict6|Quantile + MI|1|9|Small,extra_trees,150,AFP;Output;Enquiry,"{""bootstrap"": false, ""max_depth"": 20, ""max_features"": 1.0, ""min_samples_leaf"": 8, ""min_samples_split"": 10, ""n_estimators"": 300}",785.8648072409843,176998025.0,2968449245,3929972542.0
scale_nested_et|strict6|Quantile + MI|1|9|Medium,extra_trees,149,AFP;Output;Interface,"{""bootstrap"": true, ""max_depth"": 10, ""max_features"": 0.5, ""min_samples_leaf"": 1, ""min_samples_split"": 2, ""n_estimators"": 500}",1529.2765154049569,959891307.0,443230693,1285978750.0
scale_nested_et|strict6|Quantile + MI|1|9|Large,extra_trees,150,Input;Enquiry;File,"{""bootstrap"": false, ""max_depth"": 10, ""max_features"": 1.0, ""min_samples_leaf"": 2, ""min_samples_split"": 5, ""n_estimators"": 300}",5778.999127215655,918807335.0,3950086721,3011644577.0
benchmark|strict6|random_forest|1|9|All,random_forest,449,AFP;Input;Output;Enquiry;File;Interface,"{""bootstrap"": true, ""max_depth"": 10, ""max_features"": 0.75, ""min_samples_leaf"": 8, ""min_samples_split"": 2, ""n_estimators"": 500}",2627.7516602225833,3317401987.0,796225781,3624524186.0
benchmark|strict6|xgboost|1|9|All,xgboost,449,AFP;Input;Output;Enquiry;File;Interface,"{""colsample_bytree"": 1.0, ""learning_rate"": 0.02, ""max_depth"": 2, ""min_child_weight"": 3, ""n_estimators"": 200, ""reg_alpha"": 1.0, ""reg_lambda"": 5.0, ""subsample"": 0.7}",2661.911495129203,2794927345.0,2318987315,2626169044.0
benchmark|strict6|lightgbm|1|9|All,lightgbm,449,AFP;Input;Output;Enquiry;File;Interface,"{""colsample_bytree"": 0.8, ""learning_rate"": 0.02, ""max_depth"": -1, ""min_child_samples"": 10, ""n_estimators"": 200, ""num_leaves"": 31, ""reg_lambda"": 5.0, ""subsample"": 0.8}",2656.8432870285683,3360770466.0,3335213727,759650754.0
benchmark|strict6|stacking|1|9|All,stacking,449,AFP;Input;Output;Enquiry;File;Interface,"{""base_models"": [""tuned_random_forest"", ""tuned_extra_trees"", ""tuned_xgboost""], ""meta_learner"": ""LinearRegression"", ""stack_cv_seed"": 3714956176, ""stack_cv_splits"": 5}",,,3714956176,
scale_nested_et|strict6|Global|1|10|All,extra_trees,450,AFP;Input;Output;Enquiry;File;Interface,"{""bootstrap"": false, ""max_depth"": null, ""max_features"": 1.0, ""min_samples_leaf"": 4, ""min_samples_split"": 10, ""n_estimators"": 500}",2741.698533966548,1376269403.0,1520987689,3876803021.0
scale_nested_et|strict6|Global + MI|1|10|All,extra_trees,450,AFP;Input;Enquiry,"{""bootstrap"": false, ""max_depth"": null, ""max_features"": 0.75, ""min_samples_leaf"": 4, ""min_samples_split"": 2, ""n_estimators"": 300}",3018.8452153741378,1006470379.0,2381247746,767030239.0
scale_nested_et|strict6|Quantile|1|10|Small,extra_trees,150,AFP;Input;Output;Enquiry;File;Interface,"{""bootstrap"": true, ""max_depth"": 10, ""max_features"": 0.5, ""min_samples_leaf"": 4, ""min_samples_split"": 10, ""n_estimators"": 300}",823.392654230694,3676181146.0,2761795694,4131756483.0
scale_nested_et|strict6|Quantile|1|10|Medium,extra_trees,150,AFP;Input;Output;Enquiry;File;Interface,"{""bootstrap"": false, ""max_depth"": 20, ""max_features"": 0.5, ""min_samples_leaf"": 2, ""min_samples_split"": 2, ""n_estimators"": 300}",1639.4733915020588,2738156465.0,3374903763,2499831504.0
scale_nested_et|strict6|Quantile|1|10|Large,extra_trees,150,AFP;Input;Output;Enquiry;File;Interface,"{""bootstrap"": true, ""max_depth"": 20, ""max_features"": 0.75, ""min_samples_leaf"": 1, ""min_samples_split"": 10, ""n_estimators"": 300}",5927.16445971208,3836236753.0,901284534,984145275.0
scale_nested_et|strict6|Quantile + MI|1|10|Small,extra_trees,150,AFP;Input;Enquiry,"{""bootstrap"": false, ""max_depth"": 10, ""max_features"": 0.75, ""min_samples_leaf"": 4, ""min_samples_split"": 2, ""n_estimators"": 300}",818.9555460529465,1039666891.0,2683206653,2286413817.0
scale_nested_et|strict6|Quantile + MI|1|10|Medium,extra_trees,150,AFP;Input;Output,"{""bootstrap"": true, ""max_depth"": 10, ""max_features"": 0.75, ""min_samples_leaf"": 8, ""min_samples_split"": 5, ""n_estimators"": 500}",1626.0109836080637,1686494742.0,1577892736,2825889812.0
scale_nested_et|strict6|Quantile + MI|1|10|Large,extra_trees,150,AFP;Input;Enquiry,"{""bootstrap"": true, ""max_depth"": null, ""max_features"": 0.5, ""min_samples_leaf"": 1, ""min_samples_split"": 10, ""n_estimators"": 500}",5726.004541536589,696076665.0,1336614877,1494370004.0
benchmark|strict6|random_forest|1|10|All,random_forest,450,AFP;Input;Output;Enquiry;File;Interface,"{""bootstrap"": true, ""max_depth"": 10, ""max_features"": 0.5, ""min_samples_leaf"": 8, ""min_samples_split"": 10, ""n_estimators"": 500}",2717.328149364845,4031204401.0,3039476782,2284331677.0
benchmark|strict6|xgboost|1|10|All,xgboost,450,AFP;Input;Output;Enquiry;File;Interface,"{""colsample_bytree"": 0.9, ""learning_rate"": 0.02, ""max_depth"": 3, ""min_child_weight"": 1, ""n_estimators"": 400, ""reg_alpha"": 0.0, ""reg_lambda"": 10.0, ""subsample"": 0.7}",2840.971450330946,4090408425.0,1691298170,2257326847.0
benchmark|strict6|lightgbm|1|10|All,lightgbm,450,AFP;Input;Output;Enquiry;File;Interface,"{""colsample_bytree"": 1.0, ""learning_rate"": 0.02, ""max_depth"": -1, ""min_child_samples"": 10, ""n_estimators"": 400, ""num_leaves"": 7, ""reg_lambda"": 5.0, ""subsample"": 1.0}",2848.529935869083,4240323898.0,4268511124,1069414879.0
benchmark|strict6|stacking|1|10|All,stacking,450,AFP;Input;Output;Enquiry;File;Interface,"{""base_models"": [""tuned_random_forest"", ""tuned_extra_trees"", ""tuned_xgboost""], ""meta_learner"": ""LinearRegression"", ""stack_cv_seed"": 1014751331, ""stack_cv_splits"": 5}",,,1014751331,
scale_nested_et|strict6|Global|2|1|All,extra_trees,449,AFP;Input;Output;Enquiry;File;Interface,"{""bootstrap"": true, ""max_depth"": 20, ""max_features"": 0.75, ""min_samples_leaf"": 2, ""min_samples_split"": 5, ""n_estimators"": 500}",2732.2246852197327,1909258609.0,2391459107,3377576132.0
scale_nested_et|strict6|Global + MI|2|1|All,extra_trees,449,AFP;Input;Enquiry,"{""bootstrap"": true, ""max_depth"": 10, ""max_features"": 0.5, ""min_samples_leaf"": 1, ""min_samples_split"": 5, ""n_estimators"": 500}",2553.655160491441,1863211157.0,4161294194,1158052131.0
scale_nested_et|strict6|Quantile|2|1|Small,extra_trees,152,AFP;Input;Output;Enquiry;File;Interface,"{""bootstrap"": false, ""max_depth"": 10, ""max_features"": 0.75, ""min_samples_leaf"": 8, ""min_samples_split"": 10, ""n_estimators"": 300}",760.6847254064137,2115415557.0,2976341521,2811734973.0
scale_nested_et|strict6|Quantile|2|1|Medium,extra_trees,147,AFP;Input;Output;Enquiry;File;Interface,"{""bootstrap"": true, ""max_depth"": null, ""max_features"": 1.0, ""min_samples_leaf"": 8, ""min_samples_split"": 2, ""n_estimators"": 500}",1752.0621161139952,2903696880.0,3929337462,2687591019.0
scale_nested_et|strict6|Quantile|2|1|Large,extra_trees,150,AFP;Input;Output;Enquiry;File;Interface,"{""bootstrap"": true, ""max_depth"": null, ""max_features"": 1.0, ""min_samples_leaf"": 4, ""min_samples_split"": 5, ""n_estimators"": 300}",5503.068412934791,2243498802.0,1840557640,900440409.0
scale_nested_et|strict6|Quantile + MI|2|1|Small,extra_trees,152,AFP;Enquiry;Interface,"{""bootstrap"": false, ""max_depth"": 20, ""max_features"": 1.0, ""min_samples_leaf"": 8, ""min_samples_split"": 10, ""n_estimators"": 300}",769.5541791290688,4294078763.0,3638058218,301571760.0
scale_nested_et|strict6|Quantile + MI|2|1|Medium,extra_trees,147,AFP;Output;Interface,"{""bootstrap"": true, ""max_depth"": null, ""max_features"": 0.75, ""min_samples_leaf"": 2, ""min_samples_split"": 2, ""n_estimators"": 300}",1724.3855892800793,2529217759.0,697328623,1743765888.0
scale_nested_et|strict6|Quantile + MI|2|1|Large,extra_trees,150,AFP;Input;Enquiry,"{""bootstrap"": true, ""max_depth"": null, ""max_features"": 0.75, ""min_samples_leaf"": 1, ""min_samples_split"": 10, ""n_estimators"": 500}",5437.361753281159,312205525.0,2538819185,1512307490.0
benchmark|strict6|random_forest|2|1|All,random_forest,449,AFP;Input;Output;Enquiry;File;Interface,"{""bootstrap"": true, ""max_depth"": 10, ""max_features"": ""sqrt"", ""min_samples_leaf"": 2, ""min_samples_split"": 10, ""n_estimators"": 300}",2691.5481801521423,560151042.0,3554893274,1505787721.0
benchmark|strict6|xgboost|2|1|All,xgboost,449,AFP;Input;Output;Enquiry;File;Interface,"{""colsample_bytree"": 0.7, ""learning_rate"": 0.02, ""max_depth"": 5, ""min_child_weight"": 3, ""n_estimators"": 200, ""reg_alpha"": 0.1, ""reg_lambda"": 5.0, ""subsample"": 0.7}",2666.360421057921,638246726.0,1488922914,1392971944.0
benchmark|strict6|lightgbm|2|1|All,lightgbm,449,AFP;Input;Output;Enquiry;File;Interface,"{""colsample_bytree"": 0.8, ""learning_rate"": 0.02, ""max_depth"": 5, ""min_child_samples"": 40, ""n_estimators"": 200, ""num_leaves"": 15, ""reg_lambda"": 5.0, ""subsample"": 0.8}",2845.8282928323842,3780834079.0,2305941402,1471054484.0
benchmark|strict6|stacking|2|1|All,stacking,449,AFP;Input;Output;Enquiry;File;Interface,"{""base_models"": [""tuned_random_forest"", ""tuned_extra_trees"", ""tuned_xgboost""], ""meta_learner"": ""LinearRegression"", ""stack_cv_seed"": 3136042864, ""stack_cv_splits"": 5}",,,3136042864,
scale_nested_et|strict6|Global|2|2|All,extra_trees,449,AFP;Input;Output;Enquiry;File;Interface,"{""bootstrap"": true, ""max_depth"": 20, ""max_features"": 0.5, ""min_samples_leaf"": 1, ""min_samples_split"": 5, ""n_estimators"": 300}",2583.5489824074234,4118462409.0,2417862242,989908311.0
scale_nested_et|strict6|Global + MI|2|2|All,extra_trees,449,AFP;Input;Enquiry,"{""bootstrap"": true, ""max_depth"": 10, ""max_features"": 0.75, ""min_samples_leaf"": 1, ""min_samples_split"": 5, ""n_estimators"": 500}",2563.6719291366567,2652506440.0,903858157,2660695344.0
scale_nested_et|strict6|Quantile|2|2|Small,extra_trees,150,AFP;Input;Output;Enquiry;File;Interface,"{""bootstrap"": true, ""max_depth"": 10, ""max_features"": 0.75, ""min_samples_leaf"": 4, ""min_samples_split"": 10, ""n_estimators"": 300}",776.6991116230538,2946786541.0,1257294502,3627647405.0
scale_nested_et|strict6|Quantile|2|2|Medium,extra_trees,149,AFP;Input;Output;Enquiry;File;Interface,"{""bootstrap"": false, ""max_depth"": null, ""max_features"": 1.0, ""min_samples_leaf"": 8, ""min_samples_split"": 5, ""n_estimators"": 300}",1515.7262702875998,2407658000.0,2902633678,61533600.0
scale_nested_et|strict6|Quantile|2|2|Large,extra_trees,150,AFP;Input;Output;Enquiry;File;Interface,"{""bootstrap"": true, ""max_depth"": 10, ""max_features"": 0.75, ""min_samples_leaf"": 2, ""min_samples_split"": 2, ""n_estimators"": 300}",5784.942781353587,2996043400.0,163416854,1870397330.0
scale_nested_et|strict6|Quantile + MI|2|2|Small,extra_trees,150,AFP;Enquiry;Interface,"{""bootstrap"": true, ""max_depth"": 20, ""max_features"": 1.0, ""min_samples_leaf"": 4, ""min_samples_split"": 10, ""n_estimators"": 300}",793.5025419662807,1619239433.0,2483096007,4020005817.0
scale_nested_et|strict6|Quantile + MI|2|2|Medium,extra_trees,149,AFP;Output;File,"{""bootstrap"": false, ""max_depth"": 10, ""max_features"": 0.5, ""min_samples_leaf"": 4, ""min_samples_split"": 5, ""n_estimators"": 500}",1539.0113131639403,2951284304.0,312466168,3582173171.0
scale_nested_et|strict6|Quantile + MI|2|2|Large,extra_trees,150,AFP;Input;Enquiry,"{""bootstrap"": true, ""max_depth"": 20, ""max_features"": 0.5, ""min_samples_leaf"": 1, ""min_samples_split"": 5, ""n_estimators"": 500}",5700.301287273948,266147634.0,2878113340,116511947.0
benchmark|strict6|random_forest|2|2|All,random_forest,449,AFP;Input;Output;Enquiry;File;Interface,"{""bootstrap"": true, ""max_depth"": null, ""max_features"": 0.5, ""min_samples_leaf"": 8, ""min_samples_split"": 2, ""n_estimators"": 500}",2647.034939195693,3610153938.0,2118945956,4220169317.0
benchmark|strict6|xgboost|2|2|All,xgboost,449,AFP;Input;Output;Enquiry;File;Interface,"{""colsample_bytree"": 1.0, ""learning_rate"": 0.02, ""max_depth"": 2, ""min_child_weight"": 1, ""n_estimators"": 200, ""reg_alpha"": 1.0, ""reg_lambda"": 5.0, ""subsample"": 0.7}",2714.7825663458066,1602742805.0,2288764502,2769656677.0
benchmark|strict6|lightgbm|2|2|All,lightgbm,449,AFP;Input;Output;Enquiry;File;Interface,"{""colsample_bytree"": 0.8, ""learning_rate"": 0.02, ""max_depth"": 5, ""min_child_samples"": 20, ""n_estimators"": 200, ""num_leaves"": 15, ""reg_lambda"": 5.0, ""subsample"": 0.8}",2708.4942004768377,3632993059.0,149011784,2809789194.0
benchmark|strict6|stacking|2|2|All,stacking,449,AFP;Input;Output;Enquiry;File;Interface,"{""base_models"": [""tuned_random_forest"", ""tuned_extra_trees"", ""tuned_xgboost""], ""meta_learner"": ""LinearRegression"", ""stack_cv_seed"": 1712548816, ""stack_cv_splits"": 5}",,,1712548816,
scale_nested_et|strict6|Global|2|3|All,extra_trees,449,AFP;Input;Output;Enquiry;File;Interface,"{""bootstrap"": false, ""max_depth"": 10, ""max_features"": 0.75, ""min_samples_leaf"": 1, ""min_samples_split"": 10, ""n_estimators"": 300}",2421.4351921513294,1547936548.0,2722978862,3413094674.0
scale_nested_et|strict6|Global + MI|2|3|All,extra_trees,449,AFP;Input;Enquiry,"{""bootstrap"": true, ""max_depth"": 20, ""max_features"": 0.5, ""min_samples_leaf"": 1, ""min_samples_split"": 5, ""n_estimators"": 300}",2429.5684198882377,1548236700.0,3856995297,1341596910.0
scale_nested_et|strict6|Quantile|2|3|Small,extra_trees,150,AFP;Input;Output;Enquiry;File;Interface,"{""bootstrap"": true, ""max_depth"": null, ""max_features"": 0.5, ""min_samples_leaf"": 4, ""min_samples_split"": 5, ""n_estimators"": 300}",813.7527335036256,952548242.0,1464199345,869829726.0
scale_nested_et|strict6|Quantile|2|3|Medium,extra_trees,149,AFP;Input;Output;Enquiry;File;Interface,"{""bootstrap"": true, ""max_depth"": 10, ""max_features"": 0.5, ""min_samples_leaf"": 2, ""min_samples_split"": 10, ""n_estimators"": 500}",1554.6898576794767,3747880160.0,3895382572,3258438970.0
scale_nested_et|strict6|Quantile|2|3|Large,extra_trees,150,AFP;Input;Output;Enquiry;File;Interface,"{""bootstrap"": true, ""max_depth"": null, ""max_features"": 0.75, ""min_samples_leaf"": 4, ""min_samples_split"": 5, ""n_estimators"": 300}",5009.855907114561,3814462465.0,3275923650,2192725470.0
scale_nested_et|strict6|Quantile + MI|2|3|Small,extra_trees,150,Input;Output;Enquiry,"{""bootstrap"": true, ""max_depth"": null, ""max_features"": 0.75, ""min_samples_leaf"": 2, ""min_samples_split"": 5, ""n_estimators"": 500}",795.2419115192021,262200460.0,2809530960,3081672996.0
scale_nested_et|strict6|Quantile + MI|2|3|Medium,extra_trees,149,AFP;Output;File,"{""bootstrap"": true, ""max_depth"": 20, ""max_features"": 0.75, ""min_samples_leaf"": 1, ""min_samples_split"": 5, ""n_estimators"": 300}",1489.5252948370198,1543412614.0,2827277906,3958849385.0
scale_nested_et|strict6|Quantile + MI|2|3|Large,extra_trees,150,AFP;Input;Enquiry,"{""bootstrap"": true, ""max_depth"": 10, ""max_features"": 1.0, ""min_samples_leaf"": 2, ""min_samples_split"": 5, ""n_estimators"": 500}",4954.376529785474,1661976310.0,3116089085,1453884907.0
benchmark|strict6|random_forest|2|3|All,random_forest,449,AFP;Input;Output;Enquiry;File;Interface,"{""bootstrap"": true, ""max_depth"": null, ""max_features"": 0.75, ""min_samples_leaf"": 4, ""min_samples_split"": 5, ""n_estimators"": 500}",2398.8342949895946,2129382905.0,1064653177,2698951785.0
benchmark|strict6|xgboost|2|3|All,xgboost,449,AFP;Input;Output;Enquiry;File;Interface,"{""colsample_bytree"": 0.9, ""learning_rate"": 0.02, ""max_depth"": 3, ""min_child_weight"": 5, ""n_estimators"": 400, ""reg_alpha"": 0.1, ""reg_lambda"": 1.0, ""subsample"": 0.7}",2670.6533097886004,392556490.0,3555772181,1900250744.0
benchmark|strict6|lightgbm|2|3|All,lightgbm,449,AFP;Input;Output;Enquiry;File;Interface,"{""colsample_bytree"": 0.8, ""learning_rate"": 0.02, ""max_depth"": 10, ""min_child_samples"": 10, ""n_estimators"": 200, ""num_leaves"": 7, ""reg_lambda"": 0.0, ""subsample"": 0.8}",2604.913017050798,1569513160.0,2735361087,951498183.0
benchmark|strict6|stacking|2|3|All,stacking,449,AFP;Input;Output;Enquiry;File;Interface,"{""base_models"": [""tuned_random_forest"", ""tuned_extra_trees"", ""tuned_xgboost""], ""meta_learner"": ""LinearRegression"", ""stack_cv_seed"": 3511756136, ""stack_cv_splits"": 5}",,,3511756136,
scale_nested_et|strict6|Global|2|4|All,extra_trees,449,AFP;Input;Output;Enquiry;File;Interface,"{""bootstrap"": true, ""max_depth"": null, ""max_features"": 1.0, ""min_samples_leaf"": 4, ""min_samples_split"": 10, ""n_estimators"": 300}",2690.4050574757707,2006740482.0,2550063544,814547587.0
scale_nested_et|strict6|Global + MI|2|4|All,extra_trees,449,AFP;Input;Enquiry,"{""bootstrap"": true, ""max_depth"": 20, ""max_features"": 1.0, ""min_samples_leaf"": 4, ""min_samples_split"": 2, ""n_estimators"": 500}",2753.043687514488,1686178424.0,3387290504,4236208714.0
scale_nested_et|strict6|Quantile|2|4|Small,extra_trees,150,AFP;Input;Output;Enquiry;File;Interface,"{""bootstrap"": false, ""max_depth"": 20, ""max_features"": 0.75, ""min_samples_leaf"": 4, ""min_samples_split"": 10, ""n_estimators"": 500}",791.6507595683502,2153564118.0,3288455228,1012570602.0
scale_nested_et|strict6|Quantile|2|4|Medium,extra_trees,149,AFP;Input;Output;Enquiry;File;Interface,"{""bootstrap"": true, ""max_depth"": 10, ""max_features"": 1.0, ""min_samples_leaf"": 2, ""min_samples_split"": 10, ""n_estimators"": 500}",1537.8520990023924,4191023965.0,2444444085,906632288.0
scale_nested_et|strict6|Quantile|2|4|Large,extra_trees,150,AFP;Input;Output;Enquiry;File;Interface,"{""bootstrap"": false, ""max_depth"": 10, ""max_features"": 0.75, ""min_samples_leaf"": 4, ""min_samples_split"": 10, ""n_estimators"": 500}",5979.50035096048,3865629703.0,1044503072,1460680538.0
scale_nested_et|strict6|Quantile + MI|2|4|Small,extra_trees,150,AFP;Input;Enquiry,"{""bootstrap"": true, ""max_depth"": null, ""max_features"": 0.75, ""min_samples_leaf"": 4, ""min_samples_split"": 5, ""n_estimators"": 300}",801.1694449688521,3804441464.0,2534569547,3191246466.0
scale_nested_et|strict6|Quantile + MI|2|4|Medium,extra_trees,149,AFP;Input;Output,"{""bootstrap"": true, ""max_depth"": 10, ""max_features"": 1.0, ""min_samples_leaf"": 4, ""min_samples_split"": 5, ""n_estimators"": 300}",1527.460139311553,3654371507.0,159702721,1016019443.0
scale_nested_et|strict6|Quantile + MI|2|4|Large,extra_trees,150,AFP;Input;Enquiry,"{""bootstrap"": false, ""max_depth"": 20, ""max_features"": 1.0, ""min_samples_leaf"": 2, ""min_samples_split"": 5, ""n_estimators"": 300}",5808.215475314839,902470498.0,700401073,2205442257.0
benchmark|strict6|random_forest|2|4|All,random_forest,449,AFP;Input;Output;Enquiry;File;Interface,"{""bootstrap"": true, ""max_depth"": 10, ""max_features"": ""sqrt"", ""min_samples_leaf"": 8, ""min_samples_split"": 2, ""n_estimators"": 500}",2650.843472875747,1078824607.0,4202956110,497199907.0
benchmark|strict6|xgboost|2|4|All,xgboost,449,AFP;Input;Output;Enquiry;File;Interface,"{""colsample_bytree"": 0.7, ""learning_rate"": 0.02, ""max_depth"": 3, ""min_child_weight"": 1, ""n_estimators"": 200, ""reg_alpha"": 0.0, ""reg_lambda"": 10.0, ""subsample"": 1.0}",2856.57057994595,1337479201.0,3994492989,1363277912.0
benchmark|strict6|lightgbm|2|4|All,lightgbm,449,AFP;Input;Output;Enquiry;File;Interface,"{""colsample_bytree"": 1.0, ""learning_rate"": 0.05, ""max_depth"": 5, ""min_child_samples"": 10, ""n_estimators"": 200, ""num_leaves"": 31, ""reg_lambda"": 5.0, ""subsample"": 0.8}",2914.0660759363213,1142555334.0,2384845308,1013822156.0
benchmark|strict6|stacking|2|4|All,stacking,449,AFP;Input;Output;Enquiry;File;Interface,"{""base_models"": [""tuned_random_forest"", ""tuned_extra_trees"", ""tuned_xgboost""], ""meta_learner"": ""LinearRegression"", ""stack_cv_seed"": 170166154, ""stack_cv_splits"": 5}",,,170166154,
scale_nested_et|strict6|Global|2|5|All,extra_trees,449,AFP;Input;Output;Enquiry;File;Interface,"{""bootstrap"": true, ""max_depth"": 20, ""max_features"": 1.0, ""min_samples_leaf"": 2, ""min_samples_split"": 10, ""n_estimators"": 500}",2724.180870515859,792443656.0,329632871,330334930.0
scale_nested_et|strict6|Global + MI|2|5|All,extra_trees,449,AFP;Enquiry;File,"{""bootstrap"": false, ""max_depth"": 10, ""max_features"": 0.75, ""min_samples_leaf"": 1, ""min_samples_split"": 5, ""n_estimators"": 300}",2834.9205485739244,912462878.0,4250943943,1402324558.0
scale_nested_et|strict6|Quantile|2|5|Small,extra_trees,152,AFP;Input;Output;Enquiry;File;Interface,"{""bootstrap"": true, ""max_depth"": null, ""max_features"": 0.75, ""min_samples_leaf"": 4, ""min_samples_split"": 2, ""n_estimators"": 500}",783.5774222394666,2926848315.0,2479122753,1249892102.0
scale_nested_et|strict6|Quantile|2|5|Medium,extra_trees,147,AFP;Input;Output;Enquiry;File;Interface,"{""bootstrap"": false, ""max_depth"": 20, ""max_features"": 1.0, ""min_samples_leaf"": 8, ""min_samples_split"": 10, ""n_estimators"": 500}",1604.6322143718698,1682677871.0,3210059109,298037418.0
scale_nested_et|strict6|Quantile|2|5|Large,extra_trees,150,AFP;Input;Output;Enquiry;File;Interface,"{""bootstrap"": true, ""max_depth"": 10, ""max_features"": 1.0, ""min_samples_leaf"": 2, ""min_samples_split"": 10, ""n_estimators"": 500}",5842.619574234959,1387527975.0,1981530366,118055571.0
scale_nested_et|strict6|Quantile + MI|2|5|Small,extra_trees,152,AFP;Input;Enquiry,"{""bootstrap"": false, ""max_depth"": 10, ""max_features"": 1.0, ""min_samples_leaf"": 8, ""min_samples_split"": 2, ""n_estimators"": 300}",760.0783062333481,3123495558.0,2750995488,1517770940.0
scale_nested_et|strict6|Quantile + MI|2|5|Medium,extra_trees,147,AFP;Output;File,"{""bootstrap"": true, ""max_depth"": 20, ""max_features"": 0.75, ""min_samples_leaf"": 4, ""min_samples_split"": 5, ""n_estimators"": 500}",1664.9431873042315,3990690089.0,3533322889,2833186611.0
scale_nested_et|strict6|Quantile + MI|2|5|Large,extra_trees,150,AFP;Input;Enquiry,"{""bootstrap"": false, ""max_depth"": null, ""max_features"": 0.75, ""min_samples_leaf"": 1, ""min_samples_split"": 10, ""n_estimators"": 300}",5561.54587872134,905800875.0,3369098379,3560035945.0
benchmark|strict6|random_forest|2|5|All,random_forest,449,AFP;Input;Output;Enquiry;File;Interface,"{""bootstrap"": true, ""max_depth"": null, ""max_features"": ""sqrt"", ""min_samples_leaf"": 4, ""min_samples_split"": 5, ""n_estimators"": 300}",2747.7704602023173,3037839688.0,419954296,741168410.0
benchmark|strict6|xgboost|2|5|All,xgboost,449,AFP;Input;Output;Enquiry;File;Interface,"{""colsample_bytree"": 1.0, ""learning_rate"": 0.02, ""max_depth"": 2, ""min_child_weight"": 3, ""n_estimators"": 200, ""reg_alpha"": 0.1, ""reg_lambda"": 1.0, ""subsample"": 0.7}",2850.6740744466874,3399601269.0,4110365750,2654908675.0
benchmark|strict6|lightgbm|2|5|All,lightgbm,449,AFP;Input;Output;Enquiry;File;Interface,"{""colsample_bytree"": 1.0, ""learning_rate"": 0.05, ""max_depth"": 10, ""min_child_samples"": 20, ""n_estimators"": 200, ""num_leaves"": 7, ""reg_lambda"": 1.0, ""subsample"": 1.0}",3014.0276822444484,348097060.0,3817042822,2164476692.0
benchmark|strict6|stacking|2|5|All,stacking,449,AFP;Input;Output;Enquiry;File;Interface,"{""base_models"": [""tuned_random_forest"", ""tuned_extra_trees"", ""tuned_xgboost""], ""meta_learner"": ""LinearRegression"", ""stack_cv_seed"": 2682167634, ""stack_cv_splits"": 5}",,,2682167634,
scale_nested_et|strict6|Global|2|6|All,extra_trees,449,AFP;Input;Output;Enquiry;File;Interface,"{""bootstrap"": true, ""max_depth"": 20, ""max_features"": 1.0, ""min_samples_leaf"": 1, ""min_samples_split"": 10, ""n_estimators"": 300}",2754.8634164133105,1708871718.0,1127515692,681366640.0
scale_nested_et|strict6|Global + MI|2|6|All,extra_trees,449,AFP;Input;Enquiry,"{""bootstrap"": false, ""max_depth"": 10, ""max_features"": 0.5, ""min_samples_leaf"": 1, ""min_samples_split"": 2, ""n_estimators"": 500}",2700.7708249043408,798204409.0,1303146689,4212296663.0
scale_nested_et|strict6|Quantile|2|6|Small,extra_trees,152,AFP;Input;Output;Enquiry;File;Interface,"{""bootstrap"": true, ""max_depth"": 10, ""max_features"": 1.0, ""min_samples_leaf"": 8, ""min_samples_split"": 10, ""n_estimators"": 500}",812.2769937929326,967034256.0,3566070939,2835129486.0
scale_nested_et|strict6|Quantile|2|6|Medium,extra_trees,147,AFP;Input;Output;Enquiry;File;Interface,"{""bootstrap"": false, ""max_depth"": null, ""max_features"": 0.5, ""min_samples_leaf"": 4, ""min_samples_split"": 5, ""n_estimators"": 300}",1714.3785704509048,2743388794.0,1986533473,4076048332.0
scale_nested_et|strict6|Quantile|2|6|Large,extra_trees,150,AFP;Input;Output;Enquiry;File;Interface,"{""bootstrap"": true, ""max_depth"": 20, ""max_features"": 0.5, ""min_samples_leaf"": 2, ""min_samples_split"": 5, ""n_estimators"": 300}",5618.8236799914885,2716920165.0,2595403886,2449214521.0
scale_nested_et|strict6|Quantile + MI|2|6|Small,extra_trees,152,AFP;Input;Enquiry,"{""bootstrap"": true, ""max_depth"": null, ""max_features"": 0.5, ""min_samples_leaf"": 1, ""min_samples_split"": 10, ""n_estimators"": 300}",798.1029422538853,2188867905.0,633266496,848897658.0
scale_nested_et|strict6|Quantile + MI|2|6|Medium,extra_trees,147,AFP;Output;Interface,"{""bootstrap"": false, ""max_depth"": 10, ""max_features"": 0.5, ""min_samples_leaf"": 1, ""min_samples_split"": 10, ""n_estimators"": 300}",1683.0026176544086,3056930589.0,4188448584,330971577.0
scale_nested_et|strict6|Quantile + MI|2|6|Large,extra_trees,150,AFP;Input;Enquiry,"{""bootstrap"": true, ""max_depth"": 10, ""max_features"": 0.5, ""min_samples_leaf"": 1, ""min_samples_split"": 2, ""n_estimators"": 500}",5640.239649847445,3575521234.0,3577894004,3650330776.0
benchmark|strict6|random_forest|2|6|All,random_forest,449,AFP;Input;Output;Enquiry;File;Interface,"{""bootstrap"": true, ""max_depth"": 20, ""max_features"": ""sqrt"", ""min_samples_leaf"": 2, ""min_samples_split"": 10, ""n_estimators"": 300}",2795.4469538936464,3581521405.0,2241850827,1274979078.0
benchmark|strict6|xgboost|2|6|All,xgboost,449,AFP;Input;Output;Enquiry;File;Interface,"{""colsample_bytree"": 1.0, ""learning_rate"": 0.02, ""max_depth"": 5, ""min_child_weight"": 1, ""n_estimators"": 200, ""reg_alpha"": 1.0, ""reg_lambda"": 10.0, ""subsample"": 0.9}",2861.790067899677,1631162074.0,3341848339,1670340572.0
benchmark|strict6|lightgbm|2|6|All,lightgbm,449,AFP;Input;Output;Enquiry;File;Interface,"{""colsample_bytree"": 0.8, ""learning_rate"": 0.02, ""max_depth"": 5, ""min_child_samples"": 10, ""n_estimators"": 200, ""num_leaves"": 31, ""reg_lambda"": 0.0, ""subsample"": 0.8}",2755.4654803824756,2303773915.0,2512122316,737822991.0
benchmark|strict6|stacking|2|6|All,stacking,449,AFP;Input;Output;Enquiry;File;Interface,"{""base_models"": [""tuned_random_forest"", ""tuned_extra_trees"", ""tuned_xgboost""], ""meta_learner"": ""LinearRegression"", ""stack_cv_seed"": 3824540098, ""stack_cv_splits"": 5}",,,3824540098,
scale_nested_et|strict6|Global|2|7|All,extra_trees,449,AFP;Input;Output;Enquiry;File;Interface,"{""bootstrap"": false, ""max_depth"": 20, ""max_features"": 1.0, ""min_samples_leaf"": 4, ""min_samples_split"": 2, ""n_estimators"": 500}",2757.357272500085,2348506806.0,1498079596,1346155096.0
scale_nested_et|strict6|Global + MI|2|7|All,extra_trees,449,AFP;Input;Enquiry,"{""bootstrap"": false, ""max_depth"": 10, ""max_features"": 0.5, ""min_samples_leaf"": 1, ""min_samples_split"": 10, ""n_estimators"": 300}",2635.480203192334,114564543.0,3224823570,2983597834.0
scale_nested_et|strict6|Quantile|2|7|Small,extra_trees,150,AFP;Input;Output;Enquiry;File;Interface,"{""bootstrap"": true, ""max_depth"": 20, ""max_features"": 0.75, ""min_samples_leaf"": 8, ""min_samples_split"": 10, ""n_estimators"": 300}",806.3965974327366,3975750493.0,3766863566,2243028544.0
scale_nested_et|strict6|Quantile|2|7|Medium,extra_trees,149,AFP;Input;Output;Enquiry;File;Interface,"{""bootstrap"": false, ""max_depth"": null, ""max_features"": 1.0, ""min_samples_leaf"": 8, ""min_samples_split"": 10, ""n_estimators"": 500}",1734.1166582805963,2120456567.0,1054105621,1174110432.0
scale_nested_et|strict6|Quantile|2|7|Large,extra_trees,150,AFP;Input;Output;Enquiry;File;Interface,"{""bootstrap"": true, ""max_depth"": 20, ""max_features"": 0.75, ""min_samples_leaf"": 2, ""min_samples_split"": 2, ""n_estimators"": 500}",5730.079845065306,2274800445.0,1447446536,234048806.0
scale_nested_et|strict6|Quantile + MI|2|7|Small,extra_trees,150,AFP;Enquiry;Interface,"{""bootstrap"": true, ""max_depth"": 20, ""max_features"": 0.75, ""min_samples_leaf"": 2, ""min_samples_split"": 5, ""n_estimators"": 500}",795.51039437708,2017046943.0,3800507657,208850674.0
scale_nested_et|strict6|Quantile + MI|2|7|Medium,extra_trees,149,AFP;Output;Interface,"{""bootstrap"": false, ""max_depth"": 10, ""max_features"": 0.5, ""min_samples_leaf"": 1, ""min_samples_split"": 5, ""n_estimators"": 300}",1639.288542031988,345398599.0,821836167,2124067220.0
scale_nested_et|strict6|Quantile + MI|2|7|Large,extra_trees,150,AFP;Input;Enquiry,"{""bootstrap"": false, ""max_depth"": null, ""max_features"": 0.75, ""min_samples_leaf"": 2, ""min_samples_split"": 5, ""n_estimators"": 300}",6050.104451301438,3003540048.0,620252973,1842841647.0
benchmark|strict6|random_forest|2|7|All,random_forest,449,AFP;Input;Output;Enquiry;File;Interface,"{""bootstrap"": true, ""max_depth"": 10, ""max_features"": 0.5, ""min_samples_leaf"": 4, ""min_samples_split"": 5, ""n_estimators"": 500}",2732.771721254156,220920999.0,2575087555,1910786199.0
benchmark|strict6|xgboost|2|7|All,xgboost,449,AFP;Input;Output;Enquiry;File;Interface,"{""colsample_bytree"": 0.9, ""learning_rate"": 0.02, ""max_depth"": 2, ""min_child_weight"": 3, ""n_estimators"": 400, ""reg_alpha"": 1.0, ""reg_lambda"": 10.0, ""subsample"": 0.9}",2900.55314102116,480695633.0,3592214649,205552483.0
benchmark|strict6|lightgbm|2|7|All,lightgbm,449,AFP;Input;Output;Enquiry;File;Interface,"{""colsample_bytree"": 0.8, ""learning_rate"": 0.02, ""max_depth"": 10, ""min_child_samples"": 40, ""n_estimators"": 200, ""num_leaves"": 7, ""reg_lambda"": 0.0, ""subsample"": 0.8}",2965.1010428074146,3223169242.0,2957745168,4010589966.0
benchmark|strict6|stacking|2|7|All,stacking,449,AFP;Input;Output;Enquiry;File;Interface,"{""base_models"": [""tuned_random_forest"", ""tuned_extra_trees"", ""tuned_xgboost""], ""meta_learner"": ""LinearRegression"", ""stack_cv_seed"": 1905251178, ""stack_cv_splits"": 5}",,,1905251178,
scale_nested_et|strict6|Global|2|8|All,extra_trees,449,AFP;Input;Output;Enquiry;File;Interface,"{""bootstrap"": true, ""max_depth"": null, ""max_features"": 0.75, ""min_samples_leaf"": 2, ""min_samples_split"": 2, ""n_estimators"": 500}",2670.1652979734895,2128884992.0,675677020,2288409982.0
scale_nested_et|strict6|Global + MI|2|8|All,extra_trees,449,AFP;Input;Enquiry,"{""bootstrap"": false, ""max_depth"": 10, ""max_features"": 1.0, ""min_samples_leaf"": 2, ""min_samples_split"": 5, ""n_estimators"": 500}",2733.129542857852,2183353750.0,3312927768,3619754735.0
scale_nested_et|strict6|Quantile|2|8|Small,extra_trees,150,AFP;Input;Output;Enquiry;File;Interface,"{""bootstrap"": false, ""max_depth"": 20, ""max_features"": 0.75, ""min_samples_leaf"": 2, ""min_samples_split"": 10, ""n_estimators"": 300}",729.9570275605965,374136410.0,1530531483,3972627239.0
scale_nested_et|strict6|Quantile|2|8|Medium,extra_trees,149,AFP;Input;Output;Enquiry;File;Interface,"{""bootstrap"": true, ""max_depth"": null, ""max_features"": 1.0, ""min_samples_leaf"": 8, ""min_samples_split"": 5, ""n_estimators"": 300}",1695.686131709004,130261624.0,924892312,1112234120.0
scale_nested_et|strict6|Quantile|2|8|Large,extra_trees,150,AFP;Input;Output;Enquiry;File;Interface,"{""bootstrap"": true, ""max_depth"": 10, ""max_features"": 0.75, ""min_samples_leaf"": 4, ""min_samples_split"": 10, ""n_estimators"": 500}",5614.403096740345,1741135806.0,1358889524,810851130.0
scale_nested_et|strict6|Quantile + MI|2|8|Small,extra_trees,150,Input;Output;Enquiry,"{""bootstrap"": true, ""max_depth"": 20, ""max_features"": 1.0, ""min_samples_leaf"": 4, ""min_samples_split"": 5, ""n_estimators"": 300}",728.5454765370245,2585254321.0,2781890648,312173178.0
scale_nested_et|strict6|Quantile + MI|2|8|Medium,extra_trees,149,AFP;Input;Output,"{""bootstrap"": true, ""max_depth"": null, ""max_features"": 0.5, ""min_samples_leaf"": 1, ""min_samples_split"": 10, ""n_estimators"": 300}",1670.6289169082527,1689327625.0,3147470107,1361932781.0
scale_nested_et|strict6|Quantile + MI|2|8|Large,extra_trees,150,AFP;Input;Enquiry,"{""bootstrap"": true, ""max_depth"": null, ""max_features"": 1.0, ""min_samples_leaf"": 1, ""min_samples_split"": 2, ""n_estimators"": 500}",5921.338480000001,2404259551.0,3111268887,428683359.0
benchmark|strict6|random_forest|2|8|All,random_forest,449,AFP;Input;Output;Enquiry;File;Interface,"{""bootstrap"": true, ""max_depth"": 10, ""max_features"": ""sqrt"", ""min_samples_leaf"": 8, ""min_samples_split"": 10, ""n_estimators"": 300}",2690.388393358604,113757011.0,835460914,2101582404.0
benchmark|strict6|xgboost|2|8|All,xgboost,449,AFP;Input;Output;Enquiry;File;Interface,"{""colsample_bytree"": 1.0, ""learning_rate"": 0.02, ""max_depth"": 3, ""min_child_weight"": 5, ""n_estimators"": 200, ""reg_alpha"": 0.0, ""reg_lambda"": 5.0, ""subsample"": 0.7}",2681.000851482758,4175631951.0,620261891,1138266308.0
benchmark|strict6|lightgbm|2|8|All,lightgbm,449,AFP;Input;Output;Enquiry;File;Interface,"{""colsample_bytree"": 1.0, ""learning_rate"": 0.02, ""max_depth"": -1, ""min_child_samples"": 10, ""n_estimators"": 200, ""num_leaves"": 15, ""reg_lambda"": 0.0, ""subsample"": 0.8}",2897.3599444068736,3532334809.0,212234110,333550117.0
benchmark|strict6|stacking|2|8|All,stacking,449,AFP;Input;Output;Enquiry;File;Interface,"{""base_models"": [""tuned_random_forest"", ""tuned_extra_trees"", ""tuned_xgboost""], ""meta_learner"": ""LinearRegression"", ""stack_cv_seed"": 671092739, ""stack_cv_splits"": 5}",,,671092739,
scale_nested_et|strict6|Global|2|9|All,extra_trees,449,AFP;Input;Output;Enquiry;File;Interface,"{""bootstrap"": true, ""max_depth"": 20, ""max_features"": 0.75, ""min_samples_leaf"": 2, ""min_samples_split"": 2, ""n_estimators"": 300}",2644.814468886554,73113895.0,3423499660,417346541.0
scale_nested_et|strict6|Global + MI|2|9|All,extra_trees,449,AFP;Input;Enquiry,"{""bootstrap"": true, ""max_depth"": 10, ""max_features"": 0.75, ""min_samples_leaf"": 2, ""min_samples_split"": 10, ""n_estimators"": 500}",2709.27714150063,2687897400.0,1248518134,2796273342.0
scale_nested_et|strict6|Quantile|2|9|Small,extra_trees,150,AFP;Input;Output;Enquiry;File;Interface,"{""bootstrap"": false, ""max_depth"": null, ""max_features"": 1.0, ""min_samples_leaf"": 8, ""min_samples_split"": 2, ""n_estimators"": 300}",779.0346333332031,852810500.0,1419974123,585327480.0
scale_nested_et|strict6|Quantile|2|9|Medium,extra_trees,149,AFP;Input;Output;Enquiry;File;Interface,"{""bootstrap"": false, ""max_depth"": null, ""max_features"": 0.75, ""min_samples_leaf"": 8, ""min_samples_split"": 10, ""n_estimators"": 500}",1658.8298269740983,2007346234.0,3639398730,1416524566.0
scale_nested_et|strict6|Quantile|2|9|Large,extra_trees,150,AFP;Input;Output;Enquiry;File;Interface,"{""bootstrap"": false, ""max_depth"": null, ""max_features"": 1.0, ""min_samples_leaf"": 4, ""min_samples_split"": 2, ""n_estimators"": 500}",5551.211438448972,1843129434.0,3000837467,4237438097.0
scale_nested_et|strict6|Quantile + MI|2|9|Small,extra_trees,150,AFP;Output;Enquiry,"{""bootstrap"": false, ""max_depth"": 10, ""max_features"": 0.75, ""min_samples_leaf"": 8, ""min_samples_split"": 5, ""n_estimators"": 300}",800.3991730994658,1517965539.0,4095829611,361028825.0
scale_nested_et|strict6|Quantile + MI|2|9|Medium,extra_trees,149,AFP;Output;Interface,"{""bootstrap"": true, ""max_depth"": 10, ""max_features"": 0.75, ""min_samples_leaf"": 4, ""min_samples_split"": 5, ""n_estimators"": 500}",1642.9789942940959,60449563.0,1655246208,2543561504.0
scale_nested_et|strict6|Quantile + MI|2|9|Large,extra_trees,150,AFP;Input;Enquiry,"{""bootstrap"": false, ""max_depth"": 10, ""max_features"": 0.5, ""min_samples_leaf"": 1, ""min_samples_split"": 5, ""n_estimators"": 300}",5512.993981281888,3462311948.0,3173257644,2997235495.0
benchmark|strict6|random_forest|2|9|All,random_forest,449,AFP;Input;Output;Enquiry;File;Interface,"{""bootstrap"": true, ""max_depth"": null, ""max_features"": ""sqrt"", ""min_samples_leaf"": 1, ""min_samples_split"": 10, ""n_estimators"": 300}",2660.8030221260606,336651166.0,3632457231,512106812.0
benchmark|strict6|xgboost|2|9|All,xgboost,449,AFP;Input;Output;Enquiry;File;Interface,"{""colsample_bytree"": 0.7, ""learning_rate"": 0.02, ""max_depth"": 2, ""min_child_weight"": 5, ""n_estimators"": 200, ""reg_alpha"": 1.0, ""reg_lambda"": 10.0, ""subsample"": 1.0}",2683.4997452744865,698769308.0,2723685601,2605771637.0
benchmark|strict6|lightgbm|2|9|All,lightgbm,449,AFP;Input;Output;Enquiry;File;Interface,"{""colsample_bytree"": 1.0, ""learning_rate"": 0.02, ""max_depth"": 10, ""min_child_samples"": 10, ""n_estimators"": 200, ""num_leaves"": 15, ""reg_lambda"": 5.0, ""subsample"": 1.0}",2727.9307966045944,2869282216.0,4247999831,402450906.0
benchmark|strict6|stacking|2|9|All,stacking,449,AFP;Input;Output;Enquiry;File;Interface,"{""base_models"": [""tuned_random_forest"", ""tuned_extra_trees"", ""tuned_xgboost""], ""meta_learner"": ""LinearRegression"", ""stack_cv_seed"": 1374706148, ""stack_cv_splits"": 5}",,,1374706148,
scale_nested_et|strict6|Global|2|10|All,extra_trees,450,AFP;Input;Output;Enquiry;File;Interface,"{""bootstrap"": true, ""max_depth"": null, ""max_features"": 1.0, ""min_samples_leaf"": 1, ""min_samples_split"": 10, ""n_estimators"": 500}",2514.5317899207907,3417520605.0,3081224939,1767818110.0
scale_nested_et|strict6|Global + MI|2|10|All,extra_trees,450,AFP;Input;Enquiry,"{""bootstrap"": true, ""max_depth"": 20, ""max_features"": 0.75, ""min_samples_leaf"": 2, ""min_samples_split"": 5, ""n_estimators"": 300}",2579.241858427018,1468255601.0,2273218823,2249019678.0
scale_nested_et|strict6|Quantile|2|10|Small,extra_trees,150,AFP;Input;Output;Enquiry;File;Interface,"{""bootstrap"": true, ""max_depth"": 20, ""max_features"": 1.0, ""min_samples_leaf"": 8, ""min_samples_split"": 10, ""n_estimators"": 300}",769.5371712173063,741567427.0,1603357213,1582309255.0
scale_nested_et|strict6|Quantile|2|10|Medium,extra_trees,150,AFP;Input;Output;Enquiry;File;Interface,"{""bootstrap"": true, ""max_depth"": 10, ""max_features"": 1.0, ""min_samples_leaf"": 2, ""min_samples_split"": 5, ""n_estimators"": 300}",1603.3903110550345,722857026.0,3883568401,2293684597.0
scale_nested_et|strict6|Quantile|2|10|Large,extra_trees,150,AFP;Input;Output;Enquiry;File;Interface,"{""bootstrap"": true, ""max_depth"": 20, ""max_features"": 0.75, ""min_samples_leaf"": 2, ""min_samples_split"": 5, ""n_estimators"": 500}",5043.95432193334,1456726760.0,127660420,514143189.0
scale_nested_et|strict6|Quantile + MI|2|10|Small,extra_trees,150,AFP;Output;Enquiry,"{""bootstrap"": true, ""max_depth"": 20, ""max_features"": 1.0, ""min_samples_leaf"": 4, ""min_samples_split"": 10, ""n_estimators"": 300}",754.3188970749533,1111761705.0,2073782469,2467369877.0
scale_nested_et|strict6|Quantile + MI|2|10|Medium,extra_trees,150,AFP;Output;Interface,"{""bootstrap"": false, ""max_depth"": 10, ""max_features"": 0.5, ""min_samples_leaf"": 2, ""min_samples_split"": 5, ""n_estimators"": 500}",1570.879083634376,3196289714.0,1417932215,1073715220.0
scale_nested_et|strict6|Quantile + MI|2|10|Large,extra_trees,150,AFP;Input;Enquiry,"{""bootstrap"": false, ""max_depth"": null, ""max_features"": 1.0, ""min_samples_leaf"": 1, ""min_samples_split"": 10, ""n_estimators"": 300}",5141.291299012346,2191985927.0,4097230319,2691948109.0
benchmark|strict6|random_forest|2|10|All,random_forest,450,AFP;Input;Output;Enquiry;File;Interface,"{""bootstrap"": true, ""max_depth"": 10, ""max_features"": ""sqrt"", ""min_samples_leaf"": 8, ""min_samples_split"": 10, ""n_estimators"": 300}",2568.2081686421166,2556721106.0,3097448512,3888169143.0
benchmark|strict6|xgboost|2|10|All,xgboost,450,AFP;Input;Output;Enquiry;File;Interface,"{""colsample_bytree"": 1.0, ""learning_rate"": 0.02, ""max_depth"": 3, ""min_child_weight"": 5, ""n_estimators"": 400, ""reg_alpha"": 0.0, ""reg_lambda"": 1.0, ""subsample"": 1.0}",2604.9794801161024,3079958436.0,3202407979,2471814505.0
benchmark|strict6|lightgbm|2|10|All,lightgbm,450,AFP;Input;Output;Enquiry;File;Interface,"{""colsample_bytree"": 1.0, ""learning_rate"": 0.02, ""max_depth"": 5, ""min_child_samples"": 10, ""n_estimators"": 200, ""num_leaves"": 31, ""reg_lambda"": 5.0, ""subsample"": 1.0}",2597.3899447312956,2560171955.0,3396166657,4188026705.0
benchmark|strict6|stacking|2|10|All,stacking,450,AFP;Input;Output;Enquiry;File;Interface,"{""base_models"": [""tuned_random_forest"", ""tuned_extra_trees"", ""tuned_xgboost""], ""meta_learner"": ""LinearRegression"", ""stack_cv_seed"": 928003814, ""stack_cv_splits"": 5}",,,928003814,
scale_nested_et|strict6|Global|3|1|All,extra_trees,449,AFP;Input;Output;Enquiry;File;Interface,"{""bootstrap"": false, ""max_depth"": 10, ""max_features"": 0.75, ""min_samples_leaf"": 2, ""min_samples_split"": 10, ""n_estimators"": 500}",2708.3625674198843,2652790799.0,1824930007,574842428.0
scale_nested_et|strict6|Global + MI|3|1|All,extra_trees,449,AFP;Input;Enquiry,"{""bootstrap"": true, ""max_depth"": null, ""max_features"": 1.0, ""min_samples_leaf"": 2, ""min_samples_split"": 2, ""n_estimators"": 500}",2729.6142082928845,2562534960.0,507844315,4258812698.0
scale_nested_et|strict6|Quantile|3|1|Small,extra_trees,150,AFP;Input;Output;Enquiry;File;Interface,"{""bootstrap"": true, ""max_depth"": 10, ""max_features"": 0.75, ""min_samples_leaf"": 2, ""min_samples_split"": 10, ""n_estimators"": 500}",775.6484964820352,2375779165.0,3117284362,289152459.0
scale_nested_et|strict6|Quantile|3|1|Medium,extra_trees,149,AFP;Input;Output;Enquiry;File;Interface,"{""bootstrap"": false, ""max_depth"": 10, ""max_features"": 0.75, ""min_samples_leaf"": 8, ""min_samples_split"": 2, ""n_estimators"": 300}",1681.2695624126575,4245513974.0,3456701232,3492330998.0
scale_nested_et|strict6|Quantile|3|1|Large,extra_trees,150,AFP;Input;Output;Enquiry;File;Interface,"{""bootstrap"": true, ""max_depth"": 10, ""max_features"": 1.0, ""min_samples_leaf"": 1, ""min_samples_split"": 10, ""n_estimators"": 300}",5452.364350412336,1585688901.0,1678685260,546961802.0
scale_nested_et|strict6|Quantile + MI|3|1|Small,extra_trees,150,Output;Enquiry;Interface,"{""bootstrap"": false, ""max_depth"": null, ""max_features"": 1.0, ""min_samples_leaf"": 4, ""min_samples_split"": 2, ""n_estimators"": 500}",774.7904813257602,261463691.0,1211418336,3216012817.0
scale_nested_et|strict6|Quantile + MI|3|1|Medium,extra_trees,149,AFP;Output;Interface,"{""bootstrap"": true, ""max_depth"": 10, ""max_features"": 0.75, ""min_samples_leaf"": 4, ""min_samples_split"": 2, ""n_estimators"": 300}",1621.2795033805721,939259213.0,1065926897,509831109.0
scale_nested_et|strict6|Quantile + MI|3|1|Large,extra_trees,150,Input;Enquiry;File,"{""bootstrap"": true, ""max_depth"": 20, ""max_features"": 0.5, ""min_samples_leaf"": 1, ""min_samples_split"": 10, ""n_estimators"": 300}",5829.7160116098885,321570648.0,447313201,854568905.0
benchmark|strict6|random_forest|3|1|All,random_forest,449,AFP;Input;Output;Enquiry;File;Interface,"{""bootstrap"": true, ""max_depth"": 20, ""max_features"": 0.75, ""min_samples_leaf"": 8, ""min_samples_split"": 10, ""n_estimators"": 300}",2752.509314550001,2138758485.0,1380122159,566514046.0
benchmark|strict6|xgboost|3|1|All,xgboost,449,AFP;Input;Output;Enquiry;File;Interface,"{""colsample_bytree"": 0.9, ""learning_rate"": 0.02, ""max_depth"": 2, ""min_child_weight"": 3, ""n_estimators"": 200, ""reg_alpha"": 1.0, ""reg_lambda"": 10.0, ""subsample"": 0.7}",2720.9667387236527,3544968348.0,98503203,1338945016.0
benchmark|strict6|lightgbm|3|1|All,lightgbm,449,AFP;Input;Output;Enquiry;File;Interface,"{""colsample_bytree"": 0.8, ""learning_rate"": 0.05, ""max_depth"": 10, ""min_child_samples"": 20, ""n_estimators"": 200, ""num_leaves"": 7, ""reg_lambda"": 5.0, ""subsample"": 1.0}",2987.3021040351996,875915060.0,2568031218,1682822515.0
benchmark|strict6|stacking|3|1|All,stacking,449,AFP;Input;Output;Enquiry;File;Interface,"{""base_models"": [""tuned_random_forest"", ""tuned_extra_trees"", ""tuned_xgboost""], ""meta_learner"": ""LinearRegression"", ""stack_cv_seed"": 234089699, ""stack_cv_splits"": 5}",,,234089699,
scale_nested_et|strict6|Global|3|2|All,extra_trees,449,AFP;Input;Output;Enquiry;File;Interface,"{""bootstrap"": true, ""max_depth"": null, ""max_features"": 0.5, ""min_samples_leaf"": 1, ""min_samples_split"": 10, ""n_estimators"": 500}",2660.429577715973,2412374728.0,3811652229,2202735418.0
scale_nested_et|strict6|Global + MI|3|2|All,extra_trees,449,AFP;Input;Enquiry,"{""bootstrap"": true, ""max_depth"": 10, ""max_features"": 1.0, ""min_samples_leaf"": 2, ""min_samples_split"": 10, ""n_estimators"": 500}",2651.4711883585883,1153062230.0,384514731,2423840785.0
scale_nested_et|strict6|Quantile|3|2|Small,extra_trees,152,AFP;Input;Output;Enquiry;File;Interface,"{""bootstrap"": false, ""max_depth"": 10, ""max_features"": 0.75, ""min_samples_leaf"": 4, ""min_samples_split"": 10, ""n_estimators"": 500}",813.9701375237584,2219108365.0,1137850957,171850881.0
scale_nested_et|strict6|Quantile|3|2|Medium,extra_trees,147,AFP;Input;Output;Enquiry;File;Interface,"{""bootstrap"": false, ""max_depth"": 10, ""max_features"": 0.5, ""min_samples_leaf"": 2, ""min_samples_split"": 2, ""n_estimators"": 500}",1674.3847491951503,3676200418.0,1500134033,575310286.0
scale_nested_et|strict6|Quantile|3|2|Large,extra_trees,150,AFP;Input;Output;Enquiry;File;Interface,"{""bootstrap"": false, ""max_depth"": 10, ""max_features"": 1.0, ""min_samples_leaf"": 4, ""min_samples_split"": 10, ""n_estimators"": 500}",5526.53539812609,3450594733.0,3040926037,1483601908.0
scale_nested_et|strict6|Quantile + MI|3|2|Small,extra_trees,152,AFP;Enquiry;Interface,"{""bootstrap"": true, ""max_depth"": 20, ""max_features"": 0.75, ""min_samples_leaf"": 2, ""min_samples_split"": 10, ""n_estimators"": 500}",802.3412443776373,3444819401.0,3794612704,2518399819.0
scale_nested_et|strict6|Quantile + MI|3|2|Medium,extra_trees,147,AFP;Output;File,"{""bootstrap"": true, ""max_depth"": 20, ""max_features"": 0.5, ""min_samples_leaf"": 1, ""min_samples_split"": 5, ""n_estimators"": 300}",1649.8572494677783,1525066039.0,912288812,1748955370.0
scale_nested_et|strict6|Quantile + MI|3|2|Large,extra_trees,150,AFP;Input;Enquiry,"{""bootstrap"": false, ""max_depth"": 20, ""max_features"": 0.75, ""min_samples_leaf"": 2, ""min_samples_split"": 5, ""n_estimators"": 300}",5574.900526837766,2650341864.0,3886076743,1285646864.0
benchmark|strict6|random_forest|3|2|All,random_forest,449,AFP;Input;Output;Enquiry;File;Interface,"{""bootstrap"": true, ""max_depth"": null, ""max_features"": 1.0, ""min_samples_leaf"": 8, ""min_samples_split"": 2, ""n_estimators"": 300}",2798.312204409063,901890747.0,585669475,894850516.0
benchmark|strict6|xgboost|3|2|All,xgboost,449,AFP;Input;Output;Enquiry;File;Interface,"{""colsample_bytree"": 0.7, ""learning_rate"": 0.02, ""max_depth"": 2, ""min_child_weight"": 1, ""n_estimators"": 200, ""reg_alpha"": 0.1, ""reg_lambda"": 5.0, ""subsample"": 0.7}",2698.872560155813,2260319016.0,2239122914,628611102.0
benchmark|strict6|lightgbm|3|2|All,lightgbm,449,AFP;Input;Output;Enquiry;File;Interface,"{""colsample_bytree"": 0.8, ""learning_rate"": 0.05, ""max_depth"": 5, ""min_child_samples"": 20, ""n_estimators"": 200, ""num_leaves"": 31, ""reg_lambda"": 0.0, ""subsample"": 1.0}",2964.20252393059,1815168963.0,894506664,2993828357.0
benchmark|strict6|stacking|3|2|All,stacking,449,AFP;Input;Output;Enquiry;File;Interface,"{""base_models"": [""tuned_random_forest"", ""tuned_extra_trees"", ""tuned_xgboost""], ""meta_learner"": ""LinearRegression"", ""stack_cv_seed"": 1684715871, ""stack_cv_splits"": 5}",,,1684715871,
scale_nested_et|strict6|Global|3|3|All,extra_trees,449,AFP;Input;Output;Enquiry;File;Interface,"{""bootstrap"": false, ""max_depth"": null, ""max_features"": 1.0, ""min_samples_leaf"": 4, ""min_samples_split"": 2, ""n_estimators"": 500}",2654.8179050142285,1308020453.0,3409592267,3134038211.0
scale_nested_et|strict6|Global + MI|3|3|All,extra_trees,449,AFP;Input;File,"{""bootstrap"": true, ""max_depth"": 10, ""max_features"": 0.75, ""min_samples_leaf"": 1, ""min_samples_split"": 5, ""n_estimators"": 300}",2733.6435541260057,1960799506.0,3043613573,1768373622.0
scale_nested_et|strict6|Quantile|3|3|Small,extra_trees,152,AFP;Input;Output;Enquiry;File;Interface,"{""bootstrap"": true, ""max_depth"": 10, ""max_features"": 1.0, ""min_samples_leaf"": 4, ""min_samples_split"": 2, ""n_estimators"": 300}",785.8339153567431,334527126.0,1032465096,2352200836.0
scale_nested_et|strict6|Quantile|3|3|Medium,extra_trees,147,AFP;Input;Output;Enquiry;File;Interface,"{""bootstrap"": false, ""max_depth"": null, ""max_features"": 0.75, ""min_samples_leaf"": 4, ""min_samples_split"": 2, ""n_estimators"": 500}",1625.4430166116897,206311590.0,4066643563,1244315370.0
scale_nested_et|strict6|Quantile|3|3|Large,extra_trees,150,AFP;Input;Output;Enquiry;File;Interface,"{""bootstrap"": false, ""max_depth"": 10, ""max_features"": 0.5, ""min_samples_leaf"": 2, ""min_samples_split"": 10, ""n_estimators"": 500}",5623.659879483741,1569036106.0,4097942466,2832923054.0
scale_nested_et|strict6|Quantile + MI|3|3|Small,extra_trees,152,AFP;Enquiry;Interface,"{""bootstrap"": true, ""max_depth"": 10, ""max_features"": 0.5, ""min_samples_leaf"": 1, ""min_samples_split"": 10, ""n_estimators"": 300}",785.1540417760052,941329742.0,3198297655,3877881567.0
scale_nested_et|strict6|Quantile + MI|3|3|Medium,extra_trees,147,AFP;Output;File,"{""bootstrap"": true, ""max_depth"": 10, ""max_features"": 0.75, ""min_samples_leaf"": 4, ""min_samples_split"": 10, ""n_estimators"": 500}",1688.5915980279512,34524491.0,89896711,390970961.0
scale_nested_et|strict6|Quantile + MI|3|3|Large,extra_trees,150,AFP;Input;Enquiry,"{""bootstrap"": true, ""max_depth"": 20, ""max_features"": 0.75, ""min_samples_leaf"": 2, ""min_samples_split"": 10, ""n_estimators"": 500}",5924.934292416418,3251982246.0,1088145740,3719125205.0
benchmark|strict6|random_forest|3|3|All,random_forest,449,AFP;Input;Output;Enquiry;File;Interface,"{""bootstrap"": true, ""max_depth"": 20, ""max_features"": ""sqrt"", ""min_samples_leaf"": 8, ""min_samples_split"": 2, ""n_estimators"": 300}",2689.9280060547535,4188068219.0,4073998960,2872818426.0
benchmark|strict6|xgboost|3|3|All,xgboost,449,AFP;Input;Output;Enquiry;File;Interface,"{""colsample_bytree"": 1.0, ""learning_rate"": 0.02, ""max_depth"": 3, ""min_child_weight"": 1, ""n_estimators"": 200, ""reg_alpha"": 0.0, ""reg_lambda"": 5.0, ""subsample"": 1.0}",2823.0225221128417,580701104.0,3449022905,2267916163.0
benchmark|strict6|lightgbm|3|3|All,lightgbm,449,AFP;Input;Output;Enquiry;File;Interface,"{""colsample_bytree"": 1.0, ""learning_rate"": 0.02, ""max_depth"": 10, ""min_child_samples"": 10, ""n_estimators"": 200, ""num_leaves"": 31, ""reg_lambda"": 1.0, ""subsample"": 1.0}",2874.6238414312415,1108628882.0,3169804735,305158643.0
benchmark|strict6|stacking|3|3|All,stacking,449,AFP;Input;Output;Enquiry;File;Interface,"{""base_models"": [""tuned_random_forest"", ""tuned_extra_trees"", ""tuned_xgboost""], ""meta_learner"": ""LinearRegression"", ""stack_cv_seed"": 2929185936, ""stack_cv_splits"": 5}",,,2929185936,
scale_nested_et|strict6|Global|3|4|All,extra_trees,449,AFP;Input;Output;Enquiry;File;Interface,"{""bootstrap"": false, ""max_depth"": 10, ""max_features"": 0.75, ""min_samples_leaf"": 1, ""min_samples_split"": 10, ""n_estimators"": 300}",2655.6508748837828,1606553509.0,801069376,2787144734.0
scale_nested_et|strict6|Global + MI|3|4|All,extra_trees,449,AFP;Input;Enquiry,"{""bootstrap"": false, ""max_depth"": 10, ""max_features"": 0.75, ""min_samples_leaf"": 1, ""min_samples_split"": 10, ""n_estimators"": 300}",2690.221188775284,813684981.0,3776606603,1642916374.0
scale_nested_et|strict6|Quantile|3|4|Small,extra_trees,151,AFP;Input;Output;Enquiry;File;Interface,"{""bootstrap"": false, ""max_depth"": null, ""max_features"": 0.75, ""min_samples_leaf"": 4, ""min_samples_split"": 10, ""n_estimators"": 300}",764.6776843843394,3221077271.0,3272025669,982609371.0
scale_nested_et|strict6|Quantile|3|4|Medium,extra_trees,148,AFP;Input;Output;Enquiry;File;Interface,"{""bootstrap"": false, ""max_depth"": null, ""max_features"": 0.75, ""min_samples_leaf"": 4, ""min_samples_split"": 2, ""n_estimators"": 300}",1708.9130677184212,3987869846.0,1024582380,382269653.0
scale_nested_et|strict6|Quantile|3|4|Large,extra_trees,150,AFP;Input;Output;Enquiry;File;Interface,"{""bootstrap"": true, ""max_depth"": 10, ""max_features"": 1.0, ""min_samples_leaf"": 2, ""min_samples_split"": 5, ""n_estimators"": 500}",5469.110925789869,2387015969.0,3442370536,3801521508.0
scale_nested_et|strict6|Quantile + MI|3|4|Small,extra_trees,151,AFP;Output;Enquiry,"{""bootstrap"": true, ""max_depth"": 20, ""max_features"": 0.5, ""min_samples_leaf"": 1, ""min_samples_split"": 10, ""n_estimators"": 300}",745.7071189455099,2225439454.0,824572310,2406016227.0
scale_nested_et|strict6|Quantile + MI|3|4|Medium,extra_trees,148,AFP;Output;Interface,"{""bootstrap"": true, ""max_depth"": 10, ""max_features"": 0.5, ""min_samples_leaf"": 1, ""min_samples_split"": 10, ""n_estimators"": 500}",1615.940529181106,3033033698.0,2657026483,759349480.0
scale_nested_et|strict6|Quantile + MI|3|4|Large,extra_trees,150,AFP;Input;Enquiry,"{""bootstrap"": true, ""max_depth"": 20, ""max_features"": 0.75, ""min_samples_leaf"": 2, ""min_samples_split"": 2, ""n_estimators"": 300}",6070.028682713808,3066506409.0,631449291,148458259.0
benchmark|strict6|random_forest|3|4|All,random_forest,449,AFP;Input;Output;Enquiry;File;Interface,"{""bootstrap"": true, ""max_depth"": null, ""max_features"": 1.0, ""min_samples_leaf"": 8, ""min_samples_split"": 10, ""n_estimators"": 500}",2684.34475627458,1336360385.0,119085465,2644858852.0
benchmark|strict6|xgboost|3|4|All,xgboost,449,AFP;Input;Output;Enquiry;File;Interface,"{""colsample_bytree"": 0.9, ""learning_rate"": 0.02, ""max_depth"": 5, ""min_child_weight"": 3, ""n_estimators"": 200, ""reg_alpha"": 0.1, ""reg_lambda"": 5.0, ""subsample"": 0.7}",2784.3703633007303,1443879255.0,1517767713,2057739051.0
benchmark|strict6|lightgbm|3|4|All,lightgbm,449,AFP;Input;Output;Enquiry;File;Interface,"{""colsample_bytree"": 0.8, ""learning_rate"": 0.02, ""max_depth"": 5, ""min_child_samples"": 10, ""n_estimators"": 200, ""num_leaves"": 31, ""reg_lambda"": 5.0, ""subsample"": 0.8}",2707.025256801706,4086322560.0,2110381852,465792886.0
benchmark|strict6|stacking|3|4|All,stacking,449,AFP;Input;Output;Enquiry;File;Interface,"{""base_models"": [""tuned_random_forest"", ""tuned_extra_trees"", ""tuned_xgboost""], ""meta_learner"": ""LinearRegression"", ""stack_cv_seed"": 1748506885, ""stack_cv_splits"": 5}",,,1748506885,
scale_nested_et|strict6|Global|3|5|All,extra_trees,449,AFP;Input;Output;Enquiry;File;Interface,"{""bootstrap"": true, ""max_depth"": 10, ""max_features"": 1.0, ""min_samples_leaf"": 4, ""min_samples_split"": 5, ""n_estimators"": 500}",2597.306484881637,2241410855.0,2324969662,999629147.0
scale_nested_et|strict6|Global + MI|3|5|All,extra_trees,449,AFP;Input;Enquiry,"{""bootstrap"": false, ""max_depth"": null, ""max_features"": 0.75, ""min_samples_leaf"": 2, ""min_samples_split"": 10, ""n_estimators"": 300}",2733.0583166814995,3212028543.0,3741437439,3783078224.0
scale_nested_et|strict6|Quantile|3|5|Small,extra_trees,150,AFP;Input;Output;Enquiry;File;Interface,"{""bootstrap"": false, ""max_depth"": 20, ""max_features"": 1.0, ""min_samples_leaf"": 4, ""min_samples_split"": 2, ""n_estimators"": 500}",779.9103141316494,3014076144.0,3414016367,3798866827.0
scale_nested_et|strict6|Quantile|3|5|Medium,extra_trees,149,AFP;Input;Output;Enquiry;File;Interface,"{""bootstrap"": true, ""max_depth"": null, ""max_features"": 0.75, ""min_samples_leaf"": 2, ""min_samples_split"": 10, ""n_estimators"": 300}",1612.6838905072498,977820428.0,301794023,887227143.0
scale_nested_et|strict6|Quantile|3|5|Large,extra_trees,150,AFP;Input;Output;Enquiry;File;Interface,"{""bootstrap"": true, ""max_depth"": 20, ""max_features"": 1.0, ""min_samples_leaf"": 4, ""min_samples_split"": 10, ""n_estimators"": 300}",5488.019844569671,920574620.0,2910128804,1098635572.0
scale_nested_et|strict6|Quantile + MI|3|5|Small,extra_trees,150,AFP;Enquiry;Interface,"{""bootstrap"": true, ""max_depth"": 10, ""max_features"": 1.0, ""min_samples_leaf"": 2, ""min_samples_split"": 5, ""n_estimators"": 300}",789.4084012556342,2453416108.0,3743482814,610822010.0
scale_nested_et|strict6|Quantile + MI|3|5|Medium,extra_trees,149,AFP;Output;Interface,"{""bootstrap"": false, ""max_depth"": null, ""max_features"": 0.5, ""min_samples_leaf"": 4, ""min_samples_split"": 10, ""n_estimators"": 500}",1616.9558146610655,3454415638.0,1266122130,2548111567.0
scale_nested_et|strict6|Quantile + MI|3|5|Large,extra_trees,150,AFP;Input;Enquiry,"{""bootstrap"": false, ""max_depth"": null, ""max_features"": 0.75, ""min_samples_leaf"": 1, ""min_samples_split"": 10, ""n_estimators"": 300}",5463.943372345679,679324446.0,1470656616,3762446448.0
benchmark|strict6|random_forest|3|5|All,random_forest,449,AFP;Input;Output;Enquiry;File;Interface,"{""bootstrap"": true, ""max_depth"": 20, ""max_features"": ""sqrt"", ""min_samples_leaf"": 8, ""min_samples_split"": 10, ""n_estimators"": 300}",2638.1705369688666,898224275.0,4060775537,3181506008.0
benchmark|strict6|xgboost|3|5|All,xgboost,449,AFP;Input;Output;Enquiry;File;Interface,"{""colsample_bytree"": 0.9, ""learning_rate"": 0.02, ""max_depth"": 3, ""min_child_weight"": 1, ""n_estimators"": 400, ""reg_alpha"": 1.0, ""reg_lambda"": 10.0, ""subsample"": 0.9}",2705.6281310042937,2125049164.0,2646845150,1368252078.0
benchmark|strict6|lightgbm|3|5|All,lightgbm,449,AFP;Input;Output;Enquiry;File;Interface,"{""colsample_bytree"": 0.8, ""learning_rate"": 0.02, ""max_depth"": 10, ""min_child_samples"": 10, ""n_estimators"": 400, ""num_leaves"": 7, ""reg_lambda"": 5.0, ""subsample"": 0.8}",2804.115171907501,1464971313.0,1409985232,2648727725.0
benchmark|strict6|stacking|3|5|All,stacking,449,AFP;Input;Output;Enquiry;File;Interface,"{""base_models"": [""tuned_random_forest"", ""tuned_extra_trees"", ""tuned_xgboost""], ""meta_learner"": ""LinearRegression"", ""stack_cv_seed"": 840474861, ""stack_cv_splits"": 5}",,,840474861,
scale_nested_et|strict6|Global|3|6|All,extra_trees,449,AFP;Input;Output;Enquiry;File;Interface,"{""bootstrap"": true, ""max_depth"": 20, ""max_features"": 0.75, ""min_samples_leaf"": 2, ""min_samples_split"": 2, ""n_estimators"": 300}",2691.3427073464495,714896701.0,970050348,803408477.0
scale_nested_et|strict6|Global + MI|3|6|All,extra_trees,449,AFP;Input;Enquiry,"{""bootstrap"": true, ""max_depth"": null, ""max_features"": 0.5, ""min_samples_leaf"": 1, ""min_samples_split"": 10, ""n_estimators"": 500}",2541.0527812344076,41141298.0,314893614,646117880.0
scale_nested_et|strict6|Quantile|3|6|Small,extra_trees,150,AFP;Input;Output;Enquiry;File;Interface,"{""bootstrap"": true, ""max_depth"": 10, ""max_features"": 1.0, ""min_samples_leaf"": 8, ""min_samples_split"": 10, ""n_estimators"": 300}",784.0453179958963,275458638.0,3826366581,3551867668.0
scale_nested_et|strict6|Quantile|3|6|Medium,extra_trees,149,AFP;Input;Output;Enquiry;File;Interface,"{""bootstrap"": false, ""max_depth"": 10, ""max_features"": 1.0, ""min_samples_leaf"": 4, ""min_samples_split"": 5, ""n_estimators"": 300}",1480.4067425275243,559909432.0,4259557256,2274266437.0
scale_nested_et|strict6|Quantile|3|6|Large,extra_trees,150,AFP;Input;Output;Enquiry;File;Interface,"{""bootstrap"": true, ""max_depth"": 20, ""max_features"": 1.0, ""min_samples_leaf"": 2, ""min_samples_split"": 10, ""n_estimators"": 500}",5412.254866230695,1121794254.0,1551997936,1168724689.0
scale_nested_et|strict6|Quantile + MI|3|6|Small,extra_trees,150,AFP;Input;Enquiry,"{""bootstrap"": false, ""max_depth"": 20, ""max_features"": 1.0, ""min_samples_leaf"": 8, ""min_samples_split"": 2, ""n_estimators"": 500}",760.7421496228972,163840655.0,4287168934,2028271672.0
scale_nested_et|strict6|Quantile + MI|3|6|Medium,extra_trees,149,AFP;Input;Output,"{""bootstrap"": true, ""max_depth"": 10, ""max_features"": 0.75, ""min_samples_leaf"": 2, ""min_samples_split"": 5, ""n_estimators"": 300}",1456.2513679963988,2736818523.0,3050834782,2247924456.0
scale_nested_et|strict6|Quantile + MI|3|6|Large,extra_trees,150,AFP;Input;Enquiry,"{""bootstrap"": false, ""max_depth"": null, ""max_features"": 1.0, ""min_samples_leaf"": 1, ""min_samples_split"": 10, ""n_estimators"": 300}",5283.557659444444,3731201026.0,4119596609,1443343246.0
benchmark|strict6|random_forest|3|6|All,random_forest,449,AFP;Input;Output;Enquiry;File;Interface,"{""bootstrap"": true, ""max_depth"": 10, ""max_features"": 0.5, ""min_samples_leaf"": 8, ""min_samples_split"": 5, ""n_estimators"": 300}",2559.6895514111875,4040314583.0,1153369695,1020628780.0
benchmark|strict6|xgboost|3|6|All,xgboost,449,AFP;Input;Output;Enquiry;File;Interface,"{""colsample_bytree"": 0.7, ""learning_rate"": 0.02, ""max_depth"": 2, ""min_child_weight"": 1, ""n_estimators"": 200, ""reg_alpha"": 0.0, ""reg_lambda"": 10.0, ""subsample"": 0.7}",2553.4000626427337,2436567184.0,323980015,1246775705.0
benchmark|strict6|lightgbm|3|6|All,lightgbm,449,AFP;Input;Output;Enquiry;File;Interface,"{""colsample_bytree"": 0.8, ""learning_rate"": 0.02, ""max_depth"": 10, ""min_child_samples"": 10, ""n_estimators"": 200, ""num_leaves"": 31, ""reg_lambda"": 0.0, ""subsample"": 0.8}",2617.2420636985275,3345590240.0,3696266374,84881774.0
benchmark|strict6|stacking|3|6|All,stacking,449,AFP;Input;Output;Enquiry;File;Interface,"{""base_models"": [""tuned_random_forest"", ""tuned_extra_trees"", ""tuned_xgboost""], ""meta_learner"": ""LinearRegression"", ""stack_cv_seed"": 2712446953, ""stack_cv_splits"": 5}",,,2712446953,
scale_nested_et|strict6|Global|3|7|All,extra_trees,449,AFP;Input;Output;Enquiry;File;Interface,"{""bootstrap"": false, ""max_depth"": 10, ""max_features"": 1.0, ""min_samples_leaf"": 4, ""min_samples_split"": 5, ""n_estimators"": 300}",2483.9888206080177,3346513146.0,1840030557,3969812825.0
scale_nested_et|strict6|Global + MI|3|7|All,extra_trees,449,AFP;Input;Enquiry,"{""bootstrap"": true, ""max_depth"": null, ""max_features"": 0.5, ""min_samples_leaf"": 1, ""min_samples_split"": 10, ""n_estimators"": 500}",2432.9062550648073,1164271206.0,4125403778,1217292711.0
scale_nested_et|strict6|Quantile|3|7|Small,extra_trees,150,AFP;Input;Output;Enquiry;File;Interface,"{""bootstrap"": false, ""max_depth"": null, ""max_features"": 0.75, ""min_samples_leaf"": 4, ""min_samples_split"": 2, ""n_estimators"": 300}",767.7095969557258,1570168460.0,448437735,732936197.0
scale_nested_et|strict6|Quantile|3|7|Medium,extra_trees,149,AFP;Input;Output;Enquiry;File;Interface,"{""bootstrap"": true, ""max_depth"": 20, ""max_features"": 0.75, ""min_samples_leaf"": 4, ""min_samples_split"": 10, ""n_estimators"": 500}",1638.6725695568268,3583894992.0,1154963434,839970343.0
scale_nested_et|strict6|Quantile|3|7|Large,extra_trees,150,AFP;Input;Output;Enquiry;File;Interface,"{""bootstrap"": true, ""max_depth"": 10, ""max_features"": 1.0, ""min_samples_leaf"": 4, ""min_samples_split"": 5, ""n_estimators"": 500}",4989.374517157936,2459739837.0,1504412911,2019910652.0
scale_nested_et|strict6|Quantile + MI|3|7|Small,extra_trees,150,Input;Output;Enquiry,"{""bootstrap"": false, ""max_depth"": 10, ""max_features"": 1.0, ""min_samples_leaf"": 8, ""min_samples_split"": 2, ""n_estimators"": 300}",771.968861665004,4242015209.0,2229782269,2891212743.0
scale_nested_et|strict6|Quantile + MI|3|7|Medium,extra_trees,149,AFP;Output;Interface,"{""bootstrap"": true, ""max_depth"": 20, ""max_features"": 0.5, ""min_samples_leaf"": 2, ""min_samples_split"": 10, ""n_estimators"": 500}",1611.2781977355728,117646756.0,4259219994,2164293251.0
scale_nested_et|strict6|Quantile + MI|3|7|Large,extra_trees,150,AFP;Input;Enquiry,"{""bootstrap"": true, ""max_depth"": 10, ""max_features"": 0.75, ""min_samples_leaf"": 1, ""min_samples_split"": 5, ""n_estimators"": 500}",5122.113577556905,1983715092.0,1871262394,259620095.0
benchmark|strict6|random_forest|3|7|All,random_forest,449,AFP;Input;Output;Enquiry;File;Interface,"{""bootstrap"": true, ""max_depth"": 20, ""max_features"": 0.75, ""min_samples_leaf"": 8, ""min_samples_split"": 10, ""n_estimators"": 500}",2438.293250979024,96505776.0,2219324471,170851055.0
benchmark|strict6|xgboost|3|7|All,xgboost,449,AFP;Input;Output;Enquiry;File;Interface,"{""colsample_bytree"": 0.9, ""learning_rate"": 0.02, ""max_depth"": 2, ""min_child_weight"": 3, ""n_estimators"": 400, ""reg_alpha"": 0.0, ""reg_lambda"": 10.0, ""subsample"": 0.7}",2564.086636819975,861758201.0,2835317627,508079876.0
benchmark|strict6|lightgbm|3|7|All,lightgbm,449,AFP;Input;Output;Enquiry;File;Interface,"{""colsample_bytree"": 0.8, ""learning_rate"": 0.02, ""max_depth"": 5, ""min_child_samples"": 10, ""n_estimators"": 200, ""num_leaves"": 31, ""reg_lambda"": 5.0, ""subsample"": 1.0}",2466.897034046319,1928856671.0,1392312943,1368361933.0
benchmark|strict6|stacking|3|7|All,stacking,449,AFP;Input;Output;Enquiry;File;Interface,"{""base_models"": [""tuned_random_forest"", ""tuned_extra_trees"", ""tuned_xgboost""], ""meta_learner"": ""LinearRegression"", ""stack_cv_seed"": 2751084576, ""stack_cv_splits"": 5}",,,2751084576,
scale_nested_et|strict6|Global|3|8|All,extra_trees,449,AFP;Input;Output;Enquiry;File;Interface,"{""bootstrap"": true, ""max_depth"": 20, ""max_features"": 1.0, ""min_samples_leaf"": 4, ""min_samples_split"": 10, ""n_estimators"": 500}",2777.1963449583673,1653474793.0,3723768044,1143556756.0
scale_nested_et|strict6|Global + MI|3|8|All,extra_trees,449,AFP;Input;Enquiry,"{""bootstrap"": false, ""max_depth"": 20, ""max_features"": 0.75, ""min_samples_leaf"": 2, ""min_samples_split"": 5, ""n_estimators"": 300}",2887.603068058204,1440126242.0,2062704508,1631200106.0
scale_nested_et|strict6|Quantile|3|8|Small,extra_trees,150,AFP;Input;Output;Enquiry;File;Interface,"{""bootstrap"": true, ""max_depth"": 10, ""max_features"": 1.0, ""min_samples_leaf"": 8, ""min_samples_split"": 10, ""n_estimators"": 300}",771.0913201720708,2316739146.0,2356994562,3692048571.0
scale_nested_et|strict6|Quantile|3|8|Medium,extra_trees,149,AFP;Input;Output;Enquiry;File;Interface,"{""bootstrap"": true, ""max_depth"": null, ""max_features"": 0.5, ""min_samples_leaf"": 4, ""min_samples_split"": 10, ""n_estimators"": 300}",1643.4365625367536,67585844.0,1465446317,147221902.0
scale_nested_et|strict6|Quantile|3|8|Large,extra_trees,150,AFP;Input;Output;Enquiry;File;Interface,"{""bootstrap"": false, ""max_depth"": 20, ""max_features"": 0.5, ""min_samples_leaf"": 2, ""min_samples_split"": 2, ""n_estimators"": 300}",5677.592004079511,2206080477.0,2807326795,3962865320.0
scale_nested_et|strict6|Quantile + MI|3|8|Small,extra_trees,150,Input;Output;Enquiry,"{""bootstrap"": true, ""max_depth"": null, ""max_features"": 0.75, ""min_samples_leaf"": 2, ""min_samples_split"": 5, ""n_estimators"": 500}",765.7591544073701,458663052.0,935150783,1337202612.0
scale_nested_et|strict6|Quantile + MI|3|8|Medium,extra_trees,149,AFP;Output;File,"{""bootstrap"": false, ""max_depth"": 10, ""max_features"": 0.75, ""min_samples_leaf"": 8, ""min_samples_split"": 2, ""n_estimators"": 300}",1655.0257726004427,2517753196.0,1048885618,281579545.0
scale_nested_et|strict6|Quantile + MI|3|8|Large,extra_trees,150,AFP;Input;Enquiry,"{""bootstrap"": true, ""max_depth"": 20, ""max_features"": 0.75, ""min_samples_leaf"": 1, ""min_samples_split"": 2, ""n_estimators"": 500}",5713.560519999999,3783599615.0,3910737848,476935526.0
benchmark|strict6|random_forest|3|8|All,random_forest,449,AFP;Input;Output;Enquiry;File;Interface,"{""bootstrap"": true, ""max_depth"": 10, ""max_features"": 0.5, ""min_samples_leaf"": 8, ""min_samples_split"": 10, ""n_estimators"": 300}",2676.1391304664307,4117931867.0,2033147828,71894834.0
benchmark|strict6|xgboost|3|8|All,xgboost,449,AFP;Input;Output;Enquiry;File;Interface,"{""colsample_bytree"": 0.9, ""learning_rate"": 0.05, ""max_depth"": 2, ""min_child_weight"": 3, ""n_estimators"": 200, ""reg_alpha"": 1.0, ""reg_lambda"": 5.0, ""subsample"": 0.7}",3020.1392621272894,364146366.0,1404648502,455463915.0
benchmark|strict6|lightgbm|3|8|All,lightgbm,449,AFP;Input;Output;Enquiry;File;Interface,"{""colsample_bytree"": 0.8, ""learning_rate"": 0.02, ""max_depth"": -1, ""min_child_samples"": 10, ""n_estimators"": 200, ""num_leaves"": 15, ""reg_lambda"": 1.0, ""subsample"": 1.0}",2928.2201906326786,2823562151.0,1925846566,3481911381.0
benchmark|strict6|stacking|3|8|All,stacking,449,AFP;Input;Output;Enquiry;File;Interface,"{""base_models"": [""tuned_random_forest"", ""tuned_extra_trees"", ""tuned_xgboost""], ""meta_learner"": ""LinearRegression"", ""stack_cv_seed"": 1618690738, ""stack_cv_splits"": 5}",,,1618690738,
scale_nested_et|strict6|Global|3|9|All,extra_trees,449,AFP;Input;Output;Enquiry;File;Interface,"{""bootstrap"": true, ""max_depth"": null, ""max_features"": 0.75, ""min_samples_leaf"": 1, ""min_samples_split"": 10, ""n_estimators"": 300}",2758.7914226535777,1286742017.0,966404654,2999663213.0
scale_nested_et|strict6|Global + MI|3|9|All,extra_trees,449,AFP;Input;Enquiry,"{""bootstrap"": true, ""max_depth"": 20, ""max_features"": 1.0, ""min_samples_leaf"": 1, ""min_samples_split"": 10, ""n_estimators"": 500}",2718.0538564732165,3043336030.0,1711101637,4014904864.0
scale_nested_et|strict6|Quantile|3|9|Small,extra_trees,150,AFP;Input;Output;Enquiry;File;Interface,"{""bootstrap"": true, ""max_depth"": 20, ""max_features"": 0.75, ""min_samples_leaf"": 4, ""min_samples_split"": 5, ""n_estimators"": 500}",834.2029189455126,471706540.0,696507577,2327754090.0
scale_nested_et|strict6|Quantile|3|9|Medium,extra_trees,149,AFP;Input;Output;Enquiry;File;Interface,"{""bootstrap"": false, ""max_depth"": null, ""max_features"": 1.0, ""min_samples_leaf"": 8, ""min_samples_split"": 5, ""n_estimators"": 500}",1580.726411894564,350324907.0,3880562940,915443131.0
scale_nested_et|strict6|Quantile|3|9|Large,extra_trees,150,AFP;Input;Output;Enquiry;File;Interface,"{""bootstrap"": true, ""max_depth"": 10, ""max_features"": 0.5, ""min_samples_leaf"": 1, ""min_samples_split"": 10, ""n_estimators"": 300}",5559.081705115898,1158253156.0,1389740845,4266962628.0
scale_nested_et|strict6|Quantile + MI|3|9|Small,extra_trees,150,AFP;Enquiry;File,"{""bootstrap"": true, ""max_depth"": 10, ""max_features"": 0.75, ""min_samples_leaf"": 2, ""min_samples_split"": 10, ""n_estimators"": 500}",812.8395599343497,6372681.0,3677086528,1084398319.0
scale_nested_et|strict6|Quantile + MI|3|9|Medium,extra_trees,149,AFP;Output;Interface,"{""bootstrap"": true, ""max_depth"": null, ""max_features"": 0.75, ""min_samples_leaf"": 2, ""min_samples_split"": 2, ""n_estimators"": 500}",1573.1188657188952,1826236486.0,1369237854,1317687007.0
scale_nested_et|strict6|Quantile + MI|3|9|Large,extra_trees,150,AFP;Input;Enquiry,"{""bootstrap"": true, ""max_depth"": 10, ""max_features"": 0.75, ""min_samples_leaf"": 1, ""min_samples_split"": 2, ""n_estimators"": 500}",5621.457891293371,2082034547.0,1235314251,871087858.0
benchmark|strict6|random_forest|3|9|All,random_forest,449,AFP;Input;Output;Enquiry;File;Interface,"{""bootstrap"": true, ""max_depth"": 20, ""max_features"": 1.0, ""min_samples_leaf"": 8, ""min_samples_split"": 5, ""n_estimators"": 500}",2726.376461355511,2928749276.0,2494421195,3090156219.0
benchmark|strict6|xgboost|3|9|All,xgboost,449,AFP;Input;Output;Enquiry;File;Interface,"{""colsample_bytree"": 0.9, ""learning_rate"": 0.02, ""max_depth"": 5, ""min_child_weight"": 5, ""n_estimators"": 400, ""reg_alpha"": 0.1, ""reg_lambda"": 10.0, ""subsample"": 0.9}",2898.006311074299,2872967517.0,1899363136,3227836979.0
benchmark|strict6|lightgbm|3|9|All,lightgbm,449,AFP;Input;Output;Enquiry;File;Interface,"{""colsample_bytree"": 0.8, ""learning_rate"": 0.02, ""max_depth"": 10, ""min_child_samples"": 20, ""n_estimators"": 400, ""num_leaves"": 15, ""reg_lambda"": 5.0, ""subsample"": 0.8}",2898.380567111508,2854875714.0,3531488360,938634294.0
benchmark|strict6|stacking|3|9|All,stacking,449,AFP;Input;Output;Enquiry;File;Interface,"{""base_models"": [""tuned_random_forest"", ""tuned_extra_trees"", ""tuned_xgboost""], ""meta_learner"": ""LinearRegression"", ""stack_cv_seed"": 2885272546, ""stack_cv_splits"": 5}",,,2885272546,
scale_nested_et|strict6|Global|3|10|All,extra_trees,450,AFP;Input;Output;Enquiry;File;Interface,"{""bootstrap"": true, ""max_depth"": 10, ""max_features"": 0.75, ""min_samples_leaf"": 2, ""min_samples_split"": 5, ""n_estimators"": 300}",2543.927506804892,2316720065.0,3889775115,3456011671.0
scale_nested_et|strict6|Global + MI|3|10|All,extra_trees,450,AFP;Input;File,"{""bootstrap"": true, ""max_depth"": 10, ""max_features"": 0.5, ""min_samples_leaf"": 1, ""min_samples_split"": 2, ""n_estimators"": 500}",2694.58477747327,3072285942.0,1914538361,36563599.0
scale_nested_et|strict6|Quantile|3|10|Small,extra_trees,151,AFP;Input;Output;Enquiry;File;Interface,"{""bootstrap"": false, ""max_depth"": 20, ""max_features"": 1.0, ""min_samples_leaf"": 8, ""min_samples_split"": 5, ""n_estimators"": 500}",721.9603392873383,671100205.0,3933905682,3874631359.0
scale_nested_et|strict6|Quantile|3|10|Medium,extra_trees,150,AFP;Input;Output;Enquiry;File;Interface,"{""bootstrap"": true, ""max_depth"": 20, ""max_features"": 0.5, ""min_samples_leaf"": 8, ""min_samples_split"": 2, ""n_estimators"": 500}",1726.2942993832887,1564321690.0,3315547606,3943406864.0
scale_nested_et|strict6|Quantile|3|10|Large,extra_trees,149,AFP;Input;Output;Enquiry;File;Interface,"{""bootstrap"": false, ""max_depth"": 20, ""max_features"": 0.75, ""min_samples_leaf"": 2, ""min_samples_split"": 10, ""n_estimators"": 300}",5429.098350846688,2699421976.0,2946685857,482069616.0
scale_nested_et|strict6|Quantile + MI|3|10|Small,extra_trees,151,Input;Output;Enquiry,"{""bootstrap"": true, ""max_depth"": 20, ""max_features"": 1.0, ""min_samples_leaf"": 4, ""min_samples_split"": 10, ""n_estimators"": 300}",751.8291090861816,3644061607.0,2893511190,4098789764.0
scale_nested_et|strict6|Quantile + MI|3|10|Medium,extra_trees,150,AFP;Output;Interface,"{""bootstrap"": true, ""max_depth"": null, ""max_features"": 0.5, ""min_samples_leaf"": 1, ""min_samples_split"": 5, ""n_estimators"": 500}",1651.4723553502424,2594540441.0,2182844634,1791366120.0
scale_nested_et|strict6|Quantile + MI|3|10|Large,extra_trees,149,AFP;Input;Enquiry,"{""bootstrap"": false, ""max_depth"": 20, ""max_features"": 1.0, ""min_samples_leaf"": 1, ""min_samples_split"": 10, ""n_estimators"": 500}",5089.478689506856,1996501448.0,590171351,593436194.0
benchmark|strict6|random_forest|3|10|All,random_forest,450,AFP;Input;Output;Enquiry;File;Interface,"{""bootstrap"": true, ""max_depth"": 10, ""max_features"": 1.0, ""min_samples_leaf"": 8, ""min_samples_split"": 5, ""n_estimators"": 300}",2588.5760461151162,1601901739.0,2312734732,1166141695.0
benchmark|strict6|xgboost|3|10|All,xgboost,450,AFP;Input;Output;Enquiry;File;Interface,"{""colsample_bytree"": 0.7, ""learning_rate"": 0.02, ""max_depth"": 3, ""min_child_weight"": 1, ""n_estimators"": 200, ""reg_alpha"": 1.0, ""reg_lambda"": 10.0, ""subsample"": 0.7}",2639.6853526475697,2487923675.0,2021634471,2261200758.0
benchmark|strict6|lightgbm|3|10|All,lightgbm,450,AFP;Input;Output;Enquiry;File;Interface,"{""colsample_bytree"": 1.0, ""learning_rate"": 0.02, ""max_depth"": 5, ""min_child_samples"": 40, ""n_estimators"": 200, ""num_leaves"": 7, ""reg_lambda"": 0.0, ""subsample"": 1.0}",2716.3304028656726,951803883.0,2012092966,3310801526.0
benchmark|strict6|stacking|3|10|All,stacking,450,AFP;Input;Output;Enquiry;File;Interface,"{""base_models"": [""tuned_random_forest"", ""tuned_extra_trees"", ""tuned_xgboost""], ""meta_learner"": ""LinearRegression"", ""stack_cv_seed"": 1249199866, ""stack_cv_splits"": 5}",,,1249199866,
scale_nested_et|strict6|Global|4|1|All,extra_trees,449,AFP;Input;Output;Enquiry;File;Interface,"{""bootstrap"": true, ""max_depth"": 10, ""max_features"": 1.0, ""min_samples_leaf"": 2, ""min_samples_split"": 10, ""n_estimators"": 500}",2630.3210392094493,2677706594.0,3648638445,2657713987.0
scale_nested_et|strict6|Global + MI|4|1|All,extra_trees,449,AFP;Input;Enquiry,"{""bootstrap"": true, ""max_depth"": 10, ""max_features"": 1.0, ""min_samples_leaf"": 1, ""min_samples_split"": 10, ""n_estimators"": 300}",2695.875324805523,4154066568.0,214437592,3180083666.0
scale_nested_et|strict6|Quantile|4|1|Small,extra_trees,150,AFP;Input;Output;Enquiry;File;Interface,"{""bootstrap"": false, ""max_depth"": 10, ""max_features"": 0.5, ""min_samples_leaf"": 8, ""min_samples_split"": 2, ""n_estimators"": 300}",815.8728165590754,3856673984.0,2628758448,3926986512.0
scale_nested_et|strict6|Quantile|4|1|Medium,extra_trees,149,AFP;Input;Output;Enquiry;File;Interface,"{""bootstrap"": true, ""max_depth"": 20, ""max_features"": 0.75, ""min_samples_leaf"": 8, ""min_samples_split"": 5, ""n_estimators"": 300}",1720.3310929104493,3202913593.0,114249047,2795645112.0
scale_nested_et|strict6|Quantile|4|1|Large,extra_trees,150,AFP;Input;Output;Enquiry;File;Interface,"{""bootstrap"": true, ""max_depth"": null, ""max_features"": 1.0, ""min_samples_leaf"": 2, ""min_samples_split"": 2, ""n_estimators"": 300}",5514.732444590493,2644839969.0,2610573361,3465750058.0
scale_nested_et|strict6|Quantile + MI|4|1|Small,extra_trees,150,AFP;Input;Enquiry,"{""bootstrap"": true, ""max_depth"": null, ""max_features"": 0.75, ""min_samples_leaf"": 4, ""min_samples_split"": 2, ""n_estimators"": 500}",793.4777480561933,921408894.0,280433344,1718485002.0
scale_nested_et|strict6|Quantile + MI|4|1|Medium,extra_trees,149,AFP;Output;Interface,"{""bootstrap"": false, ""max_depth"": 10, ""max_features"": 0.5, ""min_samples_leaf"": 1, ""min_samples_split"": 2, ""n_estimators"": 300}",1621.2910470675688,1810808452.0,2224309336,4115261432.0
scale_nested_et|strict6|Quantile + MI|4|1|Large,extra_trees,150,AFP;Input;Enquiry,"{""bootstrap"": false, ""max_depth"": 20, ""max_features"": 1.0, ""min_samples_leaf"": 4, ""min_samples_split"": 5, ""n_estimators"": 500}",5800.472866324388,717217291.0,3430140869,3297587246.0
benchmark|strict6|random_forest|4|1|All,random_forest,449,AFP;Input;Output;Enquiry;File;Interface,"{""bootstrap"": true, ""max_depth"": null, ""max_features"": ""sqrt"", ""min_samples_leaf"": 4, ""min_samples_split"": 10, ""n_estimators"": 300}",2639.044571939472,1131748962.0,625262642,4197661974.0
benchmark|strict6|xgboost|4|1|All,xgboost,449,AFP;Input;Output;Enquiry;File;Interface,"{""colsample_bytree"": 0.7, ""learning_rate"": 0.02, ""max_depth"": 2, ""min_child_weight"": 5, ""n_estimators"": 200, ""reg_alpha"": 0.0, ""reg_lambda"": 10.0, ""subsample"": 1.0}",2645.320858124257,1008803728.0,3810862945,1987861523.0
benchmark|strict6|lightgbm|4|1|All,lightgbm,449,AFP;Input;Output;Enquiry;File;Interface,"{""colsample_bytree"": 1.0, ""learning_rate"": 0.02, ""max_depth"": -1, ""min_child_samples"": 10, ""n_estimators"": 200, ""num_leaves"": 15, ""reg_lambda"": 0.0, ""subsample"": 1.0}",2701.1280212959277,361138371.0,306344269,4123987458.0
benchmark|strict6|stacking|4|1|All,stacking,449,AFP;Input;Output;Enquiry;File;Interface,"{""base_models"": [""tuned_random_forest"", ""tuned_extra_trees"", ""tuned_xgboost""], ""meta_learner"": ""LinearRegression"", ""stack_cv_seed"": 4278568594, ""stack_cv_splits"": 5}",,,4278568594,
scale_nested_et|strict6|Global|4|2|All,extra_trees,449,AFP;Input;Output;Enquiry;File;Interface,"{""bootstrap"": false, ""max_depth"": null, ""max_features"": 1.0, ""min_samples_leaf"": 4, ""min_samples_split"": 10, ""n_estimators"": 500}",2686.553029622988,798028968.0,2401314708,370077073.0
scale_nested_et|strict6|Global + MI|4|2|All,extra_trees,449,AFP;Input;Enquiry,"{""bootstrap"": true, ""max_depth"": 20, ""max_features"": 0.5, ""min_samples_leaf"": 1, ""min_samples_split"": 10, ""n_estimators"": 300}",2690.0509477711603,912665440.0,609229821,3614550698.0
scale_nested_et|strict6|Quantile|4|2|Small,extra_trees,150,AFP;Input;Output;Enquiry;File;Interface,"{""bootstrap"": false, ""max_depth"": 20, ""max_features"": 1.0, ""min_samples_leaf"": 4, ""min_samples_split"": 10, ""n_estimators"": 500}",830.4196799606358,3745192977.0,2724691443,199792999.0
scale_nested_et|strict6|Quantile|4|2|Medium,extra_trees,149,AFP;Input;Output;Enquiry;File;Interface,"{""bootstrap"": true, ""max_depth"": null, ""max_features"": 0.5, ""min_samples_leaf"": 8, ""min_samples_split"": 5, ""n_estimators"": 500}",1628.2825022075704,826066843.0,1316936167,1963682868.0
scale_nested_et|strict6|Quantile|4|2|Large,extra_trees,150,AFP;Input;Output;Enquiry;File;Interface,"{""bootstrap"": true, ""max_depth"": 10, ""max_features"": 0.75, ""min_samples_leaf"": 1, ""min_samples_split"": 10, ""n_estimators"": 300}",5713.412283149719,1179510926.0,3550159028,1209176408.0
scale_nested_et|strict6|Quantile + MI|4|2|Small,extra_trees,150,AFP;Enquiry;Interface,"{""bootstrap"": true, ""max_depth"": null, ""max_features"": 0.75, ""min_samples_leaf"": 2, ""min_samples_split"": 10, ""n_estimators"": 500}",820.2673528176625,3754634548.0,2516272034,3818279136.0
scale_nested_et|strict6|Quantile + MI|4|2|Medium,extra_trees,149,Output;File;Interface,"{""bootstrap"": false, ""max_depth"": null, ""max_features"": 0.5, ""min_samples_leaf"": 2, ""min_samples_split"": 5, ""n_estimators"": 500}",1634.2613754550268,324421223.0,180499268,2673066601.0
scale_nested_et|strict6|Quantile + MI|4|2|Large,extra_trees,150,AFP;Input;Enquiry,"{""bootstrap"": false, ""max_depth"": 10, ""max_features"": 0.75, ""min_samples_leaf"": 2, ""min_samples_split"": 5, ""n_estimators"": 300}",5943.2486051646365,324444689.0,533018684,3323583472.0
benchmark|strict6|random_forest|4|2|All,random_forest,449,AFP;Input;Output;Enquiry;File;Interface,"{""bootstrap"": true, ""max_depth"": 20, ""max_features"": ""sqrt"", ""min_samples_leaf"": 8, ""min_samples_split"": 2, ""n_estimators"": 300}",2735.556422854895,2749459294.0,3650203068,1896066311.0
benchmark|strict6|xgboost|4|2|All,xgboost,449,AFP;Input;Output;Enquiry;File;Interface,"{""colsample_bytree"": 0.9, ""learning_rate"": 0.02, ""max_depth"": 5, ""min_child_weight"": 5, ""n_estimators"": 200, ""reg_alpha"": 1.0, ""reg_lambda"": 1.0, ""subsample"": 0.7}",2872.7365290248795,1574189084.0,2559432003,3575124143.0
benchmark|strict6|lightgbm|4|2|All,lightgbm,449,AFP;Input;Output;Enquiry;File;Interface,"{""colsample_bytree"": 0.8, ""learning_rate"": 0.02, ""max_depth"": 10, ""min_child_samples"": 20, ""n_estimators"": 400, ""num_leaves"": 7, ""reg_lambda"": 1.0, ""subsample"": 1.0}",2882.1415108292326,112324185.0,2153273603,4011894633.0
benchmark|strict6|stacking|4|2|All,stacking,449,AFP;Input;Output;Enquiry;File;Interface,"{""base_models"": [""tuned_random_forest"", ""tuned_extra_trees"", ""tuned_xgboost""], ""meta_learner"": ""LinearRegression"", ""stack_cv_seed"": 2919998287, ""stack_cv_splits"": 5}",,,2919998287,
scale_nested_et|strict6|Global|4|3|All,extra_trees,449,AFP;Input;Output;Enquiry;File;Interface,"{""bootstrap"": true, ""max_depth"": 10, ""max_features"": 1.0, ""min_samples_leaf"": 2, ""min_samples_split"": 10, ""n_estimators"": 500}",2642.25253039095,2668114653.0,801820927,1403030068.0
scale_nested_et|strict6|Global + MI|4|3|All,extra_trees,449,AFP;Input;Enquiry,"{""bootstrap"": true, ""max_depth"": 20, ""max_features"": 1.0, ""min_samples_leaf"": 2, ""min_samples_split"": 5, ""n_estimators"": 300}",2662.824052045375,1487140710.0,664997990,1049565090.0
scale_nested_et|strict6|Quantile|4|3|Small,extra_trees,150,AFP;Input;Output;Enquiry;File;Interface,"{""bootstrap"": true, ""max_depth"": null, ""max_features"": 1.0, ""min_samples_leaf"": 4, ""min_samples_split"": 5, ""n_estimators"": 300}",814.5305849080027,125304336.0,2451519161,3514431633.0
scale_nested_et|strict6|Quantile|4|3|Medium,extra_trees,149,AFP;Input;Output;Enquiry;File;Interface,"{""bootstrap"": false, ""max_depth"": 10, ""max_features"": 0.5, ""min_samples_leaf"": 8, ""min_samples_split"": 10, ""n_estimators"": 500}",1705.5371540782708,951565877.0,4267154128,1261227982.0
scale_nested_et|strict6|Quantile|4|3|Large,extra_trees,150,AFP;Input;Output;Enquiry;File;Interface,"{""bootstrap"": true, ""max_depth"": 20, ""max_features"": 1.0, ""min_samples_leaf"": 2, ""min_samples_split"": 10, ""n_estimators"": 500}",5373.028072569945,1278070615.0,2164355471,39525980.0
scale_nested_et|strict6|Quantile + MI|4|3|Small,extra_trees,150,AFP;Enquiry;Interface,"{""bootstrap"": true, ""max_depth"": null, ""max_features"": 1.0, ""min_samples_leaf"": 8, ""min_samples_split"": 10, ""n_estimators"": 500}",818.908750617277,2739567795.0,1575956766,1137207194.0
scale_nested_et|strict6|Quantile + MI|4|3|Medium,extra_trees,149,AFP;Input;Output,"{""bootstrap"": true, ""max_depth"": 20, ""max_features"": 0.5, ""min_samples_leaf"": 2, ""min_samples_split"": 2, ""n_estimators"": 300}",1693.2009788944226,1126301229.0,1332582973,680356559.0
scale_nested_et|strict6|Quantile + MI|4|3|Large,extra_trees,150,AFP;Input;Enquiry,"{""bootstrap"": true, ""max_depth"": 10, ""max_features"": 0.5, ""min_samples_leaf"": 1, ""min_samples_split"": 5, ""n_estimators"": 300}",5304.35338893559,1068364677.0,991642274,597618130.0
benchmark|strict6|random_forest|4|3|All,random_forest,449,AFP;Input;Output;Enquiry;File;Interface,"{""bootstrap"": true, ""max_depth"": null, ""max_features"": 0.5, ""min_samples_leaf"": 8, ""min_samples_split"": 2, ""n_estimators"": 300}",2671.410275702632,1077119077.0,421216751,3977798684.0
benchmark|strict6|xgboost|4|3|All,xgboost,449,AFP;Input;Output;Enquiry;File;Interface,"{""colsample_bytree"": 0.9, ""learning_rate"": 0.02, ""max_depth"": 2, ""min_child_weight"": 1, ""n_estimators"": 400, ""reg_alpha"": 0.1, ""reg_lambda"": 10.0, ""subsample"": 1.0}",2750.1052522458754,2430374520.0,3383735610,2286695039.0
benchmark|strict6|lightgbm|4|3|All,lightgbm,449,AFP;Input;Output;Enquiry;File;Interface,"{""colsample_bytree"": 0.8, ""learning_rate"": 0.02, ""max_depth"": 10, ""min_child_samples"": 40, ""n_estimators"": 200, ""num_leaves"": 31, ""reg_lambda"": 1.0, ""subsample"": 1.0}",2739.3692960516005,1800412201.0,39023552,1579897634.0
benchmark|strict6|stacking|4|3|All,stacking,449,AFP;Input;Output;Enquiry;File;Interface,"{""base_models"": [""tuned_random_forest"", ""tuned_extra_trees"", ""tuned_xgboost""], ""meta_learner"": ""LinearRegression"", ""stack_cv_seed"": 2293993347, ""stack_cv_splits"": 5}",,,2293993347,
scale_nested_et|strict6|Global|4|4|All,extra_trees,449,AFP;Input;Output;Enquiry;File;Interface,"{""bootstrap"": true, ""max_depth"": 20, ""max_features"": 0.5, ""min_samples_leaf"": 1, ""min_samples_split"": 10, ""n_estimators"": 300}",2599.6512474127317,1240314850.0,1278870397,4284933826.0
scale_nested_et|strict6|Global + MI|4|4|All,extra_trees,449,AFP;Input;Enquiry,"{""bootstrap"": false, ""max_depth"": 10, ""max_features"": 0.75, ""min_samples_leaf"": 1, ""min_samples_split"": 10, ""n_estimators"": 500}",2546.9865999058825,2696442153.0,3278078946,3475915482.0
scale_nested_et|strict6|Quantile|4|4|Small,extra_trees,150,AFP;Input;Output;Enquiry;File;Interface,"{""bootstrap"": false, ""max_depth"": null, ""max_features"": 1.0, ""min_samples_leaf"": 8, ""min_samples_split"": 2, ""n_estimators"": 500}",791.0504034959571,2146364430.0,1560502025,707504933.0
scale_nested_et|strict6|Quantile|4|4|Medium,extra_trees,149,AFP;Input;Output;Enquiry;File;Interface,"{""bootstrap"": true, ""max_depth"": 10, ""max_features"": 0.75, ""min_samples_leaf"": 8, ""min_samples_split"": 2, ""n_estimators"": 500}",1648.1571715389657,3545100702.0,3450740138,3415859687.0
scale_nested_et|strict6|Quantile|4|4|Large,extra_trees,150,AFP;Input;Output;Enquiry;File;Interface,"{""bootstrap"": true, ""max_depth"": 20, ""max_features"": 0.75, ""min_samples_leaf"": 2, ""min_samples_split"": 2, ""n_estimators"": 300}",5582.043473084249,1404582810.0,358994897,3167396996.0
scale_nested_et|strict6|Quantile + MI|4|4|Small,extra_trees,150,AFP;Enquiry;File,"{""bootstrap"": true, ""max_depth"": 10, ""max_features"": 0.75, ""min_samples_leaf"": 8, ""min_samples_split"": 5, ""n_estimators"": 300}",791.2370456401869,1771489117.0,89061933,3650914553.0
scale_nested_et|strict6|Quantile + MI|4|4|Medium,extra_trees,149,AFP;Output;Interface,"{""bootstrap"": true, ""max_depth"": 10, ""max_features"": 0.75, ""min_samples_leaf"": 2, ""min_samples_split"": 5, ""n_estimators"": 300}",1552.251045270463,2806283292.0,1900450253,767683050.0
scale_nested_et|strict6|Quantile + MI|4|4|Large,extra_trees,150,AFP;Input;Enquiry,"{""bootstrap"": true, ""max_depth"": null, ""max_features"": 1.0, ""min_samples_leaf"": 4, ""min_samples_split"": 10, ""n_estimators"": 500}",5788.850332877275,383272473.0,2651370032,1151292829.0
benchmark|strict6|random_forest|4|4|All,random_forest,449,AFP;Input;Output;Enquiry;File;Interface,"{""bootstrap"": true, ""max_depth"": null, ""max_features"": 0.75, ""min_samples_leaf"": 4, ""min_samples_split"": 5, ""n_estimators"": 300}",2613.501697629738,2490081357.0,792507035,3364573141.0
benchmark|strict6|xgboost|4|4|All,xgboost,449,AFP;Input;Output;Enquiry;File;Interface,"{""colsample_bytree"": 0.7, ""learning_rate"": 0.02, ""max_depth"": 5, ""min_child_weight"": 3, ""n_estimators"": 200, ""reg_alpha"": 0.0, ""reg_lambda"": 1.0, ""subsample"": 0.9}",2780.8543389105175,1739666971.0,285173515,665543289.0
benchmark|strict6|lightgbm|4|4|All,lightgbm,449,AFP;Input;Output;Enquiry;File;Interface,"{""colsample_bytree"": 1.0, ""learning_rate"": 0.02, ""max_depth"": -1, ""min_child_samples"": 10, ""n_estimators"": 200, ""num_leaves"": 31, ""reg_lambda"": 1.0, ""subsample"": 0.8}",2700.7886323948806,962622923.0,4183501615,2967244635.0
benchmark|strict6|stacking|4|4|All,stacking,449,AFP;Input;Output;Enquiry;File;Interface,"{""base_models"": [""tuned_random_forest"", ""tuned_extra_trees"", ""tuned_xgboost""], ""meta_learner"": ""LinearRegression"", ""stack_cv_seed"": 412526279, ""stack_cv_splits"": 5}",,,412526279,
scale_nested_et|strict6|Global|4|5|All,extra_trees,449,AFP;Input;Output;Enquiry;File;Interface,"{""bootstrap"": true, ""max_depth"": null, ""max_features"": 0.75, ""min_samples_leaf"": 1, ""min_samples_split"": 10, ""n_estimators"": 500}",2641.999850954393,123363335.0,2022132228,3026273729.0
scale_nested_et|strict6|Global + MI|4|5|All,extra_trees,449,AFP;Input;Enquiry,"{""bootstrap"": true, ""max_depth"": 10, ""max_features"": 0.5, ""min_samples_leaf"": 1, ""min_samples_split"": 10, ""n_estimators"": 500}",2580.817516781843,2649438310.0,3846044065,2455387656.0
scale_nested_et|strict6|Quantile|4|5|Small,extra_trees,150,AFP;Input;Output;Enquiry;File;Interface,"{""bootstrap"": false, ""max_depth"": null, ""max_features"": 0.5, ""min_samples_leaf"": 4, ""min_samples_split"": 10, ""n_estimators"": 300}",782.5299596364993,2551425374.0,2707503961,2865777031.0
scale_nested_et|strict6|Quantile|4|5|Medium,extra_trees,149,AFP;Input;Output;Enquiry;File;Interface,"{""bootstrap"": true, ""max_depth"": 20, ""max_features"": 0.75, ""min_samples_leaf"": 8, ""min_samples_split"": 10, ""n_estimators"": 500}",1699.235904606833,1774087449.0,3893898357,993914726.0
scale_nested_et|strict6|Quantile|4|5|Large,extra_trees,150,AFP;Input;Output;Enquiry;File;Interface,"{""bootstrap"": true, ""max_depth"": null, ""max_features"": 0.5, ""min_samples_leaf"": 2, ""min_samples_split"": 5, ""n_estimators"": 500}",5710.4210579062465,3425278343.0,422006602,912947376.0
scale_nested_et|strict6|Quantile + MI|4|5|Small,extra_trees,150,AFP;Output;Enquiry,"{""bootstrap"": false, ""max_depth"": 10, ""max_features"": 1.0, ""min_samples_leaf"": 8, ""min_samples_split"": 10, ""n_estimators"": 300}",760.8973707090878,474713168.0,558159608,755576477.0
scale_nested_et|strict6|Quantile + MI|4|5|Medium,extra_trees,149,AFP;Output;File,"{""bootstrap"": false, ""max_depth"": 20, ""max_features"": 1.0, ""min_samples_leaf"": 8, ""min_samples_split"": 10, ""n_estimators"": 500}",1673.719874252074,1667534136.0,2242273143,2419509071.0
scale_nested_et|strict6|Quantile + MI|4|5|Large,extra_trees,150,AFP;Input;Enquiry,"{""bootstrap"": true, ""max_depth"": 20, ""max_features"": 1.0, ""min_samples_leaf"": 1, ""min_samples_split"": 5, ""n_estimators"": 300}",5530.362494996669,456741266.0,619768734,1743260379.0
benchmark|strict6|random_forest|4|5|All,random_forest,449,AFP;Input;Output;Enquiry;File;Interface,"{""bootstrap"": true, ""max_depth"": null, ""max_features"": 0.5, ""min_samples_leaf"": 8, ""min_samples_split"": 10, ""n_estimators"": 500}",2738.4629778844305,1149474696.0,2363581004,2718931999.0
benchmark|strict6|xgboost|4|5|All,xgboost,449,AFP;Input;Output;Enquiry;File;Interface,"{""colsample_bytree"": 1.0, ""learning_rate"": 0.02, ""max_depth"": 3, ""min_child_weight"": 3, ""n_estimators"": 200, ""reg_alpha"": 0.0, ""reg_lambda"": 10.0, ""subsample"": 1.0}",2701.755507167102,2217214325.0,2276124849,3830252621.0
benchmark|strict6|lightgbm|4|5|All,lightgbm,449,AFP;Input;Output;Enquiry;File;Interface,"{""colsample_bytree"": 1.0, ""learning_rate"": 0.02, ""max_depth"": 5, ""min_child_samples"": 20, ""n_estimators"": 400, ""num_leaves"": 31, ""reg_lambda"": 5.0, ""subsample"": 0.8}",2965.5636682071276,1758474474.0,4102834249,2795519466.0
benchmark|strict6|stacking|4|5|All,stacking,449,AFP;Input;Output;Enquiry;File;Interface,"{""base_models"": [""tuned_random_forest"", ""tuned_extra_trees"", ""tuned_xgboost""], ""meta_learner"": ""LinearRegression"", ""stack_cv_seed"": 2268640225, ""stack_cv_splits"": 5}",,,2268640225,
scale_nested_et|strict6|Global|4|6|All,extra_trees,449,AFP;Input;Output;Enquiry;File;Interface,"{""bootstrap"": true, ""max_depth"": null, ""max_features"": 0.75, ""min_samples_leaf"": 2, ""min_samples_split"": 10, ""n_estimators"": 500}",2557.465677843076,2760368889.0,2893150896,2518059322.0
scale_nested_et|strict6|Global + MI|4|6|All,extra_trees,449,AFP;Input;Enquiry,"{""bootstrap"": true, ""max_depth"": null, ""max_features"": 0.5, ""min_samples_leaf"": 1, ""min_samples_split"": 5, ""n_estimators"": 300}",2536.1386682620605,333965850.0,4278880200,2811119249.0
scale_nested_et|strict6|Quantile|4|6|Small,extra_trees,150,AFP;Input;Output;Enquiry;File;Interface,"{""bootstrap"": false, ""max_depth"": 10, ""max_features"": 0.5, ""min_samples_leaf"": 8, ""min_samples_split"": 5, ""n_estimators"": 300}",790.5136798051262,1027952519.0,3785482984,3413513434.0
scale_nested_et|strict6|Quantile|4|6|Medium,extra_trees,149,AFP;Input;Output;Enquiry;File;Interface,"{""bootstrap"": true, ""max_depth"": 10, ""max_features"": 0.75, ""min_samples_leaf"": 4, ""min_samples_split"": 2, ""n_estimators"": 500}",1506.6621913053807,4060317845.0,2381121275,754226172.0
scale_nested_et|strict6|Quantile|4|6|Large,extra_trees,150,AFP;Input;Output;Enquiry;File;Interface,"{""bootstrap"": true, ""max_depth"": 10, ""max_features"": 1.0, ""min_samples_leaf"": 4, ""min_samples_split"": 2, ""n_estimators"": 500}",5523.089774771052,2626071760.0,3031535362,3672094487.0
scale_nested_et|strict6|Quantile + MI|4|6|Small,extra_trees,150,AFP;Output;Enquiry,"{""bootstrap"": false, ""max_depth"": 10, ""max_features"": 0.75, ""min_samples_leaf"": 4, ""min_samples_split"": 10, ""n_estimators"": 300}",770.3247290718713,1009411451.0,1240056711,1202539540.0
scale_nested_et|strict6|Quantile + MI|4|6|Medium,extra_trees,149,AFP;Input;Output,"{""bootstrap"": true, ""max_depth"": null, ""max_features"": 0.5, ""min_samples_leaf"": 4, ""min_samples_split"": 5, ""n_estimators"": 300}",1514.1503170381802,4227356615.0,3187290145,1908811250.0
scale_nested_et|strict6|Quantile + MI|4|6|Large,extra_trees,150,AFP;Input;Enquiry,"{""bootstrap"": true, ""max_depth"": 20, ""max_features"": 0.5, ""min_samples_leaf"": 1, ""min_samples_split"": 10, ""n_estimators"": 300}",5306.999832402794,3349526812.0,1924819275,2476410182.0
benchmark|strict6|random_forest|4|6|All,random_forest,449,AFP;Input;Output;Enquiry;File;Interface,"{""bootstrap"": true, ""max_depth"": 20, ""max_features"": 0.75, ""min_samples_leaf"": 2, ""min_samples_split"": 10, ""n_estimators"": 500}",2711.6474205345353,2878895722.0,1922439107,1294495061.0
benchmark|strict6|xgboost|4|6|All,xgboost,449,AFP;Input;Output;Enquiry;File;Interface,"{""colsample_bytree"": 1.0, ""learning_rate"": 0.02, ""max_depth"": 2, ""min_child_weight"": 1, ""n_estimators"": 200, ""reg_alpha"": 0.0, ""reg_lambda"": 1.0, ""subsample"": 0.7}",2664.53956233287,3386828537.0,680370696,1152248224.0
benchmark|strict6|lightgbm|4|6|All,lightgbm,449,AFP;Input;Output;Enquiry;File;Interface,"{""colsample_bytree"": 1.0, ""learning_rate"": 0.02, ""max_depth"": 5, ""min_child_samples"": 10, ""n_estimators"": 400, ""num_leaves"": 15, ""reg_lambda"": 1.0, ""subsample"": 0.8}",2782.4964231415966,315653338.0,960532382,989579331.0
benchmark|strict6|stacking|4|6|All,stacking,449,AFP;Input;Output;Enquiry;File;Interface,"{""base_models"": [""tuned_random_forest"", ""tuned_extra_trees"", ""tuned_xgboost""], ""meta_learner"": ""LinearRegression"", ""stack_cv_seed"": 22449386, ""stack_cv_splits"": 5}",,,22449386,
scale_nested_et|strict6|Global|4|7|All,extra_trees,449,AFP;Input;Output;Enquiry;File;Interface,"{""bootstrap"": true, ""max_depth"": null, ""max_features"": 1.0, ""min_samples_leaf"": 4, ""min_samples_split"": 5, ""n_estimators"": 500}",2613.8095414799236,413485783.0,1788783580,4014767602.0
scale_nested_et|strict6|Global + MI|4|7|All,extra_trees,449,AFP;Input;Enquiry,"{""bootstrap"": true, ""max_depth"": null, ""max_features"": 1.0, ""min_samples_leaf"": 1, ""min_samples_split"": 10, ""n_estimators"": 300}",2545.9047634880158,115897106.0,3446715163,4131222866.0
scale_nested_et|strict6|Quantile|4|7|Small,extra_trees,153,AFP;Input;Output;Enquiry;File;Interface,"{""bootstrap"": false, ""max_depth"": 20, ""max_features"": 1.0, ""min_samples_leaf"": 4, ""min_samples_split"": 5, ""n_estimators"": 500}",745.491659469683,2777158607.0,2291601539,953701933.0
scale_nested_et|strict6|Quantile|4|7|Medium,extra_trees,146,AFP;Input;Output;Enquiry;File;Interface,"{""bootstrap"": true, ""max_depth"": 10, ""max_features"": 0.5, ""min_samples_leaf"": 8, ""min_samples_split"": 10, ""n_estimators"": 500}",1663.0090576518724,2949265269.0,2515048439,3209191125.0
scale_nested_et|strict6|Quantile|4|7|Large,extra_trees,150,AFP;Input;Output;Enquiry;File;Interface,"{""bootstrap"": false, ""max_depth"": 10, ""max_features"": 1.0, ""min_samples_leaf"": 4, ""min_samples_split"": 2, ""n_estimators"": 500}",5239.8790318546025,2584640515.0,777178269,3804343454.0
scale_nested_et|strict6|Quantile + MI|4|7|Small,extra_trees,153,Output;Enquiry;Interface,"{""bootstrap"": false, ""max_depth"": 10, ""max_features"": 1.0, ""min_samples_leaf"": 8, ""min_samples_split"": 2, ""n_estimators"": 300}",778.3244618193148,1103880576.0,3190466563,975785087.0
scale_nested_et|strict6|Quantile + MI|4|7|Medium,extra_trees,146,AFP;Output;File,"{""bootstrap"": true, ""max_depth"": 20, ""max_features"": 0.5, ""min_samples_leaf"": 1, ""min_samples_split"": 2, ""n_estimators"": 300}",1601.2528396636433,2946761476.0,3311511966,2980229799.0
scale_nested_et|strict6|Quantile + MI|4|7|Large,extra_trees,150,AFP;Input;Enquiry,"{""bootstrap"": true, ""max_depth"": null, ""max_features"": 1.0, ""min_samples_leaf"": 1, ""min_samples_split"": 10, ""n_estimators"": 300}",5271.664919141943,1072805832.0,3856540914,1285458895.0
benchmark|strict6|random_forest|4|7|All,random_forest,449,AFP;Input;Output;Enquiry;File;Interface,"{""bootstrap"": true, ""max_depth"": null, ""max_features"": 0.75, ""min_samples_leaf"": 4, ""min_samples_split"": 5, ""n_estimators"": 500}",2608.523768375818,2092598644.0,2107312566,3831212622.0
benchmark|strict6|xgboost|4|7|All,xgboost,449,AFP;Input;Output;Enquiry;File;Interface,"{""colsample_bytree"": 1.0, ""learning_rate"": 0.02, ""max_depth"": 2, ""min_child_weight"": 1, ""n_estimators"": 400, ""reg_alpha"": 1.0, ""reg_lambda"": 10.0, ""subsample"": 0.7}",2583.394977397421,1583495315.0,3129729457,1132263117.0
benchmark|strict6|lightgbm|4|7|All,lightgbm,449,AFP;Input;Output;Enquiry;File;Interface,"{""colsample_bytree"": 0.8, ""learning_rate"": 0.1, ""max_depth"": 5, ""min_child_samples"": 40, ""n_estimators"": 200, ""num_leaves"": 31, ""reg_lambda"": 1.0, ""subsample"": 1.0}",2846.1703317945116,310551066.0,243472394,2922448312.0
benchmark|strict6|stacking|4|7|All,stacking,449,AFP;Input;Output;Enquiry;File;Interface,"{""base_models"": [""tuned_random_forest"", ""tuned_extra_trees"", ""tuned_xgboost""], ""meta_learner"": ""LinearRegression"", ""stack_cv_seed"": 1626357843, ""stack_cv_splits"": 5}",,,1626357843,
scale_nested_et|strict6|Global|4|8|All,extra_trees,449,AFP;Input;Output;Enquiry;File;Interface,"{""bootstrap"": false, ""max_depth"": null, ""max_features"": 0.75, ""min_samples_leaf"": 4, ""min_samples_split"": 5, ""n_estimators"": 300}",2736.486280587243,1706948070.0,3167013296,2787964847.0
scale_nested_et|strict6|Global + MI|4|8|All,extra_trees,449,AFP;Input;Enquiry,"{""bootstrap"": false, ""max_depth"": 10, ""max_features"": 0.5, ""min_samples_leaf"": 1, ""min_samples_split"": 10, ""n_estimators"": 300}",2620.6992698976296,2193239661.0,3681844211,2233338737.0
scale_nested_et|strict6|Quantile|4|8|Small,extra_trees,150,AFP;Input;Output;Enquiry;File;Interface,"{""bootstrap"": true, ""max_depth"": 20, ""max_features"": 1.0, ""min_samples_leaf"": 8, ""min_samples_split"": 2, ""n_estimators"": 500}",732.3562268141635,1454372623.0,2110436999,3818451822.0
scale_nested_et|strict6|Quantile|4|8|Medium,extra_trees,149,AFP;Input;Output;Enquiry;File;Interface,"{""bootstrap"": false, ""max_depth"": 20, ""max_features"": 0.75, ""min_samples_leaf"": 8, ""min_samples_split"": 10, ""n_estimators"": 300}",1693.555154765713,3532423165.0,321157451,3051985770.0
scale_nested_et|strict6|Quantile|4|8|Large,extra_trees,150,AFP;Input;Output;Enquiry;File;Interface,"{""bootstrap"": true, ""max_depth"": null, ""max_features"": 1.0, ""min_samples_leaf"": 4, ""min_samples_split"": 10, ""n_estimators"": 500}",5667.31708567046,1088629517.0,1477907316,1964380273.0
scale_nested_et|strict6|Quantile + MI|4|8|Small,extra_trees,150,AFP;Output;Enquiry,"{""bootstrap"": false, ""max_depth"": 10, ""max_features"": 1.0, ""min_samples_leaf"": 8, ""min_samples_split"": 5, ""n_estimators"": 500}",733.1116518398361,4184801141.0,4244305139,2757262874.0
scale_nested_et|strict6|Quantile + MI|4|8|Medium,extra_trees,149,AFP;Output;Interface,"{""bootstrap"": true, ""max_depth"": 20, ""max_features"": 0.5, ""min_samples_leaf"": 4, ""min_samples_split"": 2, ""n_estimators"": 500}",1669.8844816135627,1879191732.0,1743627796,2283469222.0
scale_nested_et|strict6|Quantile + MI|4|8|Large,extra_trees,150,AFP;Input;Enquiry,"{""bootstrap"": false, ""max_depth"": null, ""max_features"": 0.75, ""min_samples_leaf"": 2, ""min_samples_split"": 10, ""n_estimators"": 500}",5686.42831349961,3445966448.0,456620642,2101377888.0
benchmark|strict6|random_forest|4|8|All,random_forest,449,AFP;Input;Output;Enquiry;File;Interface,"{""bootstrap"": true, ""max_depth"": 20, ""max_features"": ""sqrt"", ""min_samples_leaf"": 8, ""min_samples_split"": 2, ""n_estimators"": 500}",2644.0213372407993,1601037506.0,3655657432,1023589478.0
benchmark|strict6|xgboost|4|8|All,xgboost,449,AFP;Input;Output;Enquiry;File;Interface,"{""colsample_bytree"": 0.7, ""learning_rate"": 0.02, ""max_depth"": 2, ""min_child_weight"": 3, ""n_estimators"": 400, ""reg_alpha"": 1.0, ""reg_lambda"": 5.0, ""subsample"": 0.7}",2787.0427434506223,3561225009.0,1271265411,99078617.0
benchmark|strict6|lightgbm|4|8|All,lightgbm,449,AFP;Input;Output;Enquiry;File;Interface,"{""colsample_bytree"": 1.0, ""learning_rate"": 0.02, ""max_depth"": 5, ""min_child_samples"": 20, ""n_estimators"": 200, ""num_leaves"": 7, ""reg_lambda"": 0.0, ""subsample"": 1.0}",2718.288113014431,821724442.0,2244369282,40808906.0
benchmark|strict6|stacking|4|8|All,stacking,449,AFP;Input;Output;Enquiry;File;Interface,"{""base_models"": [""tuned_random_forest"", ""tuned_extra_trees"", ""tuned_xgboost""], ""meta_learner"": ""LinearRegression"", ""stack_cv_seed"": 1868053074, ""stack_cv_splits"": 5}",,,1868053074,
scale_nested_et|strict6|Global|4|9|All,extra_trees,449,AFP;Input;Output;Enquiry;File;Interface,"{""bootstrap"": false, ""max_depth"": 10, ""max_features"": 0.5, ""min_samples_leaf"": 1, ""min_samples_split"": 10, ""n_estimators"": 500}",2820.339248820998,3949780824.0,907737130,626185083.0
scale_nested_et|strict6|Global + MI|4|9|All,extra_trees,449,AFP;Input;Enquiry,"{""bootstrap"": true, ""max_depth"": 10, ""max_features"": 0.75, ""min_samples_leaf"": 1, ""min_samples_split"": 10, ""n_estimators"": 500}",2779.7348828545437,2054767170.0,222829920,4276011708.0
scale_nested_et|strict6|Quantile|4|9|Small,extra_trees,152,AFP;Input;Output;Enquiry;File;Interface,"{""bootstrap"": false, ""max_depth"": null, ""max_features"": 1.0, ""min_samples_leaf"": 8, ""min_samples_split"": 5, ""n_estimators"": 300}",777.8799536609421,924057382.0,205297567,2134315109.0
scale_nested_et|strict6|Quantile|4|9|Medium,extra_trees,147,AFP;Input;Output;Enquiry;File;Interface,"{""bootstrap"": true, ""max_depth"": 10, ""max_features"": 0.5, ""min_samples_leaf"": 8, ""min_samples_split"": 10, ""n_estimators"": 500}",1665.8458181156223,4217071864.0,2177684958,1677979602.0
scale_nested_et|strict6|Quantile|4|9|Large,extra_trees,150,AFP;Input;Output;Enquiry;File;Interface,"{""bootstrap"": true, ""max_depth"": 10, ""max_features"": 0.5, ""min_samples_leaf"": 2, ""min_samples_split"": 5, ""n_estimators"": 300}",5861.738371328404,2276027978.0,2285842452,1935989099.0
scale_nested_et|strict6|Quantile + MI|4|9|Small,extra_trees,152,Input;Enquiry;Interface,"{""bootstrap"": false, ""max_depth"": 20, ""max_features"": 0.75, ""min_samples_leaf"": 4, ""min_samples_split"": 2, ""n_estimators"": 300}",818.1636383295767,2823526736.0,1460384133,1339830474.0
scale_nested_et|strict6|Quantile + MI|4|9|Medium,extra_trees,147,Input;Output;Interface,"{""bootstrap"": false, ""max_depth"": 20, ""max_features"": 0.75, ""min_samples_leaf"": 4, ""min_samples_split"": 5, ""n_estimators"": 300}",1637.993744701441,2978780742.0,1275030835,872140432.0
scale_nested_et|strict6|Quantile + MI|4|9|Large,extra_trees,150,AFP;Input;Enquiry,"{""bootstrap"": true, ""max_depth"": 10, ""max_features"": 0.5, ""min_samples_leaf"": 1, ""min_samples_split"": 10, ""n_estimators"": 300}",5678.018827711002,4287359168.0,3503228049,3145819767.0
benchmark|strict6|random_forest|4|9|All,random_forest,449,AFP;Input;Output;Enquiry;File;Interface,"{""bootstrap"": true, ""max_depth"": null, ""max_features"": 0.75, ""min_samples_leaf"": 8, ""min_samples_split"": 10, ""n_estimators"": 300}",2722.569318717671,3946092125.0,3471159041,1407083454.0
benchmark|strict6|xgboost|4|9|All,xgboost,449,AFP;Input;Output;Enquiry;File;Interface,"{""colsample_bytree"": 0.7, ""learning_rate"": 0.02, ""max_depth"": 5, ""min_child_weight"": 3, ""n_estimators"": 200, ""reg_alpha"": 0.1, ""reg_lambda"": 5.0, ""subsample"": 0.7}",2772.461143326386,1319262168.0,3677846446,4130309806.0
benchmark|strict6|lightgbm|4|9|All,lightgbm,449,AFP;Input;Output;Enquiry;File;Interface,"{""colsample_bytree"": 0.8, ""learning_rate"": 0.02, ""max_depth"": 5, ""min_child_samples"": 10, ""n_estimators"": 200, ""num_leaves"": 7, ""reg_lambda"": 0.0, ""subsample"": 1.0}",2784.9171233148177,931447206.0,3092052748,366720545.0
benchmark|strict6|stacking|4|9|All,stacking,449,AFP;Input;Output;Enquiry;File;Interface,"{""base_models"": [""tuned_random_forest"", ""tuned_extra_trees"", ""tuned_xgboost""], ""meta_learner"": ""LinearRegression"", ""stack_cv_seed"": 2508766461, ""stack_cv_splits"": 5}",,,2508766461,
scale_nested_et|strict6|Global|4|10|All,extra_trees,450,AFP;Input;Output;Enquiry;File;Interface,"{""bootstrap"": true, ""max_depth"": null, ""max_features"": 0.5, ""min_samples_leaf"": 1, ""min_samples_split"": 10, ""n_estimators"": 500}",2561.8201438453348,2322050449.0,1665661527,3613656976.0
scale_nested_et|strict6|Global + MI|4|10|All,extra_trees,450,AFP;Input;Enquiry,"{""bootstrap"": true, ""max_depth"": 20, ""max_features"": 0.5, ""min_samples_leaf"": 1, ""min_samples_split"": 5, ""n_estimators"": 500}",2540.3228139574912,693481698.0,1807976732,4106459774.0
scale_nested_et|strict6|Quantile|4|10|Small,extra_trees,152,AFP;Input;Output;Enquiry;File;Interface,"{""bootstrap"": true, ""max_depth"": 10, ""max_features"": 0.5, ""min_samples_leaf"": 4, ""min_samples_split"": 2, ""n_estimators"": 500}",709.673570705128,2363269525.0,2721811004,2452435894.0
scale_nested_et|strict6|Quantile|4|10|Medium,extra_trees,148,AFP;Input;Output;Enquiry;File;Interface,"{""bootstrap"": true, ""max_depth"": 10, ""max_features"": 0.5, ""min_samples_leaf"": 2, ""min_samples_split"": 2, ""n_estimators"": 500}",1589.2529085673814,141683155.0,432003410,3573824757.0
scale_nested_et|strict6|Quantile|4|10|Large,extra_trees,150,AFP;Input;Output;Enquiry;File;Interface,"{""bootstrap"": true, ""max_depth"": 20, ""max_features"": 0.75, ""min_samples_leaf"": 2, ""min_samples_split"": 5, ""n_estimators"": 500}",5536.095958463462,2753105407.0,2446707757,2215165380.0
scale_nested_et|strict6|Quantile + MI|4|10|Small,extra_trees,152,AFP;Input;Enquiry,"{""bootstrap"": false, ""max_depth"": 10, ""max_features"": 1.0, ""min_samples_leaf"": 4, ""min_samples_split"": 10, ""n_estimators"": 300}",701.0329771377551,1912971060.0,4195966512,454638833.0
scale_nested_et|strict6|Quantile + MI|4|10|Medium,extra_trees,148,AFP;Output;Interface,"{""bootstrap"": false, ""max_depth"": 10, ""max_features"": 0.5, ""min_samples_leaf"": 2, ""min_samples_split"": 10, ""n_estimators"": 500}",1632.8539557156857,2620139331.0,4175482243,1832677311.0
scale_nested_et|strict6|Quantile + MI|4|10|Large,extra_trees,150,AFP;Input;Enquiry,"{""bootstrap"": false, ""max_depth"": null, ""max_features"": 1.0, ""min_samples_leaf"": 2, ""min_samples_split"": 10, ""n_estimators"": 300}",5412.975889378054,2344428167.0,3210154200,371535334.0
benchmark|strict6|random_forest|4|10|All,random_forest,450,AFP;Input;Output;Enquiry;File;Interface,"{""bootstrap"": true, ""max_depth"": 20, ""max_features"": 0.75, ""min_samples_leaf"": 8, ""min_samples_split"": 10, ""n_estimators"": 300}",2610.1977227242046,1194387825.0,725579752,433402065.0
benchmark|strict6|xgboost|4|10|All,xgboost,450,AFP;Input;Output;Enquiry;File;Interface,"{""colsample_bytree"": 0.7, ""learning_rate"": 0.02, ""max_depth"": 3, ""min_child_weight"": 1, ""n_estimators"": 400, ""reg_alpha"": 0.0, ""reg_lambda"": 10.0, ""subsample"": 0.7}",2714.5301745605466,3042521629.0,3941817944,1346551705.0
benchmark|strict6|lightgbm|4|10|All,lightgbm,450,AFP;Input;Output;Enquiry;File;Interface,"{""colsample_bytree"": 0.8, ""learning_rate"": 0.05, ""max_depth"": 10, ""min_child_samples"": 20, ""n_estimators"": 200, ""num_leaves"": 7, ""reg_lambda"": 0.0, ""subsample"": 0.8}",2740.56370179147,1904484138.0,2675152200,805820609.0
benchmark|strict6|stacking|4|10|All,stacking,450,AFP;Input;Output;Enquiry;File;Interface,"{""base_models"": [""tuned_random_forest"", ""tuned_extra_trees"", ""tuned_xgboost""], ""meta_learner"": ""LinearRegression"", ""stack_cv_seed"": 3109501721, ""stack_cv_splits"": 5}",,,3109501721,
scale_nested_et|strict6|Global|5|1|All,extra_trees,449,AFP;Input;Output;Enquiry;File;Interface,"{""bootstrap"": true, ""max_depth"": 10, ""max_features"": 1.0, ""min_samples_leaf"": 2, ""min_samples_split"": 5, ""n_estimators"": 300}",2640.6534726815485,864396034.0,570575051,2565330266.0
scale_nested_et|strict6|Global + MI|5|1|All,extra_trees,449,AFP;Input;Enquiry,"{""bootstrap"": false, ""max_depth"": 20, ""max_features"": 1.0, ""min_samples_leaf"": 1, ""min_samples_split"": 10, ""n_estimators"": 300}",2615.640471721197,169944278.0,3101841423,168809757.0
scale_nested_et|strict6|Quantile|5|1|Small,extra_trees,152,AFP;Input;Output;Enquiry;File;Interface,"{""bootstrap"": true, ""max_depth"": null, ""max_features"": 0.75, ""min_samples_leaf"": 8, ""min_samples_split"": 10, ""n_estimators"": 300}",754.6326171155652,4036816564.0,2231719114,2650272662.0
scale_nested_et|strict6|Quantile|5|1|Medium,extra_trees,147,AFP;Input;Output;Enquiry;File;Interface,"{""bootstrap"": true, ""max_depth"": 20, ""max_features"": 0.5, ""min_samples_leaf"": 4, ""min_samples_split"": 10, ""n_estimators"": 500}",1622.683000016529,4111152593.0,1605782238,1760204782.0
scale_nested_et|strict6|Quantile|5|1|Large,extra_trees,150,AFP;Input;Output;Enquiry;File;Interface,"{""bootstrap"": true, ""max_depth"": 10, ""max_features"": 0.75, ""min_samples_leaf"": 2, ""min_samples_split"": 10, ""n_estimators"": 300}",5490.117280013812,3634012869.0,1721005884,3219636916.0
scale_nested_et|strict6|Quantile + MI|5|1|Small,extra_trees,152,AFP;Input;Enquiry,"{""bootstrap"": true, ""max_depth"": 10, ""max_features"": 0.5, ""min_samples_leaf"": 1, ""min_samples_split"": 10, ""n_estimators"": 300}",737.6252063977327,3466787981.0,1083080121,2812823656.0
scale_nested_et|strict6|Quantile + MI|5|1|Medium,extra_trees,147,AFP;Input;Output,"{""bootstrap"": true, ""max_depth"": 20, ""max_features"": 0.5, ""min_samples_leaf"": 4, ""min_samples_split"": 5, ""n_estimators"": 500}",1608.746397061783,2970735902.0,1702497011,602591861.0
scale_nested_et|strict6|Quantile + MI|5|1|Large,extra_trees,150,AFP;Input;Enquiry,"{""bootstrap"": false, ""max_depth"": null, ""max_features"": 1.0, ""min_samples_leaf"": 1, ""min_samples_split"": 10, ""n_estimators"": 300}",5616.907384708994,2502547839.0,3782170789,1731930461.0
benchmark|strict6|random_forest|5|1|All,random_forest,449,AFP;Input;Output;Enquiry;File;Interface,"{""bootstrap"": true, ""max_depth"": 10, ""max_features"": 0.5, ""min_samples_leaf"": 8, ""min_samples_split"": 2, ""n_estimators"": 300}",2637.213283211495,3239786520.0,1572093372,1328313922.0
benchmark|strict6|xgboost|5|1|All,xgboost,449,AFP;Input;Output;Enquiry;File;Interface,"{""colsample_bytree"": 0.7, ""learning_rate"": 0.02, ""max_depth"": 5, ""min_child_weight"": 5, ""n_estimators"": 400, ""reg_alpha"": 1.0, ""reg_lambda"": 5.0, ""subsample"": 0.7}",2835.8720721330865,215418004.0,2248847958,1430765707.0
benchmark|strict6|lightgbm|5|1|All,lightgbm,449,AFP;Input;Output;Enquiry;File;Interface,"{""colsample_bytree"": 1.0, ""learning_rate"": 0.02, ""max_depth"": 5, ""min_child_samples"": 10, ""n_estimators"": 200, ""num_leaves"": 31, ""reg_lambda"": 0.0, ""subsample"": 1.0}",2761.5249652285765,2140242707.0,4125212495,3274799331.0
benchmark|strict6|stacking|5|1|All,stacking,449,AFP;Input;Output;Enquiry;File;Interface,"{""base_models"": [""tuned_random_forest"", ""tuned_extra_trees"", ""tuned_xgboost""], ""meta_learner"": ""LinearRegression"", ""stack_cv_seed"": 339568440, ""stack_cv_splits"": 5}",,,339568440,
scale_nested_et|strict6|Global|5|2|All,extra_trees,449,AFP;Input;Output;Enquiry;File;Interface,"{""bootstrap"": true, ""max_depth"": 20, ""max_features"": 0.75, ""min_samples_leaf"": 4, ""min_samples_split"": 5, ""n_estimators"": 500}",2572.413472115481,2889745839.0,1207108960,3366709614.0
scale_nested_et|strict6|Global + MI|5|2|All,extra_trees,449,AFP;Input;Enquiry,"{""bootstrap"": true, ""max_depth"": 20, ""max_features"": 0.75, ""min_samples_leaf"": 2, ""min_samples_split"": 5, ""n_estimators"": 500}",2627.5208502783057,719480937.0,3360751841,612740109.0
scale_nested_et|strict6|Quantile|5|2|Small,extra_trees,150,AFP;Input;Output;Enquiry;File;Interface,"{""bootstrap"": false, ""max_depth"": null, ""max_features"": 1.0, ""min_samples_leaf"": 4, ""min_samples_split"": 10, ""n_estimators"": 300}",827.9245978987707,3534598756.0,2492529836,3362003706.0
scale_nested_et|strict6|Quantile|5|2|Medium,extra_trees,149,AFP;Input;Output;Enquiry;File;Interface,"{""bootstrap"": true, ""max_depth"": null, ""max_features"": 0.75, ""min_samples_leaf"": 2, ""min_samples_split"": 10, ""n_estimators"": 500}",1623.4680896454036,4292656945.0,2951897585,1168302797.0
scale_nested_et|strict6|Quantile|5|2|Large,extra_trees,150,AFP;Input;Output;Enquiry;File;Interface,"{""bootstrap"": false, ""max_depth"": null, ""max_features"": 1.0, ""min_samples_leaf"": 4, ""min_samples_split"": 5, ""n_estimators"": 500}",5287.557588488009,3624345795.0,943882573,1415407927.0
scale_nested_et|strict6|Quantile + MI|5|2|Small,extra_trees,150,AFP;Input;Enquiry,"{""bootstrap"": true, ""max_depth"": null, ""max_features"": 0.5, ""min_samples_leaf"": 4, ""min_samples_split"": 10, ""n_estimators"": 300}",801.7789575758426,957577103.0,3991643293,2784098291.0
scale_nested_et|strict6|Quantile + MI|5|2|Medium,extra_trees,149,AFP;Output;File,"{""bootstrap"": true, ""max_depth"": 10, ""max_features"": 0.5, ""min_samples_leaf"": 4, ""min_samples_split"": 2, ""n_estimators"": 300}",1592.0293582930408,2105536680.0,1500528132,1728435259.0
scale_nested_et|strict6|Quantile + MI|5|2|Large,extra_trees,150,AFP;Input;Enquiry,"{""bootstrap"": true, ""max_depth"": 10, ""max_features"": 0.75, ""min_samples_leaf"": 1, ""min_samples_split"": 10, ""n_estimators"": 500}",5264.961550612184,2758669171.0,677103596,1394402404.0
benchmark|strict6|random_forest|5|2|All,random_forest,449,AFP;Input;Output;Enquiry;File;Interface,"{""bootstrap"": true, ""max_depth"": 10, ""max_features"": 0.75, ""min_samples_leaf"": 8, ""min_samples_split"": 5, ""n_estimators"": 300}",2568.038434675466,304926984.0,1133835301,2730571892.0
benchmark|strict6|xgboost|5|2|All,xgboost,449,AFP;Input;Output;Enquiry;File;Interface,"{""colsample_bytree"": 0.9, ""learning_rate"": 0.02, ""max_depth"": 2, ""min_child_weight"": 5, ""n_estimators"": 400, ""reg_alpha"": 1.0, ""reg_lambda"": 5.0, ""subsample"": 0.9}",2716.725454689612,526288119.0,1126813754,2991174625.0
benchmark|strict6|lightgbm|5|2|All,lightgbm,449,AFP;Input;Output;Enquiry;File;Interface,"{""colsample_bytree"": 0.8, ""learning_rate"": 0.02, ""max_depth"": 5, ""min_child_samples"": 10, ""n_estimators"": 200, ""num_leaves"": 31, ""reg_lambda"": 0.0, ""subsample"": 1.0}",2664.5318818386236,1675027252.0,2528525292,2394075106.0
benchmark|strict6|stacking|5|2|All,stacking,449,AFP;Input;Output;Enquiry;File;Interface,"{""base_models"": [""tuned_random_forest"", ""tuned_extra_trees"", ""tuned_xgboost""], ""meta_learner"": ""LinearRegression"", ""stack_cv_seed"": 2864153708, ""stack_cv_splits"": 5}",,,2864153708,
scale_nested_et|strict6|Global|5|3|All,extra_trees,449,AFP;Input;Output;Enquiry;File;Interface,"{""bootstrap"": true, ""max_depth"": 10, ""max_features"": 1.0, ""min_samples_leaf"": 2, ""min_samples_split"": 10, ""n_estimators"": 300}",2656.5407788080906,3445777096.0,406897352,1114353343.0
scale_nested_et|strict6|Global + MI|5|3|All,extra_trees,449,AFP;Input;Enquiry,"{""bootstrap"": false, ""max_depth"": 20, ""max_features"": 0.75, ""min_samples_leaf"": 1, ""min_samples_split"": 10, ""n_estimators"": 500}",2617.1738347705386,1098514027.0,696025548,2514702659.0
scale_nested_et|strict6|Quantile|5|3|Small,extra_trees,150,AFP;Input;Output;Enquiry;File;Interface,"{""bootstrap"": true, ""max_depth"": 20, ""max_features"": 0.75, ""min_samples_leaf"": 4, ""min_samples_split"": 10, ""n_estimators"": 300}",772.986007888457,4072728943.0,1180731450,9591064.0
scale_nested_et|strict6|Quantile|5|3|Medium,extra_trees,149,AFP;Input;Output;Enquiry;File;Interface,"{""bootstrap"": false, ""max_depth"": 20, ""max_features"": 0.5, ""min_samples_leaf"": 8, ""min_samples_split"": 2, ""n_estimators"": 500}",1682.0560600112592,1161296798.0,1460179244,1188608068.0
scale_nested_et|strict6|Quantile|5|3|Large,extra_trees,150,AFP;Input;Output;Enquiry;File;Interface,"{""bootstrap"": true, ""max_depth"": 20, ""max_features"": 1.0, ""min_samples_leaf"": 4, ""min_samples_split"": 2, ""n_estimators"": 300}",5546.140328080609,2739500048.0,2636512855,1547823960.0
scale_nested_et|strict6|Quantile + MI|5|3|Small,extra_trees,150,Input;Output;Enquiry,"{""bootstrap"": false, ""max_depth"": 20, ""max_features"": 0.5, ""min_samples_leaf"": 2, ""min_samples_split"": 10, ""n_estimators"": 300}",799.6574844812982,804665423.0,1691680022,3947937833.0
scale_nested_et|strict6|Quantile + MI|5|3|Medium,extra_trees,149,AFP;Output;Interface,"{""bootstrap"": true, ""max_depth"": null, ""max_features"": 0.5, ""min_samples_leaf"": 4, ""min_samples_split"": 5, ""n_estimators"": 300}",1693.0035816088202,2915573387.0,3845172,2925010367.0
scale_nested_et|strict6|Quantile + MI|5|3|Large,extra_trees,150,AFP;Input;Enquiry,"{""bootstrap"": true, ""max_depth"": 10, ""max_features"": 1.0, ""min_samples_leaf"": 2, ""min_samples_split"": 10, ""n_estimators"": 500}",5334.747759115658,395199450.0,3239507512,940614821.0
benchmark|strict6|random_forest|5|3|All,random_forest,449,AFP;Input;Output;Enquiry;File;Interface,"{""bootstrap"": true, ""max_depth"": null, ""max_features"": 0.5, ""min_samples_leaf"": 4, ""min_samples_split"": 10, ""n_estimators"": 500}",2794.03282322976,374634225.0,3820574129,1338130624.0
benchmark|strict6|xgboost|5|3|All,xgboost,449,AFP;Input;Output;Enquiry;File;Interface,"{""colsample_bytree"": 1.0, ""learning_rate"": 0.05, ""max_depth"": 3, ""min_child_weight"": 1, ""n_estimators"": 200, ""reg_alpha"": 0.1, ""reg_lambda"": 10.0, ""subsample"": 0.9}",2825.180084337751,2363934826.0,3978556443,3006170656.0
benchmark|strict6|lightgbm|5|3|All,lightgbm,449,AFP;Input;Output;Enquiry;File;Interface,"{""colsample_bytree"": 1.0, ""learning_rate"": 0.02, ""max_depth"": -1, ""min_child_samples"": 10, ""n_estimators"": 200, ""num_leaves"": 7, ""reg_lambda"": 5.0, ""subsample"": 0.8}",2696.855121457431,1196071869.0,4116906524,406745316.0
benchmark|strict6|stacking|5|3|All,stacking,449,AFP;Input;Output;Enquiry;File;Interface,"{""base_models"": [""tuned_random_forest"", ""tuned_extra_trees"", ""tuned_xgboost""], ""meta_learner"": ""LinearRegression"", ""stack_cv_seed"": 1306627608, ""stack_cv_splits"": 5}",,,1306627608,
scale_nested_et|strict6|Global|5|4|All,extra_trees,449,AFP;Input;Output;Enquiry;File;Interface,"{""bootstrap"": true, ""max_depth"": null, ""max_features"": 1.0, ""min_samples_leaf"": 2, ""min_samples_split"": 10, ""n_estimators"": 500}",2513.063760110417,647615694.0,639911999,27123744.0
scale_nested_et|strict6|Global + MI|5|4|All,extra_trees,449,AFP;Input;Enquiry,"{""bootstrap"": true, ""max_depth"": 10, ""max_features"": 1.0, ""min_samples_leaf"": 2, ""min_samples_split"": 5, ""n_estimators"": 500}",2551.324483738177,1989349317.0,2287180299,2636252104.0
scale_nested_et|strict6|Quantile|5|4|Small,extra_trees,152,AFP;Input;Output;Enquiry;File;Interface,"{""bootstrap"": false, ""max_depth"": 10, ""max_features"": 0.75, ""min_samples_leaf"": 8, ""min_samples_split"": 2, ""n_estimators"": 300}",791.2411426629811,3263745545.0,1563532278,2488658305.0
scale_nested_et|strict6|Quantile|5|4|Medium,extra_trees,147,AFP;Input;Output;Enquiry;File;Interface,"{""bootstrap"": true, ""max_depth"": 20, ""max_features"": 1.0, ""min_samples_leaf"": 8, ""min_samples_split"": 10, ""n_estimators"": 500}",1724.023423707946,3394898891.0,3571292497,3007186340.0
scale_nested_et|strict6|Quantile|5|4|Large,extra_trees,150,AFP;Input;Output;Enquiry;File;Interface,"{""bootstrap"": true, ""max_depth"": 20, ""max_features"": 0.75, ""min_samples_leaf"": 2, ""min_samples_split"": 10, ""n_estimators"": 500}",5375.158522888521,2977064687.0,1100750809,2659296748.0
scale_nested_et|strict6|Quantile + MI|5|4|Small,extra_trees,152,AFP;Output;Enquiry,"{""bootstrap"": false, ""max_depth"": 20, ""max_features"": 1.0, ""min_samples_leaf"": 8, ""min_samples_split"": 5, ""n_estimators"": 300}",787.5989875531532,3272941552.0,2043949727,3025811498.0
scale_nested_et|strict6|Quantile + MI|5|4|Medium,extra_trees,147,AFP;Output;Interface,"{""bootstrap"": true, ""max_depth"": 20, ""max_features"": 0.5, ""min_samples_leaf"": 2, ""min_samples_split"": 2, ""n_estimators"": 500}",1622.9255231598188,2989648650.0,3607314968,3151905361.0
scale_nested_et|strict6|Quantile + MI|5|4|Large,extra_trees,150,AFP;Input;Enquiry,"{""bootstrap"": true, ""max_depth"": null, ""max_features"": 1.0, ""min_samples_leaf"": 1, ""min_samples_split"": 10, ""n_estimators"": 300}",5599.583993369968,1700959803.0,3030868318,1041947982.0
benchmark|strict6|random_forest|5|4|All,random_forest,449,AFP;Input;Output;Enquiry;File;Interface,"{""bootstrap"": true, ""max_depth"": null, ""max_features"": ""sqrt"", ""min_samples_leaf"": 8, ""min_samples_split"": 5, ""n_estimators"": 500}",2613.8575099547647,1845226223.0,2106931340,2272182113.0
benchmark|strict6|xgboost|5|4|All,xgboost,449,AFP;Input;Output;Enquiry;File;Interface,"{""colsample_bytree"": 0.7, ""learning_rate"": 0.02, ""max_depth"": 3, ""min_child_weight"": 1, ""n_estimators"": 200, ""reg_alpha"": 1.0, ""reg_lambda"": 5.0, ""subsample"": 0.9}",2666.7955056241553,532569043.0,1295321083,984162969.0
benchmark|strict6|lightgbm|5|4|All,lightgbm,449,AFP;Input;Output;Enquiry;File;Interface,"{""colsample_bytree"": 0.8, ""learning_rate"": 0.02, ""max_depth"": -1, ""min_child_samples"": 20, ""n_estimators"": 400, ""num_leaves"": 15, ""reg_lambda"": 0.0, ""subsample"": 0.8}",2795.1931148796743,1292974984.0,2517311458,954969674.0
benchmark|strict6|stacking|5|4|All,stacking,449,AFP;Input;Output;Enquiry;File;Interface,"{""base_models"": [""tuned_random_forest"", ""tuned_extra_trees"", ""tuned_xgboost""], ""meta_learner"": ""LinearRegression"", ""stack_cv_seed"": 4224467439, ""stack_cv_splits"": 5}",,,4224467439,
scale_nested_et|strict6|Global|5|5|All,extra_trees,449,AFP;Input;Output;Enquiry;File;Interface,"{""bootstrap"": true, ""max_depth"": 10, ""max_features"": 1.0, ""min_samples_leaf"": 1, ""min_samples_split"": 2, ""n_estimators"": 300}",2726.8866388398787,3202982155.0,4226501919,1125540028.0
scale_nested_et|strict6|Global + MI|5|5|All,extra_trees,449,AFP;Input;Enquiry,"{""bootstrap"": true, ""max_depth"": 10, ""max_features"": 1.0, ""min_samples_leaf"": 2, ""min_samples_split"": 10, ""n_estimators"": 500}",2627.417424920993,562330462.0,2957280515,1089882776.0
scale_nested_et|strict6|Quantile|5|5|Small,extra_trees,151,AFP;Input;Output;Enquiry;File;Interface,"{""bootstrap"": true, ""max_depth"": null, ""max_features"": 1.0, ""min_samples_leaf"": 8, ""min_samples_split"": 2, ""n_estimators"": 300}",792.0286390900386,1798080499.0,1993152988,3060122398.0
scale_nested_et|strict6|Quantile|5|5|Medium,extra_trees,148,AFP;Input;Output;Enquiry;File;Interface,"{""bootstrap"": true, ""max_depth"": null, ""max_features"": 0.75, ""min_samples_leaf"": 8, ""min_samples_split"": 5, ""n_estimators"": 500}",1592.4830546364492,1653256441.0,4163745639,1617359427.0
scale_nested_et|strict6|Quantile|5|5|Large,extra_trees,150,AFP;Input;Output;Enquiry;File;Interface,"{""bootstrap"": true, ""max_depth"": 10, ""max_features"": 0.5, ""min_samples_leaf"": 2, ""min_samples_split"": 5, ""n_estimators"": 300}",5684.111402188573,3580339370.0,2357818564,3613056898.0
scale_nested_et|strict6|Quantile + MI|5|5|Small,extra_trees,151,AFP;Output;Enquiry,"{""bootstrap"": false, ""max_depth"": 10, ""max_features"": 1.0, ""min_samples_leaf"": 4, ""min_samples_split"": 2, ""n_estimators"": 500}",790.3304444789522,3007990723.0,319681535,604891560.0
scale_nested_et|strict6|Quantile + MI|5|5|Medium,extra_trees,148,Output;File;Interface,"{""bootstrap"": false, ""max_depth"": 20, ""max_features"": 0.5, ""min_samples_leaf"": 1, ""min_samples_split"": 5, ""n_estimators"": 300}",1615.0088184051401,2776461810.0,2596599813,3514359741.0
scale_nested_et|strict6|Quantile + MI|5|5|Large,extra_trees,150,AFP;Input;Enquiry,"{""bootstrap"": true, ""max_depth"": 10, ""max_features"": 0.5, ""min_samples_leaf"": 1, ""min_samples_split"": 5, ""n_estimators"": 500}",5416.204431823026,1938019942.0,919581236,4053844309.0
benchmark|strict6|random_forest|5|5|All,random_forest,449,AFP;Input;Output;Enquiry;File;Interface,"{""bootstrap"": true, ""max_depth"": 20, ""max_features"": 0.75, ""min_samples_leaf"": 8, ""min_samples_split"": 10, ""n_estimators"": 300}",2610.8253234929234,2192961495.0,3613052326,4251923556.0
benchmark|strict6|xgboost|5|5|All,xgboost,449,AFP;Input;Output;Enquiry;File;Interface,"{""colsample_bytree"": 0.7, ""learning_rate"": 0.02, ""max_depth"": 3, ""min_child_weight"": 3, ""n_estimators"": 200, ""reg_alpha"": 0.0, ""reg_lambda"": 10.0, ""subsample"": 0.9}",2849.716505222534,527945046.0,2835675812,396579558.0
benchmark|strict6|lightgbm|5|5|All,lightgbm,449,AFP;Input;Output;Enquiry;File;Interface,"{""colsample_bytree"": 1.0, ""learning_rate"": 0.05, ""max_depth"": -1, ""min_child_samples"": 20, ""n_estimators"": 200, ""num_leaves"": 31, ""reg_lambda"": 0.0, ""subsample"": 0.8}",2858.9745454824456,4186958776.0,2169345418,2476567348.0
benchmark|strict6|stacking|5|5|All,stacking,449,AFP;Input;Output;Enquiry;File;Interface,"{""base_models"": [""tuned_random_forest"", ""tuned_extra_trees"", ""tuned_xgboost""], ""meta_learner"": ""LinearRegression"", ""stack_cv_seed"": 4201655090, ""stack_cv_splits"": 5}",,,4201655090,
scale_nested_et|strict6|Global|5|6|All,extra_trees,449,AFP;Input;Output;Enquiry;File;Interface,"{""bootstrap"": true, ""max_depth"": null, ""max_features"": 1.0, ""min_samples_leaf"": 4, ""min_samples_split"": 10, ""n_estimators"": 500}",2638.569579237914,3081446198.0,3423030714,2175335933.0
scale_nested_et|strict6|Global + MI|5|6|All,extra_trees,449,AFP;Input;Enquiry,"{""bootstrap"": true, ""max_depth"": 10, ""max_features"": 1.0, ""min_samples_leaf"": 4, ""min_samples_split"": 2, ""n_estimators"": 500}",2697.4025549611692,2997220129.0,1485428891,3360241081.0
scale_nested_et|strict6|Quantile|5|6|Small,extra_trees,152,AFP;Input;Output;Enquiry;File;Interface,"{""bootstrap"": true, ""max_depth"": null, ""max_features"": 0.75, ""min_samples_leaf"": 4, ""min_samples_split"": 10, ""n_estimators"": 500}",798.9242526922926,3317509691.0,2436481974,3708124041.0
scale_nested_et|strict6|Quantile|5|6|Medium,extra_trees,147,AFP;Input;Output;Enquiry;File;Interface,"{""bootstrap"": false, ""max_depth"": null, ""max_features"": 1.0, ""min_samples_leaf"": 8, ""min_samples_split"": 2, ""n_estimators"": 300}",1586.00339525835,4260571456.0,418315887,2127796233.0
scale_nested_et|strict6|Quantile|5|6|Large,extra_trees,150,AFP;Input;Output;Enquiry;File;Interface,"{""bootstrap"": true, ""max_depth"": null, ""max_features"": 1.0, ""min_samples_leaf"": 4, ""min_samples_split"": 2, ""n_estimators"": 300}",5465.265432965861,926092919.0,4006507745,2752975517.0
scale_nested_et|strict6|Quantile + MI|5|6|Small,extra_trees,152,AFP;Input;Enquiry,"{""bootstrap"": true, ""max_depth"": 10, ""max_features"": 1.0, ""min_samples_leaf"": 8, ""min_samples_split"": 2, ""n_estimators"": 500}",801.2344105121193,2948085247.0,1552342687,3027721864.0
scale_nested_et|strict6|Quantile + MI|5|6|Medium,extra_trees,147,AFP;Input;Output,"{""bootstrap"": true, ""max_depth"": 20, ""max_features"": 0.75, ""min_samples_leaf"": 2, ""min_samples_split"": 10, ""n_estimators"": 500}",1589.4432495079136,3719643364.0,309391149,3450849950.0
scale_nested_et|strict6|Quantile + MI|5|6|Large,extra_trees,150,AFP;Input;Enquiry,"{""bootstrap"": true, ""max_depth"": 10, ""max_features"": 0.5, ""min_samples_leaf"": 1, ""min_samples_split"": 10, ""n_estimators"": 300}",5409.2661047040865,4163829987.0,3857502159,3645359190.0
benchmark|strict6|random_forest|5|6|All,random_forest,449,AFP;Input;Output;Enquiry;File;Interface,"{""bootstrap"": true, ""max_depth"": 20, ""max_features"": ""sqrt"", ""min_samples_leaf"": 1, ""min_samples_split"": 10, ""n_estimators"": 300}",2635.5418426542615,622789757.0,996409051,905303107.0
benchmark|strict6|xgboost|5|6|All,xgboost,449,AFP;Input;Output;Enquiry;File;Interface,"{""colsample_bytree"": 0.9, ""learning_rate"": 0.05, ""max_depth"": 3, ""min_child_weight"": 3, ""n_estimators"": 200, ""reg_alpha"": 0.1, ""reg_lambda"": 10.0, ""subsample"": 0.7}",2668.643424158743,356513435.0,2778668289,3655635939.0
benchmark|strict6|lightgbm|5|6|All,lightgbm,449,AFP;Input;Output;Enquiry;File;Interface,"{""colsample_bytree"": 1.0, ""learning_rate"": 0.02, ""max_depth"": -1, ""min_child_samples"": 20, ""n_estimators"": 200, ""num_leaves"": 31, ""reg_lambda"": 5.0, ""subsample"": 0.8}",2688.8712011550165,868958805.0,2698262031,1138217437.0
benchmark|strict6|stacking|5|6|All,stacking,449,AFP;Input;Output;Enquiry;File;Interface,"{""base_models"": [""tuned_random_forest"", ""tuned_extra_trees"", ""tuned_xgboost""], ""meta_learner"": ""LinearRegression"", ""stack_cv_seed"": 1252430780, ""stack_cv_splits"": 5}",,,1252430780,
scale_nested_et|strict6|Global|5|7|All,extra_trees,449,AFP;Input;Output;Enquiry;File;Interface,"{""bootstrap"": true, ""max_depth"": null, ""max_features"": 0.75, ""min_samples_leaf"": 1, ""min_samples_split"": 10, ""n_estimators"": 500}",2594.0184082594883,646511428.0,677796409,2897283201.0
scale_nested_et|strict6|Global + MI|5|7|All,extra_trees,449,AFP;Input;File,"{""bootstrap"": false, ""max_depth"": 10, ""max_features"": 1.0, ""min_samples_leaf"": 2, ""min_samples_split"": 10, ""n_estimators"": 300}",2653.492617852014,1421320504.0,1573796620,2617892706.0
scale_nested_et|strict6|Quantile|5|7|Small,extra_trees,150,AFP;Input;Output;Enquiry;File;Interface,"{""bootstrap"": false, ""max_depth"": 10, ""max_features"": 0.5, ""min_samples_leaf"": 8, ""min_samples_split"": 2, ""n_estimators"": 300}",793.5907458738493,2388182546.0,2977448060,4087109312.0
scale_nested_et|strict6|Quantile|5|7|Medium,extra_trees,149,AFP;Input;Output;Enquiry;File;Interface,"{""bootstrap"": false, ""max_depth"": 20, ""max_features"": 1.0, ""min_samples_leaf"": 4, ""min_samples_split"": 5, ""n_estimators"": 300}",1597.5796401801551,2320802842.0,4051761337,1307014118.0
scale_nested_et|strict6|Quantile|5|7|Large,extra_trees,150,AFP;Input;Output;Enquiry;File;Interface,"{""bootstrap"": true, ""max_depth"": 10, ""max_features"": 0.5, ""min_samples_leaf"": 2, ""min_samples_split"": 5, ""n_estimators"": 500}",5521.372555844612,3566119914.0,3538708335,2394409999.0
scale_nested_et|strict6|Quantile + MI|5|7|Small,extra_trees,150,AFP;Input;Enquiry,"{""bootstrap"": false, ""max_depth"": 20, ""max_features"": 0.5, ""min_samples_leaf"": 1, ""min_samples_split"": 5, ""n_estimators"": 300}",761.1279185185186,3365891383.0,3160759252,1491896125.0
scale_nested_et|strict6|Quantile + MI|5|7|Medium,extra_trees,149,AFP;Output;Interface,"{""bootstrap"": false, ""max_depth"": null, ""max_features"": 0.75, ""min_samples_leaf"": 4, ""min_samples_split"": 5, ""n_estimators"": 300}",1622.904171825038,1068091173.0,2766459011,2585708986.0
scale_nested_et|strict6|Quantile + MI|5|7|Large,extra_trees,150,AFP;Input;Enquiry,"{""bootstrap"": false, ""max_depth"": 10, ""max_features"": 0.5, ""min_samples_leaf"": 1, ""min_samples_split"": 5, ""n_estimators"": 500}",5370.65849991633,1601612682.0,2070621902,1896563497.0
benchmark|strict6|random_forest|5|7|All,random_forest,449,AFP;Input;Output;Enquiry;File;Interface,"{""bootstrap"": true, ""max_depth"": null, ""max_features"": 0.5, ""min_samples_leaf"": 8, ""min_samples_split"": 10, ""n_estimators"": 500}",2666.546303200978,3540524178.0,1490788757,3151410936.0
benchmark|strict6|xgboost|5|7|All,xgboost,449,AFP;Input;Output;Enquiry;File;Interface,"{""colsample_bytree"": 0.7, ""learning_rate"": 0.02, ""max_depth"": 3, ""min_child_weight"": 1, ""n_estimators"": 200, ""reg_alpha"": 1.0, ""reg_lambda"": 10.0, ""subsample"": 1.0}",2766.2739884449206,25777908.0,2379393490,1878080578.0
benchmark|strict6|lightgbm|5|7|All,lightgbm,449,AFP;Input;Output;Enquiry;File;Interface,"{""colsample_bytree"": 0.8, ""learning_rate"": 0.02, ""max_depth"": 10, ""min_child_samples"": 20, ""n_estimators"": 400, ""num_leaves"": 7, ""reg_lambda"": 5.0, ""subsample"": 0.8}",2803.358393136372,3758573492.0,2652172862,2083501945.0
benchmark|strict6|stacking|5|7|All,stacking,449,AFP;Input;Output;Enquiry;File;Interface,"{""base_models"": [""tuned_random_forest"", ""tuned_extra_trees"", ""tuned_xgboost""], ""meta_learner"": ""LinearRegression"", ""stack_cv_seed"": 2084131815, ""stack_cv_splits"": 5}",,,2084131815,
scale_nested_et|strict6|Global|5|8|All,extra_trees,449,AFP;Input;Output;Enquiry;File;Interface,"{""bootstrap"": false, ""max_depth"": null, ""max_features"": 0.75, ""min_samples_leaf"": 1, ""min_samples_split"": 10, ""n_estimators"": 300}",2784.456650596609,2746794286.0,941541509,224624765.0
scale_nested_et|strict6|Global + MI|5|8|All,extra_trees,449,AFP;Input;Enquiry,"{""bootstrap"": false, ""max_depth"": 10, ""max_features"": 1.0, ""min_samples_leaf"": 2, ""min_samples_split"": 10, ""n_estimators"": 500}",2685.339902897407,475443063.0,3215339521,216945127.0
scale_nested_et|strict6|Quantile|5|8|Small,extra_trees,153,AFP;Input;Output;Enquiry;File;Interface,"{""bootstrap"": false, ""max_depth"": 20, ""max_features"": 0.5, ""min_samples_leaf"": 4, ""min_samples_split"": 10, ""n_estimators"": 300}",771.7431565922694,2266066243.0,1952039746,1076299829.0
scale_nested_et|strict6|Quantile|5|8|Medium,extra_trees,146,AFP;Input;Output;Enquiry;File;Interface,"{""bootstrap"": false, ""max_depth"": null, ""max_features"": 0.75, ""min_samples_leaf"": 4, ""min_samples_split"": 10, ""n_estimators"": 500}",1567.0549563171398,342356576.0,2136264196,2751558043.0
scale_nested_et|strict6|Quantile|5|8|Large,extra_trees,150,AFP;Input;Output;Enquiry;File;Interface,"{""bootstrap"": false, ""max_depth"": null, ""max_features"": 1.0, ""min_samples_leaf"": 4, ""min_samples_split"": 10, ""n_estimators"": 500}",5672.667096707341,815198292.0,3523167690,2611754657.0
scale_nested_et|strict6|Quantile + MI|5|8|Small,extra_trees,153,AFP;Input;Enquiry,"{""bootstrap"": true, ""max_depth"": null, ""max_features"": 0.5, ""min_samples_leaf"": 2, ""min_samples_split"": 5, ""n_estimators"": 300}",784.3562441442356,1136209657.0,1541031042,2779003938.0
scale_nested_et|strict6|Quantile + MI|5|8|Medium,extra_trees,146,AFP;Output;File,"{""bootstrap"": true, ""max_depth"": 10, ""max_features"": 0.5, ""min_samples_leaf"": 4, ""min_samples_split"": 5, ""n_estimators"": 300}",1608.9248571756436,3302388679.0,2693207207,881703697.0
scale_nested_et|strict6|Quantile + MI|5|8|Large,extra_trees,150,AFP;Input;Enquiry,"{""bootstrap"": true, ""max_depth"": 10, ""max_features"": 0.75, ""min_samples_leaf"": 2, ""min_samples_split"": 5, ""n_estimators"": 500}",5785.653487303683,3411781711.0,3515131882,4188338410.0
benchmark|strict6|random_forest|5|8|All,random_forest,449,AFP;Input;Output;Enquiry;File;Interface,"{""bootstrap"": true, ""max_depth"": null, ""max_features"": 0.5, ""min_samples_leaf"": 8, ""min_samples_split"": 10, ""n_estimators"": 500}",2872.3847868354883,522574943.0,3294656143,1728534167.0
benchmark|strict6|xgboost|5|8|All,xgboost,449,AFP;Input;Output;Enquiry;File;Interface,"{""colsample_bytree"": 1.0, ""learning_rate"": 0.02, ""max_depth"": 3, ""min_child_weight"": 3, ""n_estimators"": 200, ""reg_alpha"": 0.1, ""reg_lambda"": 1.0, ""subsample"": 0.7}",2942.441322654138,522446606.0,3021043680,1503842144.0
benchmark|strict6|lightgbm|5|8|All,lightgbm,449,AFP;Input;Output;Enquiry;File;Interface,"{""colsample_bytree"": 1.0, ""learning_rate"": 0.02, ""max_depth"": 10, ""min_child_samples"": 20, ""n_estimators"": 200, ""num_leaves"": 15, ""reg_lambda"": 1.0, ""subsample"": 0.8}",2868.1648405534925,4171883917.0,2869551078,3789910675.0
benchmark|strict6|stacking|5|8|All,stacking,449,AFP;Input;Output;Enquiry;File;Interface,"{""base_models"": [""tuned_random_forest"", ""tuned_extra_trees"", ""tuned_xgboost""], ""meta_learner"": ""LinearRegression"", ""stack_cv_seed"": 4145985923, ""stack_cv_splits"": 5}",,,4145985923,
scale_nested_et|strict6|Global|5|9|All,extra_trees,449,AFP;Input;Output;Enquiry;File;Interface,"{""bootstrap"": false, ""max_depth"": 10, ""max_features"": 0.75, ""min_samples_leaf"": 4, ""min_samples_split"": 2, ""n_estimators"": 300}",2654.876050758828,223112235.0,2103617967,4265277455.0
scale_nested_et|strict6|Global + MI|5|9|All,extra_trees,449,AFP;Input;Enquiry,"{""bootstrap"": true, ""max_depth"": null, ""max_features"": 1.0, ""min_samples_leaf"": 1, ""min_samples_split"": 10, ""n_estimators"": 300}",2603.527884869256,3520215914.0,497362062,3389575219.0
scale_nested_et|strict6|Quantile|5|9|Small,extra_trees,151,AFP;Input;Output;Enquiry;File;Interface,"{""bootstrap"": false, ""max_depth"": null, ""max_features"": 0.5, ""min_samples_leaf"": 4, ""min_samples_split"": 10, ""n_estimators"": 300}",812.4667651482373,3736039634.0,4074015459,913694359.0
scale_nested_et|strict6|Quantile|5|9|Medium,extra_trees,148,AFP;Input;Output;Enquiry;File;Interface,"{""bootstrap"": true, ""max_depth"": 20, ""max_features"": 0.5, ""min_samples_leaf"": 4, ""min_samples_split"": 2, ""n_estimators"": 500}",1672.8250761289667,315572937.0,136710056,3902455048.0
scale_nested_et|strict6|Quantile|5|9|Large,extra_trees,150,AFP;Input;Output;Enquiry;File;Interface,"{""bootstrap"": true, ""max_depth"": 10, ""max_features"": 1.0, ""min_samples_leaf"": 2, ""min_samples_split"": 10, ""n_estimators"": 500}",5435.303129931176,780523023.0,2340298238,3607186401.0
scale_nested_et|strict6|Quantile + MI|5|9|Small,extra_trees,151,AFP;Input;Enquiry,"{""bootstrap"": true, ""max_depth"": 10, ""max_features"": 0.75, ""min_samples_leaf"": 2, ""min_samples_split"": 5, ""n_estimators"": 300}",813.4291384912198,1169157827.0,3178182027,823222750.0
scale_nested_et|strict6|Quantile + MI|5|9|Medium,extra_trees,148,AFP;Input;Output,"{""bootstrap"": false, ""max_depth"": 10, ""max_features"": 1.0, ""min_samples_leaf"": 4, ""min_samples_split"": 5, ""n_estimators"": 500}",1616.8917587954104,2426962244.0,2488696161,1773092876.0
scale_nested_et|strict6|Quantile + MI|5|9|Large,extra_trees,150,AFP;Input;Enquiry,"{""bootstrap"": true, ""max_depth"": null, ""max_features"": 1.0, ""min_samples_leaf"": 1, ""min_samples_split"": 10, ""n_estimators"": 300}",5189.646242770193,3826179284.0,3547333025,529739453.0
benchmark|strict6|random_forest|5|9|All,random_forest,449,AFP;Input;Output;Enquiry;File;Interface,"{""bootstrap"": true, ""max_depth"": 10, ""max_features"": ""sqrt"", ""min_samples_leaf"": 8, ""min_samples_split"": 5, ""n_estimators"": 300}",2601.843707857482,151954924.0,964688910,4085545968.0
benchmark|strict6|xgboost|5|9|All,xgboost,449,AFP;Input;Output;Enquiry;File;Interface,"{""colsample_bytree"": 0.7, ""learning_rate"": 0.02, ""max_depth"": 3, ""min_child_weight"": 1, ""n_estimators"": 200, ""reg_alpha"": 1.0, ""reg_lambda"": 5.0, ""subsample"": 1.0}",2676.7903802012333,569601157.0,3613248147,2102310981.0
benchmark|strict6|lightgbm|5|9|All,lightgbm,449,AFP;Input;Output;Enquiry;File;Interface,"{""colsample_bytree"": 0.8, ""learning_rate"": 0.02, ""max_depth"": -1, ""min_child_samples"": 10, ""n_estimators"": 200, ""num_leaves"": 7, ""reg_lambda"": 5.0, ""subsample"": 1.0}",2716.4710184045684,942427647.0,4280632495,3795885448.0
benchmark|strict6|stacking|5|9|All,stacking,449,AFP;Input;Output;Enquiry;File;Interface,"{""base_models"": [""tuned_random_forest"", ""tuned_extra_trees"", ""tuned_xgboost""], ""meta_learner"": ""LinearRegression"", ""stack_cv_seed"": 2346600420, ""stack_cv_splits"": 5}",,,2346600420,
scale_nested_et|strict6|Global|5|10|All,extra_trees,450,AFP;Input;Output;Enquiry;File;Interface,"{""bootstrap"": true, ""max_depth"": 20, ""max_features"": 1.0, ""min_samples_leaf"": 1, ""min_samples_split"": 5, ""n_estimators"": 500}",2762.704297447166,3982717277.0,1157383357,2246165761.0
scale_nested_et|strict6|Global + MI|5|10|All,extra_trees,450,AFP;Input;Enquiry,"{""bootstrap"": true, ""max_depth"": 10, ""max_features"": 1.0, ""min_samples_leaf"": 4, ""min_samples_split"": 5, ""n_estimators"": 300}",2817.130014592667,3040516819.0,379653830,3459323371.0
scale_nested_et|strict6|Quantile|5|10|Small,extra_trees,152,AFP;Input;Output;Enquiry;File;Interface,"{""bootstrap"": false, ""max_depth"": null, ""max_features"": 0.75, ""min_samples_leaf"": 8, ""min_samples_split"": 10, ""n_estimators"": 500}",773.6083119029041,4289675342.0,152301341,326081200.0
scale_nested_et|strict6|Quantile|5|10|Medium,extra_trees,148,AFP;Input;Output;Enquiry;File;Interface,"{""bootstrap"": true, ""max_depth"": 10, ""max_features"": 0.5, ""min_samples_leaf"": 8, ""min_samples_split"": 5, ""n_estimators"": 500}",1631.2661656626276,116227985.0,665838527,2807286440.0
scale_nested_et|strict6|Quantile|5|10|Large,extra_trees,150,AFP;Input;Output;Enquiry;File;Interface,"{""bootstrap"": false, ""max_depth"": 20, ""max_features"": 0.75, ""min_samples_leaf"": 2, ""min_samples_split"": 10, ""n_estimators"": 500}",5783.120860906645,940725339.0,600343637,3710300777.0
scale_nested_et|strict6|Quantile + MI|5|10|Small,extra_trees,152,AFP;Input;Enquiry,"{""bootstrap"": true, ""max_depth"": 10, ""max_features"": 1.0, ""min_samples_leaf"": 8, ""min_samples_split"": 5, ""n_estimators"": 500}",768.2559904720101,2878918812.0,2239831227,3438259319.0
scale_nested_et|strict6|Quantile + MI|5|10|Medium,extra_trees,148,AFP;Output;File,"{""bootstrap"": false, ""max_depth"": 10, ""max_features"": 0.5, ""min_samples_leaf"": 4, ""min_samples_split"": 2, ""n_estimators"": 300}",1624.2063703242573,2403424210.0,3830883222,1517090668.0
scale_nested_et|strict6|Quantile + MI|5|10|Large,extra_trees,150,AFP;Input;Enquiry,"{""bootstrap"": true, ""max_depth"": 20, ""max_features"": 0.5, ""min_samples_leaf"": 1, ""min_samples_split"": 5, ""n_estimators"": 500}",5670.373051029969,1561195878.0,2629057716,1900713094.0
benchmark|strict6|random_forest|5|10|All,random_forest,450,AFP;Input;Output;Enquiry;File;Interface,"{""bootstrap"": true, ""max_depth"": 20, ""max_features"": ""sqrt"", ""min_samples_leaf"": 2, ""min_samples_split"": 10, ""n_estimators"": 500}",2834.0782535448957,139857264.0,854661035,1852602941.0
benchmark|strict6|xgboost|5|10|All,xgboost,450,AFP;Input;Output;Enquiry;File;Interface,"{""colsample_bytree"": 1.0, ""learning_rate"": 0.02, ""max_depth"": 3, ""min_child_weight"": 1, ""n_estimators"": 200, ""reg_alpha"": 0.1, ""reg_lambda"": 5.0, ""subsample"": 0.9}",2863.84219156901,2237219387.0,3203542495,3881244970.0
benchmark|strict6|lightgbm|5|10|All,lightgbm,450,AFP;Input;Output;Enquiry;File;Interface,"{""colsample_bytree"": 0.8, ""learning_rate"": 0.1, ""max_depth"": -1, ""min_child_samples"": 20, ""n_estimators"": 200, ""num_leaves"": 31, ""reg_lambda"": 0.0, ""subsample"": 0.8}",3073.5814272220778,2895378074.0,1603537635,2776388920.0
benchmark|strict6|stacking|5|10|All,stacking,450,AFP;Input;Output;Enquiry;File;Interface,"{""base_models"": [""tuned_random_forest"", ""tuned_extra_trees"", ""tuned_xgboost""], ""meta_learner"": ""LinearRegression"", ""stack_cv_seed"": 1169719312, ""stack_cv_splits"": 5}",,,1169719312,
