context,model,training_rows,features,best_parameters_json,best_inner_mae,model_seed,inner_seed,search_seed
scale_nested_et|strict6|Global|1|1|All,extra_trees,449,AFP;Input;Output;Enquiry;File;Interface,"{""bootstrap"": true, ""max_depth"": 20, ""max_features"": 1.0, ""min_samples_leaf"": 1, ""min_samples_split"": 10, ""n_estimators"": 300}",2498.54048035586,1336379749,341186639,1130149065
scale_nested_et|strict6|Global + MI|1|1|All,extra_trees,449,AFP;Enquiry;File,"{""bootstrap"": false, ""max_depth"": 10, ""max_features"": 0.75, ""min_samples_leaf"": 1, ""min_samples_split"": 10, ""n_estimators"": 300}",2527.07342074528,862712854,2161478871,3271572321
scale_nested_et|strict6|Quantile|1|1|Small,extra_trees,152,AFP;Input;Output;Enquiry;File;Interface,"{""bootstrap"": false, ""max_depth"": 20, ""max_features"": 0.75, ""min_samples_leaf"": 8, ""min_samples_split"": 10, ""n_estimators"": 300}",778.635143139752,2757829953,3204406097,3030380587
scale_nested_et|strict6|Quantile|1|1|Medium,extra_trees,147,AFP;Input;Output;Enquiry;File;Interface,"{""bootstrap"": false, ""max_depth"": null, ""max_features"": 1.0, ""min_samples_leaf"": 8, ""min_samples_split"": 2, ""n_estimators"": 300}",1640.09755544405,3428898731,3621989924,393330390
scale_nested_et|strict6|Quantile|1|1|Large,extra_trees,150,AFP;Input;Output;Enquiry;File;Interface,"{""bootstrap"": true, ""max_depth"": 20, ""max_features"": 0.75, ""min_samples_leaf"": 2, ""min_samples_split"": 2, ""n_estimators"": 300}",5130.40135602829,3175168155,4081139905,7064724
scale_nested_et|strict6|Quantile + MI|1|1|Small,extra_trees,152,AFP;Enquiry;Interface,"{""bootstrap"": true, ""max_depth"": null, ""max_features"": 1.0, ""min_samples_leaf"": 8, ""min_samples_split"": 10, ""n_estimators"": 300}",777.111017253167,2384192479,4053626598,2034973629
scale_nested_et|strict6|Quantile + MI|1|1|Medium,extra_trees,147,AFP;Output;Interface,"{""bootstrap"": false, ""max_depth"": 20, ""max_features"": 1.0, ""min_samples_leaf"": 8, ""min_samples_split"": 10, ""n_estimators"": 300}",1629.19925903987,907385213,3987966528,4002488758
scale_nested_et|strict6|Quantile + MI|1|1|Large,extra_trees,150,AFP;Input;Enquiry,"{""bootstrap"": false, ""max_depth"": 20, ""max_features"": 1.0, ""min_samples_leaf"": 2, ""min_samples_split"": 10, ""n_estimators"": 500}",4988.48929411472,643393622,3556747783,1350346586
benchmark|strict6|random_forest|1|1|All,random_forest,449,AFP;Input;Output;Enquiry;File;Interface,"{""bootstrap"": true, ""max_depth"": 20, ""max_features"": 1.0, ""min_samples_leaf"": 8, ""min_samples_split"": 10, ""n_estimators"": 300}",2431.53171466473,2315370713,2657319366,1375306776
benchmark|strict6|xgboost|1|1|All,xgboost,449,AFP;Input;Output;Enquiry;File;Interface,"{""colsample_bytree"": 0.9, ""learning_rate"": 0.05, ""max_depth"": 2, ""min_child_weight"": 1, ""n_estimators"": 200, ""reg_alpha"": 0.1, ""reg_lambda"": 5.0, ""subsample"": 1.0}",2666.01931268497,2062248104,3666460443,265295491
benchmark|strict6|lightgbm|1|1|All,lightgbm,449,AFP;Input;Output;Enquiry;File;Interface,"{""colsample_bytree"": 0.8, ""learning_rate"": 0.02, ""max_depth"": 5, ""min_child_samples"": 20, ""n_estimators"": 400, ""num_leaves"": 31, ""reg_lambda"": 5.0, ""subsample"": 0.8}",2668.59438913762,527706949,3964272402,537292969
benchmark|strict6|stacking|1|1|All,stacking,449,AFP;Input;Output;Enquiry;File;Interface,"{""base_models"": [""tuned_random_forest"", ""tuned_extra_trees"", ""tuned_xgboost""], ""meta_learner"": ""LinearRegression"", ""stack_cv_seed"": 2213298388, ""stack_cv_splits"": 5}",,,2213298388,
scale_nested_et|strict6|Global|1|2|All,extra_trees,449,AFP;Input;Output;Enquiry;File;Interface,"{""bootstrap"": true, ""max_depth"": 20, ""max_features"": 1.0, ""min_samples_leaf"": 4, ""min_samples_split"": 5, ""n_estimators"": 300}",2696.54746973895,167777914,298583125,312926484
scale_nested_et|strict6|Global + MI|1|2|All,extra_trees,449,AFP;Input;Enquiry,"{""bootstrap"": true, ""max_depth"": 20, ""max_features"": 1.0, ""min_samples_leaf"": 2, ""min_samples_split"": 5, ""n_estimators"": 500}",2769.41981004187,21878297,1322584970,2868054741
scale_nested_et|strict6|Quantile|1|2|Small,extra_trees,150,AFP;Input;Output;Enquiry;File;Interface,"{""bootstrap"": false, ""max_depth"": null, ""max_features"": 0.75, ""min_samples_leaf"": 4, ""min_samples_split"": 2, ""n_estimators"": 500}",835.952740561804,2762926206,2740182787,3183589901
scale_nested_et|strict6|Quantile|1|2|Medium,extra_trees,149,AFP;Input;Output;Enquiry;File;Interface,"{""bootstrap"": false, ""max_depth"": 10, ""max_features"": 0.5, ""min_samples_leaf"": 8, ""min_samples_split"": 2, ""n_estimators"": 300}",1622.57107344974,306379616,3243875853,3954098540
scale_nested_et|strict6|Quantile|1|2|Large,extra_trees,150,AFP;Input;Output;Enquiry;File;Interface,"{""bootstrap"": false, ""max_depth"": 20, ""max_features"": 1.0, ""min_samples_leaf"": 8, ""min_samples_split"": 5, ""n_estimators"": 500}",5736.2201336434,2632491078,23773132,3982203886
scale_nested_et|strict6|Quantile + MI|1|2|Small,extra_trees,150,AFP;Output;Enquiry,"{""bootstrap"": true, ""max_depth"": null, ""max_features"": 1.0, ""min_samples_leaf"": 4, ""min_samples_split"": 5, ""n_estimators"": 500}",815.668840863701,2512876393,2531739038,253133960
scale_nested_et|strict6|Quantile + MI|1|2|Medium,extra_trees,149,AFP;Input;Output,"{""bootstrap"": false, ""max_depth"": 10, ""max_features"": 1.0, ""min_samples_leaf"": 8, ""min_samples_split"": 10, ""n_estimators"": 500}",1593.90893863508,3300949225,2813722617,2110911485
scale_nested_et|strict6|Quantile + MI|1|2|Large,extra_trees,150,AFP;Input;Enquiry,"{""bootstrap"": true, ""max_depth"": 10, ""max_features"": 0.5, ""min_samples_leaf"": 1, ""min_samples_split"": 10, ""n_estimators"": 300}",5531.71103783649,134466900,787582903,805557356
benchmark|strict6|random_forest|1|2|All,random_forest,449,AFP;Input;Output;Enquiry;File;Interface,"{""bootstrap"": true, ""max_depth"": 20, ""max_features"": ""sqrt"", ""min_samples_leaf"": 8, ""min_samples_split"": 10, ""n_estimators"": 500}",2721.13450532115,666781297,3504133979,3465973854
benchmark|strict6|xgboost|1|2|All,xgboost,449,AFP;Input;Output;Enquiry;File;Interface,"{""colsample_bytree"": 0.9, ""learning_rate"": 0.02, ""max_depth"": 2, ""min_child_weight"": 1, ""n_estimators"": 200, ""reg_alpha"": 0.0, ""reg_lambda"": 1.0, ""subsample"": 1.0}",2771.53574846306,2290190939,3569917416,3324938670
benchmark|strict6|lightgbm|1|2|All,lightgbm,449,AFP;Input;Output;Enquiry;File;Interface,"{""colsample_bytree"": 0.8, ""learning_rate"": 0.02, ""max_depth"": 10, ""min_child_samples"": 20, ""n_estimators"": 400, ""num_leaves"": 7, ""reg_lambda"": 1.0, ""subsample"": 0.8}",2897.88018777259,3106082209,629673298,1138114341
benchmark|strict6|stacking|1|2|All,stacking,449,AFP;Input;Output;Enquiry;File;Interface,"{""base_models"": [""tuned_random_forest"", ""tuned_extra_trees"", ""tuned_xgboost""], ""meta_learner"": ""LinearRegression"", ""stack_cv_seed"": 3485386553, ""stack_cv_splits"": 5}",,,3485386553,
scale_nested_et|strict6|Global|1|3|All,extra_trees,449,AFP;Input;Output;Enquiry;File;Interface,"{""bootstrap"": true, ""max_depth"": null, ""max_features"": 1.0, ""min_samples_leaf"": 4, ""min_samples_split"": 10, ""n_estimators"": 300}",2637.22829151341,45304957,857120798,3891744821
scale_nested_et|strict6|Global + MI|1|3|All,extra_trees,449,AFP;Input;Enquiry,"{""bootstrap"": true, ""max_depth"": null, ""max_features"": 1.0, ""min_samples_leaf"": 2, ""min_samples_split"": 10, ""n_estimators"": 500}",2559.01435083393,3175355050,28935069,369243724
scale_nested_et|strict6|Quantile|1|3|Small,extra_trees,150,AFP;Input;Output;Enquiry;File;Interface,"{""bootstrap"": false, ""max_depth"": 10, ""max_features"": 0.75, ""min_samples_leaf"": 4, ""min_samples_split"": 2, ""n_estimators"": 500}",754.324799030901,283664799,3122277179,1124424910
scale_nested_et|strict6|Quantile|1|3|Medium,extra_trees,149,AFP;Input;Output;Enquiry;File;Interface,"{""bootstrap"": false, ""max_depth"": 20, ""max_features"": 0.5, ""min_samples_leaf"": 4, ""min_samples_split"": 10, ""n_estimators"": 300}",1656.93380140331,14269227,2489035687,279363642
scale_nested_et|strict6|Quantile|1|3|Large,extra_trees,150,AFP;Input;Output;Enquiry;File;Interface,"{""bootstrap"": false, ""max_depth"": 20, ""max_features"": 1.0, ""min_samples_leaf"": 2, ""min_samples_split"": 10, ""n_estimators"": 300}",5367.24848152597,3408211212,2267600285,481480750
scale_nested_et|strict6|Quantile + MI|1|3|Small,extra_trees,150,Output;Enquiry;File,"{""bootstrap"": false, ""max_depth"": null, ""max_features"": 0.75, ""min_samples_leaf"": 4, ""min_samples_split"": 2, ""n_estimators"": 500}",808.513979413907,3090310875,1410249231,935928003
scale_nested_et|strict6|Quantile + MI|1|3|Medium,extra_trees,149,AFP;Output;Interface,"{""bootstrap"": true, ""max_depth"": null, ""max_features"": 0.5, ""min_samples_leaf"": 2, ""min_samples_split"": 5, ""n_estimators"": 500}",1596.58965941213,4229980124,844474538,1348727609
scale_nested_et|strict6|Quantile + MI|1|3|Large,extra_trees,150,AFP;Input;Enquiry,"{""bootstrap"": true, ""max_depth"": null, ""max_features"": 0.75, ""min_samples_leaf"": 2, ""min_samples_split"": 10, ""n_estimators"": 300}",5424.31555952549,1733720321,1747521561,1731868046
benchmark|strict6|random_forest|1|3|All,random_forest,449,AFP;Input;Output;Enquiry;File;Interface,"{""bootstrap"": true, ""max_depth"": 20, ""max_features"": 0.75, ""min_samples_leaf"": 8, ""min_samples_split"": 10, ""n_estimators"": 500}",2588.87843151087,1441433787,688661914,1491238515
benchmark|strict6|xgboost|1|3|All,xgboost,449,AFP;Input;Output;Enquiry;File;Interface,"{""colsample_bytree"": 1.0, ""learning_rate"": 0.02, ""max_depth"": 2, ""min_child_weight"": 3, ""n_estimators"": 400, ""reg_alpha"": 0.0, ""reg_lambda"": 10.0, ""subsample"": 1.0}",2717.48139143407,1380936428,2970069129,4150869021
benchmark|strict6|lightgbm|1|3|All,lightgbm,449,AFP;Input;Output;Enquiry;File;Interface,"{""colsample_bytree"": 0.8, ""learning_rate"": 0.02, ""max_depth"": 5, ""min_child_samples"": 20, ""n_estimators"": 400, ""num_leaves"": 31, ""reg_lambda"": 0.0, ""subsample"": 0.8}",2714.19645865162,2991627064,4085262620,4242922496
benchmark|strict6|stacking|1|3|All,stacking,449,AFP;Input;Output;Enquiry;File;Interface,"{""base_models"": [""tuned_random_forest"", ""tuned_extra_trees"", ""tuned_xgboost""], ""meta_learner"": ""LinearRegression"", ""stack_cv_seed"": 808669846, ""stack_cv_splits"": 5}",,,808669846,
scale_nested_et|strict6|Global|1|4|All,extra_trees,449,AFP;Input;Output;Enquiry;File;Interface,"{""bootstrap"": true, ""max_depth"": null, ""max_features"": 0.75, ""min_samples_leaf"": 4, ""min_samples_split"": 5, ""n_estimators"": 300}",2779.58327064313,122370333,3504975985,2491983141
scale_nested_et|strict6|Global + MI|1|4|All,extra_trees,449,AFP;Input;Enquiry,"{""bootstrap"": false, ""max_depth"": 20, ""max_features"": 0.5, ""min_samples_leaf"": 1, ""min_samples_split"": 5, ""n_estimators"": 300}",2948.61751623955,1651385200,852664821,1084736173
scale_nested_et|strict6|Quantile|1|4|Small,extra_trees,152,AFP;Input;Output;Enquiry;File;Interface,"{""bootstrap"": false, ""max_depth"": 20, ""max_features"": 1.0, ""min_samples_leaf"": 8, ""min_samples_split"": 2, ""n_estimators"": 300}",761.83386696451,2543504923,634161358,689331004
scale_nested_et|strict6|Quantile|1|4|Medium,extra_trees,147,AFP;Input;Output;Enquiry;File;Interface,"{""bootstrap"": true, ""max_depth"": 20, ""max_features"": 0.5, ""min_samples_leaf"": 2, ""min_samples_split"": 10, ""n_estimators"": 500}",1657.14990931144,964131249,1438619698,3174116198
scale_nested_et|strict6|Quantile|1|4|Large,extra_trees,150,AFP;Input;Output;Enquiry;File;Interface,"{""bootstrap"": true, ""max_depth"": null, ""max_features"": 1.0, ""min_samples_leaf"": 4, ""min_samples_split"": 5, ""n_estimators"": 500}",5722.31723709847,3764692011,2994715930,3556896968
scale_nested_et|strict6|Quantile + MI|1|4|Small,extra_trees,152,AFP;Input;Enquiry,"{""bootstrap"": false, ""max_depth"": 10, ""max_features"": 1.0, ""min_samples_leaf"": 8, ""min_samples_split"": 10, ""n_estimators"": 300}",766.895235021093,2184720474,2673015527,2062304914
scale_nested_et|strict6|Quantile + MI|1|4|Medium,extra_trees,147,AFP;Input;Output,"{""bootstrap"": false, ""max_depth"": null, ""max_features"": 0.75, ""min_samples_leaf"": 4, ""min_samples_split"": 10, ""n_estimators"": 500}",1682.84052208306,1028874609,1915001742,601132077
scale_nested_et|strict6|Quantile + MI|1|4|Large,extra_trees,150,AFP;Input;Enquiry,"{""bootstrap"": true, ""max_depth"": null, ""max_features"": 1.0, ""min_samples_leaf"": 2, ""min_samples_split"": 10, ""n_estimators"": 300}",5567.38037068201,3167769672,1032492318,2001107337
benchmark|strict6|random_forest|1|4|All,random_forest,449,AFP;Input;Output;Enquiry;File;Interface,"{""bootstrap"": true, ""max_depth"": 10, ""max_features"": 0.5, ""min_samples_leaf"": 4, ""min_samples_split"": 10, ""n_estimators"": 300}",2703.74618674613,1203802777,945428816,2477035564
benchmark|strict6|xgboost|1|4|All,xgboost,449,AFP;Input;Output;Enquiry;File;Interface,"{""colsample_bytree"": 0.7, ""learning_rate"": 0.02, ""max_depth"": 3, ""min_child_weight"": 5, ""n_estimators"": 200, ""reg_alpha"": 0.1, ""reg_lambda"": 1.0, ""subsample"": 1.0}",2738.39482844797,4098620538,3387797338,3621913365
benchmark|strict6|lightgbm|1|4|All,lightgbm,449,AFP;Input;Output;Enquiry;File;Interface,"{""colsample_bytree"": 1.0, ""learning_rate"": 0.02, ""max_depth"": 5, ""min_child_samples"": 20, ""n_estimators"": 400, ""num_leaves"": 31, ""reg_lambda"": 5.0, ""subsample"": 1.0}",2865.97441548483,3518722994,3124997882,2029072527
benchmark|strict6|stacking|1|4|All,stacking,449,AFP;Input;Output;Enquiry;File;Interface,"{""base_models"": [""tuned_random_forest"", ""tuned_extra_trees"", ""tuned_xgboost""], ""meta_learner"": ""LinearRegression"", ""stack_cv_seed"": 1238848348, ""stack_cv_splits"": 5}",,,1238848348,
scale_nested_et|strict6|Global|1|5|All,extra_trees,449,AFP;Input;Output;Enquiry;File;Interface,"{""bootstrap"": true, ""max_depth"": 10, ""max_features"": 1.0, ""min_samples_leaf"": 2, ""min_samples_split"": 10, ""n_estimators"": 300}",2634.46522075796,2332236356,1826304723,1519408282
scale_nested_et|strict6|Global + MI|1|5|All,extra_trees,449,AFP;Input;File,"{""bootstrap"": true, ""max_depth"": null, ""max_features"": 0.75, ""min_samples_leaf"": 1, ""min_samples_split"": 10, ""n_estimators"": 300}",2725.21861040456,2914269634,3857891451,3110459340
scale_nested_et|strict6|Quantile|1|5|Small,extra_trees,150,AFP;Input;Output;Enquiry;File;Interface,"{""bootstrap"": false, ""max_depth"": 10, ""max_features"": 0.75, ""min_samples_leaf"": 8, ""min_samples_split"": 5, ""n_estimators"": 300}",800.814898296867,642395531,1485885276,318589722
scale_nested_et|strict6|Quantile|1|5|Medium,extra_trees,149,AFP;Input;Output;Enquiry;File;Interface,"{""bootstrap"": false, ""max_depth"": 10, ""max_features"": 1.0, ""min_samples_leaf"": 8, ""min_samples_split"": 5, ""n_estimators"": 500}",1640.35518653193,3302766642,1127833477,4075135713
scale_nested_et|strict6|Quantile|1|5|Large,extra_trees,150,AFP;Input;Output;Enquiry;File;Interface,"{""bootstrap"": true, ""max_depth"": 20, ""max_features"": 1.0, ""min_samples_leaf"": 2, ""min_samples_split"": 2, ""n_estimators"": 300}",5568.63319185966,356073490,2819933573,2067739519
scale_nested_et|strict6|Quantile + MI|1|5|Small,extra_trees,150,AFP;Enquiry;Interface,"{""bootstrap"": true, ""max_depth"": null, ""max_features"": 0.5, ""min_samples_leaf"": 2, ""min_samples_split"": 10, ""n_estimators"": 300}",784.671714893809,3819818614,2202582123,2771048813
scale_nested_et|strict6|Quantile + MI|1|5|Medium,extra_trees,149,AFP;Output;File,"{""bootstrap"": true, ""max_depth"": 10, ""max_features"": 0.75, ""min_samples_leaf"": 4, ""min_samples_split"": 10, ""n_estimators"": 300}",1632.4842171825,1044070283,3249267304,674354331
scale_nested_et|strict6|Quantile + MI|1|5|Large,extra_trees,150,AFP;Input;Enquiry,"{""bootstrap"": false, ""max_depth"": 10, ""max_features"": 0.75, ""min_samples_leaf"": 1, ""min_samples_split"": 5, ""n_estimators"": 300}",5621.81981919039,2150611473,1604648710,2061263104
benchmark|strict6|random_forest|1|5|All,random_forest,449,AFP;Input;Output;Enquiry;File;Interface,"{""bootstrap"": true, ""max_depth"": null, ""max_features"": 0.5, ""min_samples_leaf"": 2, ""min_samples_split"": 10, ""n_estimators"": 300}",2703.04496475509,3793000661,697906490,2969989176
benchmark|strict6|xgboost|1|5|All,xgboost,449,AFP;Input;Output;Enquiry;File;Interface,"{""colsample_bytree"": 0.7, ""learning_rate"": 0.02, ""max_depth"": 2, ""min_child_weight"": 5, ""n_estimators"": 400, ""reg_alpha"": 0.1, ""reg_lambda"": 10.0, ""subsample"": 0.9}",2829.70230646257,3856170238,3730681506,2531539941
benchmark|strict6|lightgbm|1|5|All,lightgbm,449,AFP;Input;Output;Enquiry;File;Interface,"{""colsample_bytree"": 1.0, ""learning_rate"": 0.02, ""max_depth"": 5, ""min_child_samples"": 40, ""n_estimators"": 400, ""num_leaves"": 7, ""reg_lambda"": 5.0, ""subsample"": 0.8}",2912.04383435661,3461420929,2494532964,364361589
benchmark|strict6|stacking|1|5|All,stacking,449,AFP;Input;Output;Enquiry;File;Interface,"{""base_models"": [""tuned_random_forest"", ""tuned_extra_trees"", ""tuned_xgboost""], ""meta_learner"": ""LinearRegression"", ""stack_cv_seed"": 1830573023, ""stack_cv_splits"": 5}",,,1830573023,
scale_nested_et|strict6|Global|1|6|All,extra_trees,449,AFP;Input;Output;Enquiry;File;Interface,"{""bootstrap"": true, ""max_depth"": 20, ""max_features"": 0.75, ""min_samples_leaf"": 1, ""min_samples_split"": 10, ""n_estimators"": 300}",2527.61721535402,2913147092,4284786540,2977235101
scale_nested_et|strict6|Global + MI|1|6|All,extra_trees,449,AFP;Input;Enquiry,"{""bootstrap"": false, ""max_depth"": null, ""max_features"": 0.5, ""min_samples_leaf"": 1, ""min_samples_split"": 10, ""n_estimators"": 300}",2475.34579051302,4049620928,1061211872,2662008698
scale_nested_et|strict6|Quantile|1|6|Small,extra_trees,151,AFP;Input;Output;Enquiry;File;Interface,"{""bootstrap"": false, ""max_depth"": 10, ""max_features"": 0.5, ""min_samples_leaf"": 2, ""min_samples_split"": 10, ""n_estimators"": 300}",806.090609782117,675612730,4000012742,866649765
scale_nested_et|strict6|Quantile|1|6|Medium,extra_trees,148,AFP;Input;Output;Enquiry;File;Interface,"{""bootstrap"": false, ""max_depth"": null, ""max_features"": 0.5, ""min_samples_leaf"": 8, ""min_samples_split"": 5, ""n_estimators"": 500}",1516.30256130874,4028596328,3473548290,216301342
scale_nested_et|strict6|Quantile|1|6|Large,extra_trees,150,AFP;Input;Output;Enquiry;File;Interface,"{""bootstrap"": true, ""max_depth"": 10, ""max_features"": 0.5, ""min_samples_leaf"": 2, ""min_samples_split"": 5, ""n_estimators"": 300}",5086.07366994553,2087918231,3140325293,3854065523
scale_nested_et|strict6|Quantile + MI|1|6|Small,extra_trees,151,AFP;Output;Enquiry,"{""bootstrap"": false, ""max_depth"": 20, ""max_features"": 0.75, ""min_samples_leaf"": 1, ""min_samples_split"": 10, ""n_estimators"": 300}",752.258132108621,2308493552,98767720,1486375508
scale_nested_et|strict6|Quantile + MI|1|6|Medium,extra_trees,148,AFP;Input;Output,"{""bootstrap"": false, ""max_depth"": null, ""max_features"": 0.75, ""min_samples_leaf"": 8, ""min_samples_split"": 5, ""n_estimators"": 300}",1561.01745759507,170600891,1152064655,1857490667
scale_nested_et|strict6|Quantile + MI|1|6|Large,extra_trees,150,AFP;Input;Enquiry,"{""bootstrap"": true, ""max_depth"": null, ""max_features"": 0.5, ""min_samples_leaf"": 1, ""min_samples_split"": 2, ""n_estimators"": 500}",4818.44809333333,3764338409,2538127441,3474639896
benchmark|strict6|random_forest|1|6|All,random_forest,449,AFP;Input;Output;Enquiry;File;Interface,"{""bootstrap"": true, ""max_depth"": 20, ""max_features"": 0.5, ""min_samples_leaf"": 4, ""min_samples_split"": 2, ""n_estimators"": 300}",2515.23344134177,841235528,1569452142,3040961436
benchmark|strict6|xgboost|1|6|All,xgboost,449,AFP;Input;Output;Enquiry;File;Interface,"{""colsample_bytree"": 1.0, ""learning_rate"": 0.02, ""max_depth"": 2, ""min_child_weight"": 5, ""n_estimators"": 400, ""reg_alpha"": 0.1, ""reg_lambda"": 10.0, ""subsample"": 0.7}",2464.69438154865,90376027,2288547967,1594296055
benchmark|strict6|lightgbm|1|6|All,lightgbm,449,AFP;Input;Output;Enquiry;File;Interface,"{""colsample_bytree"": 0.8, ""learning_rate"": 0.02, ""max_depth"": -1, ""min_child_samples"": 20, ""n_estimators"": 200, ""num_leaves"": 31, ""reg_lambda"": 0.0, ""subsample"": 1.0}",2631.99091816066,440030830,1862629763,1678933163
benchmark|strict6|stacking|1|6|All,stacking,449,AFP;Input;Output;Enquiry;File;Interface,"{""base_models"": [""tuned_random_forest"", ""tuned_extra_trees"", ""tuned_xgboost""], ""meta_learner"": ""LinearRegression"", ""stack_cv_seed"": 2232227997, ""stack_cv_splits"": 5}",,,2232227997,
scale_nested_et|strict6|Global|1|7|All,extra_trees,449,AFP;Input;Output;Enquiry;File;Interface,"{""bootstrap"": false, ""max_depth"": 10, ""max_features"": 1.0, ""min_samples_leaf"": 4, ""min_samples_split"": 2, ""n_estimators"": 500}",2652.73336543981,1200574078,2948942631,3717472745
scale_nested_et|strict6|Global + MI|1|7|All,extra_trees,449,AFP;Input;Enquiry,"{""bootstrap"": true, ""max_depth"": 20, ""max_features"": 0.5, ""min_samples_leaf"": 1, ""min_samples_split"": 5, ""n_estimators"": 500}",2593.54812273115,2638525990,1663539712,1189846551
scale_nested_et|strict6|Quantile|1|7|Small,extra_trees,152,AFP;Input;Output;Enquiry;File;Interface,"{""bootstrap"": false, ""max_depth"": 20, ""max_features"": 1.0, ""min_samples_leaf"": 8, ""min_samples_split"": 5, ""n_estimators"": 500}",699.250295575152,157509240,1614158618,269022489
scale_nested_et|strict6|Quantile|1|7|Medium,extra_trees,147,AFP;Input;Output;Enquiry;File;Interface,"{""bootstrap"": false, ""max_depth"": 20, ""max_features"": 0.5, ""min_samples_leaf"": 8, ""min_samples_split"": 2, ""n_estimators"": 500}",1616.84044768594,2971845097,3470427368,4194703239
scale_nested_et|strict6|Quantile|1|7|Large,extra_trees,150,AFP;Input;Output;Enquiry;File;Interface,"{""bootstrap"": true, ""max_depth"": 20, ""max_features"": 0.75, ""min_samples_leaf"": 1, ""min_samples_split"": 10, ""n_estimators"": 300}",5552.50978462445,976170554,2090397471,124925199
scale_nested_et|strict6|Quantile + MI|1|7|Small,extra_trees,152,AFP;Input;Enquiry,"{""bootstrap"": true, ""max_depth"": 20, ""max_features"": 0.75, ""min_samples_leaf"": 4, ""min_samples_split"": 10, ""n_estimators"": 300}",728.402402486563,1986971768,1249020783,1518914998
scale_nested_et|strict6|Quantile + MI|1|7|Medium,extra_trees,147,AFP;Output;Interface,"{""bootstrap"": true, ""max_depth"": 10, ""max_features"": 0.75, ""min_samples_leaf"": 2, ""min_samples_split"": 5, ""n_estimators"": 300}",1567.4508894985,513942205,780580661,2517957426
scale_nested_et|strict6|Quantile + MI|1|7|Large,extra_trees,150,Input;Enquiry;File,"{""bootstrap"": false, ""max_depth"": 20, ""max_features"": 0.5, ""min_samples_leaf"": 1, ""min_samples_split"": 10, ""n_estimators"": 500}",5768.76400785596,4209466091,1086437359,2120856756
benchmark|strict6|random_forest|1|7|All,random_forest,449,AFP;Input;Output;Enquiry;File;Interface,"{""bootstrap"": true, ""max_depth"": 20, ""max_features"": ""sqrt"", ""min_samples_leaf"": 1, ""min_samples_split"": 10, ""n_estimators"": 300}",2732.87099088744,13689503,645096641,1175834711
benchmark|strict6|xgboost|1|7|All,xgboost,449,AFP;Input;Output;Enquiry;File;Interface,"{""colsample_bytree"": 0.9, ""learning_rate"": 0.1, ""max_depth"": 2, ""min_child_weight"": 3, ""n_estimators"": 200, ""reg_alpha"": 1.0, ""reg_lambda"": 10.0, ""subsample"": 1.0}",2606.62042151853,1837592879,2012694530,1276493368
benchmark|strict6|lightgbm|1|7|All,lightgbm,449,AFP;Input;Output;Enquiry;File;Interface,"{""colsample_bytree"": 0.8, ""learning_rate"": 0.02, ""max_depth"": -1, ""min_child_samples"": 20, ""n_estimators"": 200, ""num_leaves"": 7, ""reg_lambda"": 5.0, ""subsample"": 1.0}",2687.43504955909,1793583683,1133941781,3514438000
benchmark|strict6|stacking|1|7|All,stacking,449,AFP;Input;Output;Enquiry;File;Interface,"{""base_models"": [""tuned_random_forest"", ""tuned_extra_trees"", ""tuned_xgboost""], ""meta_learner"": ""LinearRegression"", ""stack_cv_seed"": 1070273415, ""stack_cv_splits"": 5}",,,1070273415,
scale_nested_et|strict6|Global|1|8|All,extra_trees,449,AFP;Input;Output;Enquiry;File;Interface,"{""bootstrap"": true, ""max_depth"": null, ""max_features"": 1.0, ""min_samples_leaf"": 4, ""min_samples_split"": 2, ""n_estimators"": 300}",2747.73557873591,2584046315,149358420,2773213930
scale_nested_et|strict6|Global + MI|1|8|All,extra_trees,449,AFP;Input;Enquiry,"{""bootstrap"": true, ""max_depth"": 10, ""max_features"": 1.0, ""min_samples_leaf"": 2, ""min_samples_split"": 2, ""n_estimators"": 300}",2799.96603023457,2462472181,3461200217,18328571
scale_nested_et|strict6|Quantile|1|8|Small,extra_trees,152,AFP;Input;Output;Enquiry;File;Interface,"{""bootstrap"": false, ""max_depth"": 10, ""max_features"": 1.0, ""min_samples_leaf"": 8, ""min_samples_split"": 10, ""n_estimators"": 300}",821.391809889965,766655402,623180427,2299298884
scale_nested_et|strict6|Quantile|1|8|Medium,extra_trees,147,AFP;Input;Output;Enquiry;File;Interface,"{""bootstrap"": false, ""max_depth"": 10, ""max_features"": 0.75, ""min_samples_leaf"": 8, ""min_samples_split"": 10, ""n_estimators"": 500}",1715.3581417292,321254264,2808181863,3602001708
scale_nested_et|strict6|Quantile|1|8|Large,extra_trees,150,AFP;Input;Output;Enquiry;File;Interface,"{""bootstrap"": true, ""max_depth"": 20, ""max_features"": 0.75, ""min_samples_leaf"": 2, ""min_samples_split"": 5, ""n_estimators"": 300}",5904.82514583401,3667298699,936569541,3817247610
scale_nested_et|strict6|Quantile + MI|1|8|Small,extra_trees,152,AFP;Input;Enquiry,"{""bootstrap"": true, ""max_depth"": null, ""max_features"": 0.75, ""min_samples_leaf"": 4, ""min_samples_split"": 5, ""n_estimators"": 300}",801.951781024237,1404897759,3395190443,1580873810
scale_nested_et|strict6|Quantile + MI|1|8|Medium,extra_trees,147,AFP;Output;File,"{""bootstrap"": false, ""max_depth"": 10, ""max_features"": 0.75, ""min_samples_leaf"": 4, ""min_samples_split"": 5, ""n_estimators"": 500}",1689.24086555827,3057462759,3110461470,3108990429
scale_nested_et|strict6|Quantile + MI|1|8|Large,extra_trees,150,AFP;Input;Enquiry,"{""bootstrap"": false, ""max_depth"": 10, ""max_features"": 0.75, ""min_samples_leaf"": 1, ""min_samples_split"": 5, ""n_estimators"": 300}",5676.08366945845,258128776,646412485,89717452
benchmark|strict6|random_forest|1|8|All,random_forest,449,AFP;Input;Output;Enquiry;File;Interface,"{""bootstrap"": true, ""max_depth"": 20, ""max_features"": ""sqrt"", ""min_samples_leaf"": 4, ""min_samples_split"": 2, ""n_estimators"": 500}",2763.36670289123,3923862807,4148623527,1268509182
benchmark|strict6|xgboost|1|8|All,xgboost,449,AFP;Input;Output;Enquiry;File;Interface,"{""colsample_bytree"": 0.9, ""learning_rate"": 0.02, ""max_depth"": 2, ""min_child_weight"": 5, ""n_estimators"": 400, ""reg_alpha"": 0.1, ""reg_lambda"": 5.0, ""subsample"": 0.9}",2772.23290878899,437247426,962229378,2927555660
benchmark|strict6|lightgbm|1|8|All,lightgbm,449,AFP;Input;Output;Enquiry;File;Interface,"{""colsample_bytree"": 0.8, ""learning_rate"": 0.05, ""max_depth"": 5, ""min_child_samples"": 20, ""n_estimators"": 200, ""num_leaves"": 15, ""reg_lambda"": 1.0, ""subsample"": 0.8}",2845.75076707058,4180169794,4214031561,3053508883
benchmark|strict6|stacking|1|8|All,stacking,449,AFP;Input;Output;Enquiry;File;Interface,"{""base_models"": [""tuned_random_forest"", ""tuned_extra_trees"", ""tuned_xgboost""], ""meta_learner"": ""LinearRegression"", ""stack_cv_seed"": 762037614, ""stack_cv_splits"": 5}",,,762037614,
scale_nested_et|strict6|Global|1|9|All,extra_trees,449,AFP;Input;Output;Enquiry;File;Interface,"{""bootstrap"": false, ""max_depth"": 10, ""max_features"": 1.0, ""min_samples_leaf"": 4, ""min_samples_split"": 5, ""n_estimators"": 500}",2630.45706239077,2017224629,1418571149,1416411418
scale_nested_et|strict6|Global + MI|1|9|All,extra_trees,449,AFP;Input;Enquiry,"{""bootstrap"": true, ""max_depth"": null, ""max_features"": 0.5, ""min_samples_leaf"": 1, ""min_samples_split"": 10, ""n_estimators"": 300}",2537.41147162289,169242737,1212193825,2006779390
scale_nested_et|strict6|Quantile|1|9|Small,extra_trees,150,AFP;Input;Output;Enquiry;File;Interface,"{""bootstrap"": false, ""max_depth"": 20, ""max_features"": 1.0, ""min_samples_leaf"": 8, ""min_samples_split"": 10, ""n_estimators"": 500}",788.703589493393,2859518540,4202478255,2216737221
scale_nested_et|strict6|Quantile|1|9|Medium,extra_trees,149,AFP;Input;Output;Enquiry;File;Interface,"{""bootstrap"": true, ""max_depth"": null, ""max_features"": 0.75, ""min_samples_leaf"": 8, ""min_samples_split"": 10, ""n_estimators"": 500}",1601.52173575941,2501967491,396653186,2280950213
scale_nested_et|strict6|Quantile|1|9|Large,extra_trees,150,AFP;Input;Output;Enquiry;File;Interface,"{""bootstrap"": true, ""max_depth"": 20, ""max_features"": 0.75, ""min_samples_leaf"": 2, ""min_samples_split"": 10, ""n_estimators"": 300}",5622.62475881878,761763674,3002189559,2064214840
scale_nested_et|strict6|Quantile + MI|1|9|Small,extra_trees,150,AFP;Output;Enquiry,"{""bootstrap"": false, ""max_depth"": 20, ""max_features"": 1.0, ""min_samples_leaf"": 8, ""min_samples_split"": 10, ""n_estimators"": 300}",785.864807240984,176998025,2968449245,3929972542
scale_nested_et|strict6|Quantile + MI|1|9|Medium,extra_trees,149,AFP;Output;Interface,"{""bootstrap"": true, ""max_depth"": 10, ""max_features"": 0.5, ""min_samples_leaf"": 1, ""min_samples_split"": 2, ""n_estimators"": 500}",1529.27651540496,959891307,443230693,1285978750
scale_nested_et|strict6|Quantile + MI|1|9|Large,extra_trees,150,Input;Enquiry;File,"{""bootstrap"": false, ""max_depth"": 10, ""max_features"": 1.0, ""min_samples_leaf"": 2, ""min_samples_split"": 5, ""n_estimators"": 300}",5778.99912721565,918807335,3950086721,3011644577
benchmark|strict6|random_forest|1|9|All,random_forest,449,AFP;Input;Output;Enquiry;File;Interface,"{""bootstrap"": true, ""max_depth"": 10, ""max_features"": 0.75, ""min_samples_leaf"": 8, ""min_samples_split"": 2, ""n_estimators"": 500}",2627.75166022258,3317401987,796225781,3624524186
benchmark|strict6|xgboost|1|9|All,xgboost,449,AFP;Input;Output;Enquiry;File;Interface,"{""colsample_bytree"": 1.0, ""learning_rate"": 0.02, ""max_depth"": 2, ""min_child_weight"": 3, ""n_estimators"": 200, ""reg_alpha"": 1.0, ""reg_lambda"": 5.0, ""subsample"": 0.7}",2661.9114951292,2794927345,2318987315,2626169044
benchmark|strict6|lightgbm|1|9|All,lightgbm,449,AFP;Input;Output;Enquiry;File;Interface,"{""colsample_bytree"": 0.8, ""learning_rate"": 0.02, ""max_depth"": -1, ""min_child_samples"": 10, ""n_estimators"": 200, ""num_leaves"": 31, ""reg_lambda"": 5.0, ""subsample"": 0.8}",2656.84328702857,3360770466,3335213727,759650754
benchmark|strict6|stacking|1|9|All,stacking,449,AFP;Input;Output;Enquiry;File;Interface,"{""base_models"": [""tuned_random_forest"", ""tuned_extra_trees"", ""tuned_xgboost""], ""meta_learner"": ""LinearRegression"", ""stack_cv_seed"": 3714956176, ""stack_cv_splits"": 5}",,,3714956176,
scale_nested_et|strict6|Global|1|10|All,extra_trees,450,AFP;Input;Output;Enquiry;File;Interface,"{""bootstrap"": false, ""max_depth"": null, ""max_features"": 1.0, ""min_samples_leaf"": 4, ""min_samples_split"": 10, ""n_estimators"": 500}",2741.69853396655,1376269403,1520987689,3876803021
scale_nested_et|strict6|Global + MI|1|10|All,extra_trees,450,AFP;Input;Enquiry,"{""bootstrap"": false, ""max_depth"": null, ""max_features"": 0.75, ""min_samples_leaf"": 4, ""min_samples_split"": 2, ""n_estimators"": 300}",3018.84521537414,1006470379,2381247746,767030239
scale_nested_et|strict6|Quantile|1|10|Small,extra_trees,150,AFP;Input;Output;Enquiry;File;Interface,"{""bootstrap"": true, ""max_depth"": 10, ""max_features"": 0.5, ""min_samples_leaf"": 4, ""min_samples_split"": 10, ""n_estimators"": 300}",823.392654230694,3676181146,2761795694,4131756483
scale_nested_et|strict6|Quantile|1|10|Medium,extra_trees,150,AFP;Input;Output;Enquiry;File;Interface,"{""bootstrap"": false, ""max_depth"": 20, ""max_features"": 0.5, ""min_samples_leaf"": 2, ""min_samples_split"": 2, ""n_estimators"": 300}",1639.47339150206,2738156465,3374903763,2499831504
scale_nested_et|strict6|Quantile|1|10|Large,extra_trees,150,AFP;Input;Output;Enquiry;File;Interface,"{""bootstrap"": true, ""max_depth"": 20, ""max_features"": 0.75, ""min_samples_leaf"": 1, ""min_samples_split"": 10, ""n_estimators"": 300}",5927.16445971208,3836236753,901284534,984145275
scale_nested_et|strict6|Quantile + MI|1|10|Small,extra_trees,150,AFP;Input;Enquiry,"{""bootstrap"": false, ""max_depth"": 10, ""max_features"": 0.75, ""min_samples_leaf"": 4, ""min_samples_split"": 2, ""n_estimators"": 300}",818.955546052946,1039666891,2683206653,2286413817
scale_nested_et|strict6|Quantile + MI|1|10|Medium,extra_trees,150,AFP;Input;Output,"{""bootstrap"": true, ""max_depth"": 10, ""max_features"": 0.75, ""min_samples_leaf"": 8, ""min_samples_split"": 5, ""n_estimators"": 500}",1626.01098360806,1686494742,1577892736,2825889812
scale_nested_et|strict6|Quantile + MI|1|10|Large,extra_trees,150,AFP;Input;Enquiry,"{""bootstrap"": true, ""max_depth"": null, ""max_features"": 0.5, ""min_samples_leaf"": 1, ""min_samples_split"": 10, ""n_estimators"": 500}",5726.00454153659,696076665,1336614877,1494370004
benchmark|strict6|random_forest|1|10|All,random_forest,450,AFP;Input;Output;Enquiry;File;Interface,"{""bootstrap"": true, ""max_depth"": 10, ""max_features"": 0.5, ""min_samples_leaf"": 8, ""min_samples_split"": 10, ""n_estimators"": 500}",2717.32814936485,4031204401,3039476782,2284331677
benchmark|strict6|xgboost|1|10|All,xgboost,450,AFP;Input;Output;Enquiry;File;Interface,"{""colsample_bytree"": 0.9, ""learning_rate"": 0.02, ""max_depth"": 3, ""min_child_weight"": 1, ""n_estimators"": 400, ""reg_alpha"": 0.0, ""reg_lambda"": 10.0, ""subsample"": 0.7}",2840.97145033095,4090408425,1691298170,2257326847
benchmark|strict6|lightgbm|1|10|All,lightgbm,450,AFP;Input;Output;Enquiry;File;Interface,"{""colsample_bytree"": 1.0, ""learning_rate"": 0.02, ""max_depth"": -1, ""min_child_samples"": 10, ""n_estimators"": 400, ""num_leaves"": 7, ""reg_lambda"": 5.0, ""subsample"": 1.0}",2848.52993586908,4240323898,4268511124,1069414879
benchmark|strict6|stacking|1|10|All,stacking,450,AFP;Input;Output;Enquiry;File;Interface,"{""base_models"": [""tuned_random_forest"", ""tuned_extra_trees"", ""tuned_xgboost""], ""meta_learner"": ""LinearRegression"", ""stack_cv_seed"": 1014751331, ""stack_cv_splits"": 5}",,,1014751331,
scale_nested_et|strict6|Global|2|1|All,extra_trees,449,AFP;Input;Output;Enquiry;File;Interface,"{""bootstrap"": true, ""max_depth"": 20, ""max_features"": 0.75, ""min_samples_leaf"": 2, ""min_samples_split"": 5, ""n_estimators"": 500}",2732.22468521973,1909258609,2391459107,3377576132
scale_nested_et|strict6|Global + MI|2|1|All,extra_trees,449,AFP;Input;Enquiry,"{""bootstrap"": true, ""max_depth"": 10, ""max_features"": 0.5, ""min_samples_leaf"": 1, ""min_samples_split"": 5, ""n_estimators"": 500}",2553.65516049144,1863211157,4161294194,1158052131
scale_nested_et|strict6|Quantile|2|1|Small,extra_trees,152,AFP;Input;Output;Enquiry;File;Interface,"{""bootstrap"": false, ""max_depth"": 10, ""max_features"": 0.75, ""min_samples_leaf"": 8, ""min_samples_split"": 10, ""n_estimators"": 300}",760.684725406414,2115415557,2976341521,2811734973
scale_nested_et|strict6|Quantile|2|1|Medium,extra_trees,147,AFP;Input;Output;Enquiry;File;Interface,"{""bootstrap"": true, ""max_depth"": null, ""max_features"": 1.0, ""min_samples_leaf"": 8, ""min_samples_split"": 2, ""n_estimators"": 500}",1752.062116114,2903696880,3929337462,2687591019
scale_nested_et|strict6|Quantile|2|1|Large,extra_trees,150,AFP;Input;Output;Enquiry;File;Interface,"{""bootstrap"": true, ""max_depth"": null, ""max_features"": 1.0, ""min_samples_leaf"": 4, ""min_samples_split"": 5, ""n_estimators"": 300}",5503.06841293479,2243498802,1840557640,900440409
scale_nested_et|strict6|Quantile + MI|2|1|Small,extra_trees,152,AFP;Enquiry;Interface,"{""bootstrap"": false, ""max_depth"": 20, ""max_features"": 1.0, ""min_samples_leaf"": 8, ""min_samples_split"": 10, ""n_estimators"": 300}",769.554179129069,4294078763,3638058218,301571760
scale_nested_et|strict6|Quantile + MI|2|1|Medium,extra_trees,147,AFP;Output;Interface,"{""bootstrap"": true, ""max_depth"": null, ""max_features"": 0.75, ""min_samples_leaf"": 2, ""min_samples_split"": 2, ""n_estimators"": 300}",1724.38558928008,2529217759,697328623,1743765888
scale_nested_et|strict6|Quantile + MI|2|1|Large,extra_trees,150,AFP;Input;Enquiry,"{""bootstrap"": true, ""max_depth"": null, ""max_features"": 0.75, ""min_samples_leaf"": 1, ""min_samples_split"": 10, ""n_estimators"": 500}",5437.36175328116,312205525,2538819185,1512307490
benchmark|strict6|random_forest|2|1|All,random_forest,449,AFP;Input;Output;Enquiry;File;Interface,"{""bootstrap"": true, ""max_depth"": 10, ""max_features"": ""sqrt"", ""min_samples_leaf"": 2, ""min_samples_split"": 10, ""n_estimators"": 300}",2691.54818015214,560151042,3554893274,1505787721
benchmark|strict6|xgboost|2|1|All,xgboost,449,AFP;Input;Output;Enquiry;File;Interface,"{""colsample_bytree"": 0.7, ""learning_rate"": 0.02, ""max_depth"": 5, ""min_child_weight"": 3, ""n_estimators"": 200, ""reg_alpha"": 0.1, ""reg_lambda"": 5.0, ""subsample"": 0.7}",2666.36042105792,638246726,1488922914,1392971944
benchmark|strict6|lightgbm|2|1|All,lightgbm,449,AFP;Input;Output;Enquiry;File;Interface,"{""colsample_bytree"": 0.8, ""learning_rate"": 0.02, ""max_depth"": 5, ""min_child_samples"": 40, ""n_estimators"": 200, ""num_leaves"": 15, ""reg_lambda"": 5.0, ""subsample"": 0.8}",2845.82829283238,3780834079,2305941402,1471054484
benchmark|strict6|stacking|2|1|All,stacking,449,AFP;Input;Output;Enquiry;File;Interface,"{""base_models"": [""tuned_random_forest"", ""tuned_extra_trees"", ""tuned_xgboost""], ""meta_learner"": ""LinearRegression"", ""stack_cv_seed"": 3136042864, ""stack_cv_splits"": 5}",,,3136042864,
scale_nested_et|strict6|Global|2|2|All,extra_trees,449,AFP;Input;Output;Enquiry;File;Interface,"{""bootstrap"": true, ""max_depth"": 20, ""max_features"": 0.5, ""min_samples_leaf"": 1, ""min_samples_split"": 5, ""n_estimators"": 300}",2583.54898240742,4118462409,2417862242,989908311
scale_nested_et|strict6|Global + MI|2|2|All,extra_trees,449,AFP;Input;Enquiry,"{""bootstrap"": true, ""max_depth"": 10, ""max_features"": 0.75, ""min_samples_leaf"": 1, ""min_samples_split"": 5, ""n_estimators"": 500}",2563.67192913666,2652506440,903858157,2660695344
scale_nested_et|strict6|Quantile|2|2|Small,extra_trees,150,AFP;Input;Output;Enquiry;File;Interface,"{""bootstrap"": true, ""max_depth"": 10, ""max_features"": 0.75, ""min_samples_leaf"": 4, ""min_samples_split"": 10, ""n_estimators"": 300}",776.699111623054,2946786541,1257294502,3627647405
scale_nested_et|strict6|Quantile|2|2|Medium,extra_trees,149,AFP;Input;Output;Enquiry;File;Interface,"{""bootstrap"": false, ""max_depth"": null, ""max_features"": 1.0, ""min_samples_leaf"": 8, ""min_samples_split"": 5, ""n_estimators"": 300}",1515.7262702876,2407658000,2902633678,61533600
scale_nested_et|strict6|Quantile|2|2|Large,extra_trees,150,AFP;Input;Output;Enquiry;File;Interface,"{""bootstrap"": true, ""max_depth"": 10, ""max_features"": 0.75, ""min_samples_leaf"": 2, ""min_samples_split"": 2, ""n_estimators"": 300}",5784.94278135359,2996043400,163416854,1870397330
scale_nested_et|strict6|Quantile + MI|2|2|Small,extra_trees,150,AFP;Enquiry;Interface,"{""bootstrap"": true, ""max_depth"": 20, ""max_features"": 1.0, ""min_samples_leaf"": 4, ""min_samples_split"": 10, ""n_estimators"": 300}",793.502541966281,1619239433,2483096007,4020005817
scale_nested_et|strict6|Quantile + MI|2|2|Medium,extra_trees,149,AFP;Output;File,"{""bootstrap"": false, ""max_depth"": 10, ""max_features"": 0.5, ""min_samples_leaf"": 4, ""min_samples_split"": 5, ""n_estimators"": 500}",1539.01131316394,2951284304,312466168,3582173171
scale_nested_et|strict6|Quantile + MI|2|2|Large,extra_trees,150,AFP;Input;Enquiry,"{""bootstrap"": true, ""max_depth"": 20, ""max_features"": 0.5, ""min_samples_leaf"": 1, ""min_samples_split"": 5, ""n_estimators"": 500}",5700.30128727395,266147634,2878113340,116511947
benchmark|strict6|random_forest|2|2|All,random_forest,449,AFP;Input;Output;Enquiry;File;Interface,"{""bootstrap"": true, ""max_depth"": null, ""max_features"": 0.5, ""min_samples_leaf"": 8, ""min_samples_split"": 2, ""n_estimators"": 500}",2647.03493919569,3610153938,2118945956,4220169317
benchmark|strict6|xgboost|2|2|All,xgboost,449,AFP;Input;Output;Enquiry;File;Interface,"{""colsample_bytree"": 1.0, ""learning_rate"": 0.02, ""max_depth"": 2, ""min_child_weight"": 1, ""n_estimators"": 200, ""reg_alpha"": 1.0, ""reg_lambda"": 5.0, ""subsample"": 0.7}",2714.78256634581,1602742805,2288764502,2769656677
benchmark|strict6|lightgbm|2|2|All,lightgbm,449,AFP;Input;Output;Enquiry;File;Interface,"{""colsample_bytree"": 0.8, ""learning_rate"": 0.02, ""max_depth"": 5, ""min_child_samples"": 20, ""n_estimators"": 200, ""num_leaves"": 15, ""reg_lambda"": 5.0, ""subsample"": 0.8}",2708.49420047684,3632993059,149011784,2809789194
benchmark|strict6|stacking|2|2|All,stacking,449,AFP;Input;Output;Enquiry;File;Interface,"{""base_models"": [""tuned_random_forest"", ""tuned_extra_trees"", ""tuned_xgboost""], ""meta_learner"": ""LinearRegression"", ""stack_cv_seed"": 1712548816, ""stack_cv_splits"": 5}",,,1712548816,
scale_nested_et|strict6|Global|2|3|All,extra_trees,449,AFP;Input;Output;Enquiry;File;Interface,"{""bootstrap"": false, ""max_depth"": 10, ""max_features"": 0.75, ""min_samples_leaf"": 1, ""min_samples_split"": 10, ""n_estimators"": 300}",2421.43519215133,1547936548,2722978862,3413094674
scale_nested_et|strict6|Global + MI|2|3|All,extra_trees,449,AFP;Input;Enquiry,"{""bootstrap"": true, ""max_depth"": 20, ""max_features"": 0.5, ""min_samples_leaf"": 1, ""min_samples_split"": 5, ""n_estimators"": 300}",2429.56841988824,1548236700,3856995297,1341596910
scale_nested_et|strict6|Quantile|2|3|Small,extra_trees,150,AFP;Input;Output;Enquiry;File;Interface,"{""bootstrap"": true, ""max_depth"": null, ""max_features"": 0.5, ""min_samples_leaf"": 4, ""min_samples_split"": 5, ""n_estimators"": 300}",813.752733503626,952548242,1464199345,869829726
scale_nested_et|strict6|Quantile|2|3|Medium,extra_trees,149,AFP;Input;Output;Enquiry;File;Interface,"{""bootstrap"": true, ""max_depth"": 10, ""max_features"": 0.5, ""min_samples_leaf"": 2, ""min_samples_split"": 10, ""n_estimators"": 500}",1554.68985767948,3747880160,3895382572,3258438970
scale_nested_et|strict6|Quantile|2|3|Large,extra_trees,150,AFP;Input;Output;Enquiry;File;Interface,"{""bootstrap"": true, ""max_depth"": null, ""max_features"": 0.75, ""min_samples_leaf"": 4, ""min_samples_split"": 5, ""n_estimators"": 300}",5009.85590711456,3814462465,3275923650,2192725470
scale_nested_et|strict6|Quantile + MI|2|3|Small,extra_trees,150,Input;Output;Enquiry,"{""bootstrap"": true, ""max_depth"": null, ""max_features"": 0.75, ""min_samples_leaf"": 2, ""min_samples_split"": 5, ""n_estimators"": 500}",795.241911519202,262200460,2809530960,3081672996
scale_nested_et|strict6|Quantile + MI|2|3|Medium,extra_trees,149,AFP;Output;File,"{""bootstrap"": true, ""max_depth"": 20, ""max_features"": 0.75, ""min_samples_leaf"": 1, ""min_samples_split"": 5, ""n_estimators"": 300}",1489.52529483702,1543412614,2827277906,3958849385
scale_nested_et|strict6|Quantile + MI|2|3|Large,extra_trees,150,AFP;Input;Enquiry,"{""bootstrap"": true, ""max_depth"": 10, ""max_features"": 1.0, ""min_samples_leaf"": 2, ""min_samples_split"": 5, ""n_estimators"": 500}",4954.37652978547,1661976310,3116089085,1453884907
benchmark|strict6|random_forest|2|3|All,random_forest,449,AFP;Input;Output;Enquiry;File;Interface,"{""bootstrap"": true, ""max_depth"": null, ""max_features"": 0.75, ""min_samples_leaf"": 4, ""min_samples_split"": 5, ""n_estimators"": 500}",2398.83429498959,2129382905,1064653177,2698951785
benchmark|strict6|xgboost|2|3|All,xgboost,449,AFP;Input;Output;Enquiry;File;Interface,"{""colsample_bytree"": 0.9, ""learning_rate"": 0.02, ""max_depth"": 3, ""min_child_weight"": 5, ""n_estimators"": 400, ""reg_alpha"": 0.1, ""reg_lambda"": 1.0, ""subsample"": 0.7}",2670.6533097886,392556490,3555772181,1900250744
benchmark|strict6|lightgbm|2|3|All,lightgbm,449,AFP;Input;Output;Enquiry;File;Interface,"{""colsample_bytree"": 0.8, ""learning_rate"": 0.02, ""max_depth"": 10, ""min_child_samples"": 10, ""n_estimators"": 200, ""num_leaves"": 7, ""reg_lambda"": 0.0, ""subsample"": 0.8}",2604.9130170508,1569513160,2735361087,951498183
benchmark|strict6|stacking|2|3|All,stacking,449,AFP;Input;Output;Enquiry;File;Interface,"{""base_models"": [""tuned_random_forest"", ""tuned_extra_trees"", ""tuned_xgboost""], ""meta_learner"": ""LinearRegression"", ""stack_cv_seed"": 3511756136, ""stack_cv_splits"": 5}",,,3511756136,
scale_nested_et|strict6|Global|2|4|All,extra_trees,449,AFP;Input;Output;Enquiry;File;Interface,"{""bootstrap"": true, ""max_depth"": null, ""max_features"": 1.0, ""min_samples_leaf"": 4, ""min_samples_split"": 10, ""n_estimators"": 300}",2690.40505747577,2006740482,2550063544,814547587
scale_nested_et|strict6|Global + MI|2|4|All,extra_trees,449,AFP;Input;Enquiry,"{""bootstrap"": true, ""max_depth"": 20, ""max_features"": 1.0, ""min_samples_leaf"": 4, ""min_samples_split"": 2, ""n_estimators"": 500}",2753.04368751449,1686178424,3387290504,4236208714
scale_nested_et|strict6|Quantile|2|4|Small,extra_trees,150,AFP;Input;Output;Enquiry;File;Interface,"{""bootstrap"": false, ""max_depth"": 20, ""max_features"": 0.75, ""min_samples_leaf"": 4, ""min_samples_split"": 10, ""n_estimators"": 500}",791.65075956835,2153564118,3288455228,1012570602
scale_nested_et|strict6|Quantile|2|4|Medium,extra_trees,149,AFP;Input;Output;Enquiry;File;Interface,"{""bootstrap"": true, ""max_depth"": 10, ""max_features"": 1.0, ""min_samples_leaf"": 2, ""min_samples_split"": 10, ""n_estimators"": 500}",1537.85209900239,4191023965,2444444085,906632288
scale_nested_et|strict6|Quantile|2|4|Large,extra_trees,150,AFP;Input;Output;Enquiry;File;Interface,"{""bootstrap"": false, ""max_depth"": 10, ""max_features"": 0.75, ""min_samples_leaf"": 4, ""min_samples_split"": 10, ""n_estimators"": 500}",5979.50035096048,3865629703,1044503072,1460680538
scale_nested_et|strict6|Quantile + MI|2|4|Small,extra_trees,150,AFP;Input;Enquiry,"{""bootstrap"": true, ""max_depth"": null, ""max_features"": 0.75, ""min_samples_leaf"": 4, ""min_samples_split"": 5, ""n_estimators"": 300}",801.169444968852,3804441464,2534569547,3191246466
scale_nested_et|strict6|Quantile + MI|2|4|Medium,extra_trees,149,AFP;Input;Output,"{""bootstrap"": true, ""max_depth"": 10, ""max_features"": 1.0, ""min_samples_leaf"": 4, ""min_samples_split"": 5, ""n_estimators"": 300}",1527.46013931155,3654371507,159702721,1016019443
scale_nested_et|strict6|Quantile + MI|2|4|Large,extra_trees,150,AFP;Input;Enquiry,"{""bootstrap"": false, ""max_depth"": 20, ""max_features"": 1.0, ""min_samples_leaf"": 2, ""min_samples_split"": 5, ""n_estimators"": 300}",5808.21547531484,902470498,700401073,2205442257
benchmark|strict6|random_forest|2|4|All,random_forest,449,AFP;Input;Output;Enquiry;File;Interface,"{""bootstrap"": true, ""max_depth"": 10, ""max_features"": ""sqrt"", ""min_samples_leaf"": 8, ""min_samples_split"": 2, ""n_estimators"": 500}",2650.84347287575,1078824607,4202956110,497199907
benchmark|strict6|xgboost|2|4|All,xgboost,449,AFP;Input;Output;Enquiry;File;Interface,"{""colsample_bytree"": 0.7, ""learning_rate"": 0.02, ""max_depth"": 3, ""min_child_weight"": 1, ""n_estimators"": 200, ""reg_alpha"": 0.0, ""reg_lambda"": 10.0, ""subsample"": 1.0}",2856.57057994595,1337479201,3994492989,1363277912
benchmark|strict6|lightgbm|2|4|All,lightgbm,449,AFP;Input;Output;Enquiry;File;Interface,"{""colsample_bytree"": 1.0, ""learning_rate"": 0.05, ""max_depth"": 5, ""min_child_samples"": 10, ""n_estimators"": 200, ""num_leaves"": 31, ""reg_lambda"": 5.0, ""subsample"": 0.8}",2914.06607593632,1142555334,2384845308,1013822156
benchmark|strict6|stacking|2|4|All,stacking,449,AFP;Input;Output;Enquiry;File;Interface,"{""base_models"": [""tuned_random_forest"", ""tuned_extra_trees"", ""tuned_xgboost""], ""meta_learner"": ""LinearRegression"", ""stack_cv_seed"": 170166154, ""stack_cv_splits"": 5}",,,170166154,
scale_nested_et|strict6|Global|2|5|All,extra_trees,449,AFP;Input;Output;Enquiry;File;Interface,"{""bootstrap"": true, ""max_depth"": 20, ""max_features"": 1.0, ""min_samples_leaf"": 2, ""min_samples_split"": 10, ""n_estimators"": 500}",2724.18087051586,792443656,329632871,330334930
scale_nested_et|strict6|Global + MI|2|5|All,extra_trees,449,AFP;Enquiry;File,"{""bootstrap"": false, ""max_depth"": 10, ""max_features"": 0.75, ""min_samples_leaf"": 1, ""min_samples_split"": 5, ""n_estimators"": 300}",2834.92054857392,912462878,4250943943,1402324558
scale_nested_et|strict6|Quantile|2|5|Small,extra_trees,152,AFP;Input;Output;Enquiry;File;Interface,"{""bootstrap"": true, ""max_depth"": null, ""max_features"": 0.75, ""min_samples_leaf"": 4, ""min_samples_split"": 2, ""n_estimators"": 500}",783.577422239467,2926848315,2479122753,1249892102
scale_nested_et|strict6|Quantile|2|5|Medium,extra_trees,147,AFP;Input;Output;Enquiry;File;Interface,"{""bootstrap"": false, ""max_depth"": 20, ""max_features"": 1.0, ""min_samples_leaf"": 8, ""min_samples_split"": 10, ""n_estimators"": 500}",1604.63221437187,1682677871,3210059109,298037418
scale_nested_et|strict6|Quantile|2|5|Large,extra_trees,150,AFP;Input;Output;Enquiry;File;Interface,"{""bootstrap"": true, ""max_depth"": 10, ""max_features"": 1.0, ""min_samples_leaf"": 2, ""min_samples_split"": 10, ""n_estimators"": 500}",5842.61957423496,1387527975,1981530366,118055571
scale_nested_et|strict6|Quantile + MI|2|5|Small,extra_trees,152,AFP;Input;Enquiry,"{""bootstrap"": false, ""max_depth"": 10, ""max_features"": 1.0, ""min_samples_leaf"": 8, ""min_samples_split"": 2, ""n_estimators"": 300}",760.078306233348,3123495558,2750995488,1517770940
scale_nested_et|strict6|Quantile + MI|2|5|Medium,extra_trees,147,AFP;Output;File,"{""bootstrap"": true, ""max_depth"": 20, ""max_features"": 0.75, ""min_samples_leaf"": 4, ""min_samples_split"": 5, ""n_estimators"": 500}",1664.94318730423,3990690089,3533322889,2833186611
scale_nested_et|strict6|Quantile + MI|2|5|Large,extra_trees,150,AFP;Input;Enquiry,"{""bootstrap"": false, ""max_depth"": null, ""max_features"": 0.75, ""min_samples_leaf"": 1, ""min_samples_split"": 10, ""n_estimators"": 300}",5561.54587872134,905800875,3369098379,3560035945
benchmark|strict6|random_forest|2|5|All,random_forest,449,AFP;Input;Output;Enquiry;File;Interface,"{""bootstrap"": true, ""max_depth"": null, ""max_features"": ""sqrt"", ""min_samples_leaf"": 4, ""min_samples_split"": 5, ""n_estimators"": 300}",2747.77046020232,3037839688,419954296,741168410
benchmark|strict6|xgboost|2|5|All,xgboost,449,AFP;Input;Output;Enquiry;File;Interface,"{""colsample_bytree"": 1.0, ""learning_rate"": 0.02, ""max_depth"": 2, ""min_child_weight"": 3, ""n_estimators"": 200, ""reg_alpha"": 0.1, ""reg_lambda"": 1.0, ""subsample"": 0.7}",2850.67407444669,3399601269,4110365750,2654908675
benchmark|strict6|lightgbm|2|5|All,lightgbm,449,AFP;Input;Output;Enquiry;File;Interface,"{""colsample_bytree"": 1.0, ""learning_rate"": 0.05, ""max_depth"": 10, ""min_child_samples"": 20, ""n_estimators"": 200, ""num_leaves"": 7, ""reg_lambda"": 1.0, ""subsample"": 1.0}",3014.02768224445,348097060,3817042822,2164476692
benchmark|strict6|stacking|2|5|All,stacking,449,AFP;Input;Output;Enquiry;File;Interface,"{""base_models"": [""tuned_random_forest"", ""tuned_extra_trees"", ""tuned_xgboost""], ""meta_learner"": ""LinearRegression"", ""stack_cv_seed"": 2682167634, ""stack_cv_splits"": 5}",,,2682167634,
scale_nested_et|strict6|Global|2|6|All,extra_trees,449,AFP;Input;Output;Enquiry;File;Interface,"{""bootstrap"": true, ""max_depth"": 20, ""max_features"": 1.0, ""min_samples_leaf"": 1, ""min_samples_split"": 10, ""n_estimators"": 300}",2754.86341641331,1708871718,1127515692,681366640
scale_nested_et|strict6|Global + MI|2|6|All,extra_trees,449,AFP;Input;Enquiry,"{""bootstrap"": false, ""max_depth"": 10, ""max_features"": 0.5, ""min_samples_leaf"": 1, ""min_samples_split"": 2, ""n_estimators"": 500}",2700.77082490434,798204409,1303146689,4212296663
scale_nested_et|strict6|Quantile|2|6|Small,extra_trees,152,AFP;Input;Output;Enquiry;File;Interface,"{""bootstrap"": true, ""max_depth"": 10, ""max_features"": 1.0, ""min_samples_leaf"": 8, ""min_samples_split"": 10, ""n_estimators"": 500}",812.276993792933,967034256,3566070939,2835129486
scale_nested_et|strict6|Quantile|2|6|Medium,extra_trees,147,AFP;Input;Output;Enquiry;File;Interface,"{""bootstrap"": false, ""max_depth"": null, ""max_features"": 0.5, ""min_samples_leaf"": 4, ""min_samples_split"": 5, ""n_estimators"": 300}",1714.3785704509,2743388794,1986533473,4076048332
scale_nested_et|strict6|Quantile|2|6|Large,extra_trees,150,AFP;Input;Output;Enquiry;File;Interface,"{""bootstrap"": true, ""max_depth"": 20, ""max_features"": 0.5, ""min_samples_leaf"": 2, ""min_samples_split"": 5, ""n_estimators"": 300}",5618.82367999149,2716920165,2595403886,2449214521
scale_nested_et|strict6|Quantile + MI|2|6|Small,extra_trees,152,AFP;Input;Enquiry,"{""bootstrap"": true, ""max_depth"": null, ""max_features"": 0.5, ""min_samples_leaf"": 1, ""min_samples_split"": 10, ""n_estimators"": 300}",798.102942253885,2188867905,633266496,848897658
scale_nested_et|strict6|Quantile + MI|2|6|Medium,extra_trees,147,AFP;Output;Interface,"{""bootstrap"": false, ""max_depth"": 10, ""max_features"": 0.5, ""min_samples_leaf"": 1, ""min_samples_split"": 10, ""n_estimators"": 300}",1683.00261765441,3056930589,4188448584,330971577
scale_nested_et|strict6|Quantile + MI|2|6|Large,extra_trees,150,AFP;Input;Enquiry,"{""bootstrap"": true, ""max_depth"": 10, ""max_features"": 0.5, ""min_samples_leaf"": 1, ""min_samples_split"": 2, ""n_estimators"": 500}",5640.23964984745,3575521234,3577894004,3650330776
benchmark|strict6|random_forest|2|6|All,random_forest,449,AFP;Input;Output;Enquiry;File;Interface,"{""bootstrap"": true, ""max_depth"": 20, ""max_features"": ""sqrt"", ""min_samples_leaf"": 2, ""min_samples_split"": 10, ""n_estimators"": 300}",2795.44695389365,3581521405,2241850827,1274979078
benchmark|strict6|xgboost|2|6|All,xgboost,449,AFP;Input;Output;Enquiry;File;Interface,"{""colsample_bytree"": 1.0, ""learning_rate"": 0.02, ""max_depth"": 5, ""min_child_weight"": 1, ""n_estimators"": 200, ""reg_alpha"": 1.0, ""reg_lambda"": 10.0, ""subsample"": 0.9}",2861.79006789968,1631162074,3341848339,1670340572
benchmark|strict6|lightgbm|2|6|All,lightgbm,449,AFP;Input;Output;Enquiry;File;Interface,"{""colsample_bytree"": 0.8, ""learning_rate"": 0.02, ""max_depth"": 5, ""min_child_samples"": 10, ""n_estimators"": 200, ""num_leaves"": 31, ""reg_lambda"": 0.0, ""subsample"": 0.8}",2755.46548038248,2303773915,2512122316,737822991
benchmark|strict6|stacking|2|6|All,stacking,449,AFP;Input;Output;Enquiry;File;Interface,"{""base_models"": [""tuned_random_forest"", ""tuned_extra_trees"", ""tuned_xgboost""], ""meta_learner"": ""LinearRegression"", ""stack_cv_seed"": 3824540098, ""stack_cv_splits"": 5}",,,3824540098,
scale_nested_et|strict6|Global|2|7|All,extra_trees,449,AFP;Input;Output;Enquiry;File;Interface,"{""bootstrap"": false, ""max_depth"": 20, ""max_features"": 1.0, ""min_samples_leaf"": 4, ""min_samples_split"": 2, ""n_estimators"": 500}",2757.35727250008,2348506806,1498079596,1346155096
scale_nested_et|strict6|Global + MI|2|7|All,extra_trees,449,AFP;Input;Enquiry,"{""bootstrap"": false, ""max_depth"": 10, ""max_features"": 0.5, ""min_samples_leaf"": 1, ""min_samples_split"": 10, ""n_estimators"": 300}",2635.48020319233,114564543,3224823570,2983597834
scale_nested_et|strict6|Quantile|2|7|Small,extra_trees,150,AFP;Input;Output;Enquiry;File;Interface,"{""bootstrap"": true, ""max_depth"": 20, ""max_features"": 0.75, ""min_samples_leaf"": 8, ""min_samples_split"": 10, ""n_estimators"": 300}",806.396597432737,3975750493,3766863566,2243028544
scale_nested_et|strict6|Quantile|2|7|Medium,extra_trees,149,AFP;Input;Output;Enquiry;File;Interface,"{""bootstrap"": false, ""max_depth"": null, ""max_features"": 1.0, ""min_samples_leaf"": 8, ""min_samples_split"": 10, ""n_estimators"": 500}",1734.1166582806,2120456567,1054105621,1174110432
scale_nested_et|strict6|Quantile|2|7|Large,extra_trees,150,AFP;Input;Output;Enquiry;File;Interface,"{""bootstrap"": true, ""max_depth"": 20, ""max_features"": 0.75, ""min_samples_leaf"": 2, ""min_samples_split"": 2, ""n_estimators"": 500}",5730.07984506531,2274800445,1447446536,234048806
scale_nested_et|strict6|Quantile + MI|2|7|Small,extra_trees,150,AFP;Enquiry;Interface,"{""bootstrap"": true, ""max_depth"": 20, ""max_features"": 0.75, ""min_samples_leaf"": 2, ""min_samples_split"": 5, ""n_estimators"": 500}",795.51039437708,2017046943,3800507657,208850674
scale_nested_et|strict6|Quantile + MI|2|7|Medium,extra_trees,149,AFP;Output;Interface,"{""bootstrap"": false, ""max_depth"": 10, ""max_features"": 0.5, ""min_samples_leaf"": 1, ""min_samples_split"": 5, ""n_estimators"": 300}",1639.28854203199,345398599,821836167,2124067220
scale_nested_et|strict6|Quantile + MI|2|7|Large,extra_trees,150,AFP;Input;Enquiry,"{""bootstrap"": false, ""max_depth"": null, ""max_features"": 0.75, ""min_samples_leaf"": 2, ""min_samples_split"": 5, ""n_estimators"": 300}",6050.10445130144,3003540048,620252973,1842841647
benchmark|strict6|random_forest|2|7|All,random_forest,449,AFP;Input;Output;Enquiry;File;Interface,"{""bootstrap"": true, ""max_depth"": 10, ""max_features"": 0.5, ""min_samples_leaf"": 4, ""min_samples_split"": 5, ""n_estimators"": 500}",2732.77172125416,220920999,2575087555,1910786199
benchmark|strict6|xgboost|2|7|All,xgboost,449,AFP;Input;Output;Enquiry;File;Interface,"{""colsample_bytree"": 0.9, ""learning_rate"": 0.02, ""max_depth"": 2, ""min_child_weight"": 3, ""n_estimators"": 400, ""reg_alpha"": 1.0, ""reg_lambda"": 10.0, ""subsample"": 0.9}",2900.55314102116,480695633,3592214649,205552483
benchmark|strict6|lightgbm|2|7|All,lightgbm,449,AFP;Input;Output;Enquiry;File;Interface,"{""colsample_bytree"": 0.8, ""learning_rate"": 0.02, ""max_depth"": 10, ""min_child_samples"": 40, ""n_estimators"": 200, ""num_leaves"": 7, ""reg_lambda"": 0.0, ""subsample"": 0.8}",2965.10104280741,3223169242,2957745168,4010589966
benchmark|strict6|stacking|2|7|All,stacking,449,AFP;Input;Output;Enquiry;File;Interface,"{""base_models"": [""tuned_random_forest"", ""tuned_extra_trees"", ""tuned_xgboost""], ""meta_learner"": ""LinearRegression"", ""stack_cv_seed"": 1905251178, ""stack_cv_splits"": 5}",,,1905251178,
scale_nested_et|strict6|Global|2|8|All,extra_trees,449,AFP;Input;Output;Enquiry;File;Interface,"{""bootstrap"": true, ""max_depth"": null, ""max_features"": 0.75, ""min_samples_leaf"": 2, ""min_samples_split"": 2, ""n_estimators"": 500}",2670.16529797349,2128884992,675677020,2288409982
scale_nested_et|strict6|Global + MI|2|8|All,extra_trees,449,AFP;Input;Enquiry,"{""bootstrap"": false, ""max_depth"": 10, ""max_features"": 1.0, ""min_samples_leaf"": 2, ""min_samples_split"": 5, ""n_estimators"": 500}",2733.12954285785,2183353750,3312927768,3619754735
scale_nested_et|strict6|Quantile|2|8|Small,extra_trees,150,AFP;Input;Output;Enquiry;File;Interface,"{""bootstrap"": false, ""max_depth"": 20, ""max_features"": 0.75, ""min_samples_leaf"": 2, ""min_samples_split"": 10, ""n_estimators"": 300}",729.957027560597,374136410,1530531483,3972627239
scale_nested_et|strict6|Quantile|2|8|Medium,extra_trees,149,AFP;Input;Output;Enquiry;File;Interface,"{""bootstrap"": true, ""max_depth"": null, ""max_features"": 1.0, ""min_samples_leaf"": 8, ""min_samples_split"": 5, ""n_estimators"": 300}",1695.686131709,130261624,924892312,1112234120
scale_nested_et|strict6|Quantile|2|8|Large,extra_trees,150,AFP;Input;Output;Enquiry;File;Interface,"{""bootstrap"": true, ""max_depth"": 10, ""max_features"": 0.75, ""min_samples_leaf"": 4, ""min_samples_split"": 10, ""n_estimators"": 500}",5614.40309674035,1741135806,1358889524,810851130
scale_nested_et|strict6|Quantile + MI|2|8|Small,extra_trees,150,Input;Output;Enquiry,"{""bootstrap"": true, ""max_depth"": 20, ""max_features"": 1.0, ""min_samples_leaf"": 4, ""min_samples_split"": 5, ""n_estimators"": 300}",728.545476537024,2585254321,2781890648,312173178
scale_nested_et|strict6|Quantile + MI|2|8|Medium,extra_trees,149,AFP;Input;Output,"{""bootstrap"": true, ""max_depth"": null, ""max_features"": 0.5, ""min_samples_leaf"": 1, ""min_samples_split"": 10, ""n_estimators"": 300}",1670.62891690825,1689327625,3147470107,1361932781
scale_nested_et|strict6|Quantile + MI|2|8|Large,extra_trees,150,AFP;Input;Enquiry,"{""bootstrap"": true, ""max_depth"": null, ""max_features"": 1.0, ""min_samples_leaf"": 1, ""min_samples_split"": 2, ""n_estimators"": 500}",5921.33848,2404259551,3111268887,428683359
benchmark|strict6|random_forest|2|8|All,random_forest,449,AFP;Input;Output;Enquiry;File;Interface,"{""bootstrap"": true, ""max_depth"": 10, ""max_features"": ""sqrt"", ""min_samples_leaf"": 8, ""min_samples_split"": 10, ""n_estimators"": 300}",2690.3883933586,113757011,835460914,2101582404
benchmark|strict6|xgboost|2|8|All,xgboost,449,AFP;Input;Output;Enquiry;File;Interface,"{""colsample_bytree"": 1.0, ""learning_rate"": 0.02, ""max_depth"": 3, ""min_child_weight"": 5, ""n_estimators"": 200, ""reg_alpha"": 0.0, ""reg_lambda"": 5.0, ""subsample"": 0.7}",2681.00085148276,4175631951,620261891,1138266308
benchmark|strict6|lightgbm|2|8|All,lightgbm,449,AFP;Input;Output;Enquiry;File;Interface,"{""colsample_bytree"": 1.0, ""learning_rate"": 0.02, ""max_depth"": -1, ""min_child_samples"": 10, ""n_estimators"": 200, ""num_leaves"": 15, ""reg_lambda"": 0.0, ""subsample"": 0.8}",2897.35994440687,3532334809,212234110,333550117
benchmark|strict6|stacking|2|8|All,stacking,449,AFP;Input;Output;Enquiry;File;Interface,"{""base_models"": [""tuned_random_forest"", ""tuned_extra_trees"", ""tuned_xgboost""], ""meta_learner"": ""LinearRegression"", ""stack_cv_seed"": 671092739, ""stack_cv_splits"": 5}",,,671092739,
scale_nested_et|strict6|Global|2|9|All,extra_trees,449,AFP;Input;Output;Enquiry;File;Interface,"{""bootstrap"": true, ""max_depth"": 20, ""max_features"": 0.75, ""min_samples_leaf"": 2, ""min_samples_split"": 2, ""n_estimators"": 300}",2644.81446888655,73113895,3423499660,417346541
scale_nested_et|strict6|Global + MI|2|9|All,extra_trees,449,AFP;Input;Enquiry,"{""bootstrap"": true, ""max_depth"": 10, ""max_features"": 0.75, ""min_samples_leaf"": 2, ""min_samples_split"": 10, ""n_estimators"": 500}",2709.27714150063,2687897400,1248518134,2796273342
scale_nested_et|strict6|Quantile|2|9|Small,extra_trees,150,AFP;Input;Output;Enquiry;File;Interface,"{""bootstrap"": false, ""max_depth"": null, ""max_features"": 1.0, ""min_samples_leaf"": 8, ""min_samples_split"": 2, ""n_estimators"": 300}",779.034633333203,852810500,1419974123,585327480
scale_nested_et|strict6|Quantile|2|9|Medium,extra_trees,149,AFP;Input;Output;Enquiry;File;Interface,"{""bootstrap"": false, ""max_depth"": null, ""max_features"": 0.75, ""min_samples_leaf"": 8, ""min_samples_split"": 10, ""n_estimators"": 500}",1658.8298269741,2007346234,3639398730,1416524566
scale_nested_et|strict6|Quantile|2|9|Large,extra_trees,150,AFP;Input;Output;Enquiry;File;Interface,"{""bootstrap"": false, ""max_depth"": null, ""max_features"": 1.0, ""min_samples_leaf"": 4, ""min_samples_split"": 2, ""n_estimators"": 500}",5551.21143844897,1843129434,3000837467,4237438097
scale_nested_et|strict6|Quantile + MI|2|9|Small,extra_trees,150,AFP;Output;Enquiry,"{""bootstrap"": false, ""max_depth"": 10, ""max_features"": 0.75, ""min_samples_leaf"": 8, ""min_samples_split"": 5, ""n_estimators"": 300}",800.399173099466,1517965539,4095829611,361028825
scale_nested_et|strict6|Quantile + MI|2|9|Medium,extra_trees,149,AFP;Output;Interface,"{""bootstrap"": true, ""max_depth"": 10, ""max_features"": 0.75, ""min_samples_leaf"": 4, ""min_samples_split"": 5, ""n_estimators"": 500}",1642.9789942941,60449563,1655246208,2543561504
scale_nested_et|strict6|Quantile + MI|2|9|Large,extra_trees,150,AFP;Input;Enquiry,"{""bootstrap"": false, ""max_depth"": 10, ""max_features"": 0.5, ""min_samples_leaf"": 1, ""min_samples_split"": 5, ""n_estimators"": 300}",5512.99398128189,3462311948,3173257644,2997235495
benchmark|strict6|random_forest|2|9|All,random_forest,449,AFP;Input;Output;Enquiry;File;Interface,"{""bootstrap"": true, ""max_depth"": null, ""max_features"": ""sqrt"", ""min_samples_leaf"": 1, ""min_samples_split"": 10, ""n_estimators"": 300}",2660.80302212606,336651166,3632457231,512106812
benchmark|strict6|xgboost|2|9|All,xgboost,449,AFP;Input;Output;Enquiry;File;Interface,"{""colsample_bytree"": 0.7, ""learning_rate"": 0.02, ""max_depth"": 2, ""min_child_weight"": 5, ""n_estimators"": 200, ""reg_alpha"": 1.0, ""reg_lambda"": 10.0, ""subsample"": 1.0}",2683.49974527449,698769308,2723685601,2605771637
benchmark|strict6|lightgbm|2|9|All,lightgbm,449,AFP;Input;Output;Enquiry;File;Interface,"{""colsample_bytree"": 1.0, ""learning_rate"": 0.02, ""max_depth"": 10, ""min_child_samples"": 10, ""n_estimators"": 200, ""num_leaves"": 15, ""reg_lambda"": 5.0, ""subsample"": 1.0}",2727.93079660459,2869282216,4247999831,402450906
benchmark|strict6|stacking|2|9|All,stacking,449,AFP;Input;Output;Enquiry;File;Interface,"{""base_models"": [""tuned_random_forest"", ""tuned_extra_trees"", ""tuned_xgboost""], ""meta_learner"": ""LinearRegression"", ""stack_cv_seed"": 1374706148, ""stack_cv_splits"": 5}",,,1374706148,
scale_nested_et|strict6|Global|2|10|All,extra_trees,450,AFP;Input;Output;Enquiry;File;Interface,"{""bootstrap"": true, ""max_depth"": null, ""max_features"": 1.0, ""min_samples_leaf"": 1, ""min_samples_split"": 10, ""n_estimators"": 500}",2514.53178992079,3417520605,3081224939,1767818110
scale_nested_et|strict6|Global + MI|2|10|All,extra_trees,450,AFP;Input;Enquiry,"{""bootstrap"": true, ""max_depth"": 20, ""max_features"": 0.75, ""min_samples_leaf"": 2, ""min_samples_split"": 5, ""n_estimators"": 300}",2579.24185842702,1468255601,2273218823,2249019678
scale_nested_et|strict6|Quantile|2|10|Small,extra_trees,150,AFP;Input;Output;Enquiry;File;Interface,"{""bootstrap"": true, ""max_depth"": 20, ""max_features"": 1.0, ""min_samples_leaf"": 8, ""min_samples_split"": 10, ""n_estimators"": 300}",769.537171217306,741567427,1603357213,1582309255
scale_nested_et|strict6|Quantile|2|10|Medium,extra_trees,150,AFP;Input;Output;Enquiry;File;Interface,"{""bootstrap"": true, ""max_depth"": 10, ""max_features"": 1.0, ""min_samples_leaf"": 2, ""min_samples_split"": 5, ""n_estimators"": 300}",1603.39031105503,722857026,3883568401,2293684597
scale_nested_et|strict6|Quantile|2|10|Large,extra_trees,150,AFP;Input;Output;Enquiry;File;Interface,"{""bootstrap"": true, ""max_depth"": 20, ""max_features"": 0.75, ""min_samples_leaf"": 2, ""min_samples_split"": 5, ""n_estimators"": 500}",5043.95432193334,1456726760,127660420,514143189
scale_nested_et|strict6|Quantile + MI|2|10|Small,extra_trees,150,AFP;Output;Enquiry,"{""bootstrap"": true, ""max_depth"": 20, ""max_features"": 1.0, ""min_samples_leaf"": 4, ""min_samples_split"": 10, ""n_estimators"": 300}",754.318897074953,1111761705,2073782469,2467369877
scale_nested_et|strict6|Quantile + MI|2|10|Medium,extra_trees,150,AFP;Output;Interface,"{""bootstrap"": false, ""max_depth"": 10, ""max_features"": 0.5, ""min_samples_leaf"": 2, ""min_samples_split"": 5, ""n_estimators"": 500}",1570.87908363438,3196289714,1417932215,1073715220
scale_nested_et|strict6|Quantile + MI|2|10|Large,extra_trees,150,AFP;Input;Enquiry,"{""bootstrap"": false, ""max_depth"": null, ""max_features"": 1.0, ""min_samples_leaf"": 1, ""min_samples_split"": 10, ""n_estimators"": 300}",5141.29129901235,2191985927,4097230319,2691948109
benchmark|strict6|random_forest|2|10|All,random_forest,450,AFP;Input;Output;Enquiry;File;Interface,"{""bootstrap"": true, ""max_depth"": 10, ""max_features"": ""sqrt"", ""min_samples_leaf"": 8, ""min_samples_split"": 10, ""n_estimators"": 300}",2568.20816864212,2556721106,3097448512,3888169143
benchmark|strict6|xgboost|2|10|All,xgboost,450,AFP;Input;Output;Enquiry;File;Interface,"{""colsample_bytree"": 1.0, ""learning_rate"": 0.02, ""max_depth"": 3, ""min_child_weight"": 5, ""n_estimators"": 400, ""reg_alpha"": 0.0, ""reg_lambda"": 1.0, ""subsample"": 1.0}",2604.9794801161,3079958436,3202407979,2471814505
benchmark|strict6|lightgbm|2|10|All,lightgbm,450,AFP;Input;Output;Enquiry;File;Interface,"{""colsample_bytree"": 1.0, ""learning_rate"": 0.02, ""max_depth"": 5, ""min_child_samples"": 10, ""n_estimators"": 200, ""num_leaves"": 31, ""reg_lambda"": 5.0, ""subsample"": 1.0}",2597.3899447313,2560171955,3396166657,4188026705
benchmark|strict6|stacking|2|10|All,stacking,450,AFP;Input;Output;Enquiry;File;Interface,"{""base_models"": [""tuned_random_forest"", ""tuned_extra_trees"", ""tuned_xgboost""], ""meta_learner"": ""LinearRegression"", ""stack_cv_seed"": 928003814, ""stack_cv_splits"": 5}",,,928003814,
scale_nested_et|strict6|Global|3|1|All,extra_trees,449,AFP;Input;Output;Enquiry;File;Interface,"{""bootstrap"": false, ""max_depth"": 10, ""max_features"": 0.75, ""min_samples_leaf"": 2, ""min_samples_split"": 10, ""n_estimators"": 500}",2708.36256741988,2652790799,1824930007,574842428
scale_nested_et|strict6|Global + MI|3|1|All,extra_trees,449,AFP;Input;Enquiry,"{""bootstrap"": true, ""max_depth"": null, ""max_features"": 1.0, ""min_samples_leaf"": 2, ""min_samples_split"": 2, ""n_estimators"": 500}",2729.61420829288,2562534960,507844315,4258812698
scale_nested_et|strict6|Quantile|3|1|Small,extra_trees,150,AFP;Input;Output;Enquiry;File;Interface,"{""bootstrap"": true, ""max_depth"": 10, ""max_features"": 0.75, ""min_samples_leaf"": 2, ""min_samples_split"": 10, ""n_estimators"": 500}",775.648496482035,2375779165,3117284362,289152459
scale_nested_et|strict6|Quantile|3|1|Medium,extra_trees,149,AFP;Input;Output;Enquiry;File;Interface,"{""bootstrap"": false, ""max_depth"": 10, ""max_features"": 0.75, ""min_samples_leaf"": 8, ""min_samples_split"": 2, ""n_estimators"": 300}",1681.26956241266,4245513974,3456701232,3492330998
scale_nested_et|strict6|Quantile|3|1|Large,extra_trees,150,AFP;Input;Output;Enquiry;File;Interface,"{""bootstrap"": true, ""max_depth"": 10, ""max_features"": 1.0, ""min_samples_leaf"": 1, ""min_samples_split"": 10, ""n_estimators"": 300}",5452.36435041234,1585688901,1678685260,546961802
scale_nested_et|strict6|Quantile + MI|3|1|Small,extra_trees,150,Output;Enquiry;Interface,"{""bootstrap"": false, ""max_depth"": null, ""max_features"": 1.0, ""min_samples_leaf"": 4, ""min_samples_split"": 2, ""n_estimators"": 500}",774.79048132576,261463691,1211418336,3216012817
scale_nested_et|strict6|Quantile + MI|3|1|Medium,extra_trees,149,AFP;Output;Interface,"{""bootstrap"": true, ""max_depth"": 10, ""max_features"": 0.75, ""min_samples_leaf"": 4, ""min_samples_split"": 2, ""n_estimators"": 300}",1621.27950338057,939259213,1065926897,509831109
scale_nested_et|strict6|Quantile + MI|3|1|Large,extra_trees,150,Input;Enquiry;File,"{""bootstrap"": true, ""max_depth"": 20, ""max_features"": 0.5, ""min_samples_leaf"": 1, ""min_samples_split"": 10, ""n_estimators"": 300}",5829.71601160989,321570648,447313201,854568905
benchmark|strict6|random_forest|3|1|All,random_forest,449,AFP;Input;Output;Enquiry;File;Interface,"{""bootstrap"": true, ""max_depth"": 20, ""max_features"": 0.75, ""min_samples_leaf"": 8, ""min_samples_split"": 10, ""n_estimators"": 300}",2752.50931455,2138758485,1380122159,566514046
benchmark|strict6|xgboost|3|1|All,xgboost,449,AFP;Input;Output;Enquiry;File;Interface,"{""colsample_bytree"": 0.9, ""learning_rate"": 0.02, ""max_depth"": 2, ""min_child_weight"": 3, ""n_estimators"": 200, ""reg_alpha"": 1.0, ""reg_lambda"": 10.0, ""subsample"": 0.7}",2720.96673872365,3544968348,98503203,1338945016
benchmark|strict6|lightgbm|3|1|All,lightgbm,449,AFP;Input;Output;Enquiry;File;Interface,"{""colsample_bytree"": 0.8, ""learning_rate"": 0.05, ""max_depth"": 10, ""min_child_samples"": 20, ""n_estimators"": 200, ""num_leaves"": 7, ""reg_lambda"": 5.0, ""subsample"": 1.0}",2987.3021040352,875915060,2568031218,1682822515
benchmark|strict6|stacking|3|1|All,stacking,449,AFP;Input;Output;Enquiry;File;Interface,"{""base_models"": [""tuned_random_forest"", ""tuned_extra_trees"", ""tuned_xgboost""], ""meta_learner"": ""LinearRegression"", ""stack_cv_seed"": 234089699, ""stack_cv_splits"": 5}",,,234089699,
scale_nested_et|strict6|Global|3|2|All,extra_trees,449,AFP;Input;Output;Enquiry;File;Interface,"{""bootstrap"": true, ""max_depth"": null, ""max_features"": 0.5, ""min_samples_leaf"": 1, ""min_samples_split"": 10, ""n_estimators"": 500}",2660.42957771597,2412374728,3811652229,2202735418
scale_nested_et|strict6|Global + MI|3|2|All,extra_trees,449,AFP;Input;Enquiry,"{""bootstrap"": true, ""max_depth"": 10, ""max_features"": 1.0, ""min_samples_leaf"": 2, ""min_samples_split"": 10, ""n_estimators"": 500}",2651.47118835859,1153062230,384514731,2423840785
scale_nested_et|strict6|Quantile|3|2|Small,extra_trees,152,AFP;Input;Output;Enquiry;File;Interface,"{""bootstrap"": false, ""max_depth"": 10, ""max_features"": 0.75, ""min_samples_leaf"": 4, ""min_samples_split"": 10, ""n_estimators"": 500}",813.970137523758,2219108365,1137850957,171850881
scale_nested_et|strict6|Quantile|3|2|Medium,extra_trees,147,AFP;Input;Output;Enquiry;File;Interface,"{""bootstrap"": false, ""max_depth"": 10, ""max_features"": 0.5, ""min_samples_leaf"": 2, ""min_samples_split"": 2, ""n_estimators"": 500}",1674.38474919515,3676200418,1500134033,575310286
scale_nested_et|strict6|Quantile|3|2|Large,extra_trees,150,AFP;Input;Output;Enquiry;File;Interface,"{""bootstrap"": false, ""max_depth"": 10, ""max_features"": 1.0, ""min_samples_leaf"": 4, ""min_samples_split"": 10, ""n_estimators"": 500}",5526.53539812609,3450594733,3040926037,1483601908
scale_nested_et|strict6|Quantile + MI|3|2|Small,extra_trees,152,AFP;Enquiry;Interface,"{""bootstrap"": true, ""max_depth"": 20, ""max_features"": 0.75, ""min_samples_leaf"": 2, ""min_samples_split"": 10, ""n_estimators"": 500}",802.341244377637,3444819401,3794612704,2518399819
scale_nested_et|strict6|Quantile + MI|3|2|Medium,extra_trees,147,AFP;Output;File,"{""bootstrap"": true, ""max_depth"": 20, ""max_features"": 0.5, ""min_samples_leaf"": 1, ""min_samples_split"": 5, ""n_estimators"": 300}",1649.85724946778,1525066039,912288812,1748955370
scale_nested_et|strict6|Quantile + MI|3|2|Large,extra_trees,150,AFP;Input;Enquiry,"{""bootstrap"": false, ""max_depth"": 20, ""max_features"": 0.75, ""min_samples_leaf"": 2, ""min_samples_split"": 5, ""n_estimators"": 300}",5574.90052683777,2650341864,3886076743,1285646864
benchmark|strict6|random_forest|3|2|All,random_forest,449,AFP;Input;Output;Enquiry;File;Interface,"{""bootstrap"": true, ""max_depth"": null, ""max_features"": 1.0, ""min_samples_leaf"": 8, ""min_samples_split"": 2, ""n_estimators"": 300}",2798.31220440906,901890747,585669475,894850516
benchmark|strict6|xgboost|3|2|All,xgboost,449,AFP;Input;Output;Enquiry;File;Interface,"{""colsample_bytree"": 0.7, ""learning_rate"": 0.02, ""max_depth"": 2, ""min_child_weight"": 1, ""n_estimators"": 200, ""reg_alpha"": 0.1, ""reg_lambda"": 5.0, ""subsample"": 0.7}",2698.87256015581,2260319016,2239122914,628611102
benchmark|strict6|lightgbm|3|2|All,lightgbm,449,AFP;Input;Output;Enquiry;File;Interface,"{""colsample_bytree"": 0.8, ""learning_rate"": 0.05, ""max_depth"": 5, ""min_child_samples"": 20, ""n_estimators"": 200, ""num_leaves"": 31, ""reg_lambda"": 0.0, ""subsample"": 1.0}",2964.20252393059,1815168963,894506664,2993828357
benchmark|strict6|stacking|3|2|All,stacking,449,AFP;Input;Output;Enquiry;File;Interface,"{""base_models"": [""tuned_random_forest"", ""tuned_extra_trees"", ""tuned_xgboost""], ""meta_learner"": ""LinearRegression"", ""stack_cv_seed"": 1684715871, ""stack_cv_splits"": 5}",,,1684715871,
scale_nested_et|strict6|Global|3|3|All,extra_trees,449,AFP;Input;Output;Enquiry;File;Interface,"{""bootstrap"": false, ""max_depth"": null, ""max_features"": 1.0, ""min_samples_leaf"": 4, ""min_samples_split"": 2, ""n_estimators"": 500}",2654.81790501423,1308020453,3409592267,3134038211
scale_nested_et|strict6|Global + MI|3|3|All,extra_trees,449,AFP;Input;File,"{""bootstrap"": true, ""max_depth"": 10, ""max_features"": 0.75, ""min_samples_leaf"": 1, ""min_samples_split"": 5, ""n_estimators"": 300}",2733.64355412601,1960799506,3043613573,1768373622
scale_nested_et|strict6|Quantile|3|3|Small,extra_trees,152,AFP;Input;Output;Enquiry;File;Interface,"{""bootstrap"": true, ""max_depth"": 10, ""max_features"": 1.0, ""min_samples_leaf"": 4, ""min_samples_split"": 2, ""n_estimators"": 300}",785.833915356743,334527126,1032465096,2352200836
scale_nested_et|strict6|Quantile|3|3|Medium,extra_trees,147,AFP;Input;Output;Enquiry;File;Interface,"{""bootstrap"": false, ""max_depth"": null, ""max_features"": 0.75, ""min_samples_leaf"": 4, ""min_samples_split"": 2, ""n_estimators"": 500}",1625.44301661169,206311590,4066643563,1244315370
scale_nested_et|strict6|Quantile|3|3|Large,extra_trees,150,AFP;Input;Output;Enquiry;File;Interface,"{""bootstrap"": false, ""max_depth"": 10, ""max_features"": 0.5, ""min_samples_leaf"": 2, ""min_samples_split"": 10, ""n_estimators"": 500}",5623.65987948374,1569036106,4097942466,2832923054
scale_nested_et|strict6|Quantile + MI|3|3|Small,extra_trees,152,AFP;Enquiry;Interface,"{""bootstrap"": true, ""max_depth"": 10, ""max_features"": 0.5, ""min_samples_leaf"": 1, ""min_samples_split"": 10, ""n_estimators"": 300}",785.154041776005,941329742,3198297655,3877881567
scale_nested_et|strict6|Quantile + MI|3|3|Medium,extra_trees,147,AFP;Output;File,"{""bootstrap"": true, ""max_depth"": 10, ""max_features"": 0.75, ""min_samples_leaf"": 4, ""min_samples_split"": 10, ""n_estimators"": 500}",1688.59159802795,34524491,89896711,390970961
scale_nested_et|strict6|Quantile + MI|3|3|Large,extra_trees,150,AFP;Input;Enquiry,"{""bootstrap"": true, ""max_depth"": 20, ""max_features"": 0.75, ""min_samples_leaf"": 2, ""min_samples_split"": 10, ""n_estimators"": 500}",5924.93429241642,3251982246,1088145740,3719125205
benchmark|strict6|random_forest|3|3|All,random_forest,449,AFP;Input;Output;Enquiry;File;Interface,"{""bootstrap"": true, ""max_depth"": 20, ""max_features"": ""sqrt"", ""min_samples_leaf"": 8, ""min_samples_split"": 2, ""n_estimators"": 300}",2689.92800605475,4188068219,4073998960,2872818426
benchmark|strict6|xgboost|3|3|All,xgboost,449,AFP;Input;Output;Enquiry;File;Interface,"{""colsample_bytree"": 1.0, ""learning_rate"": 0.02, ""max_depth"": 3, ""min_child_weight"": 1, ""n_estimators"": 200, ""reg_alpha"": 0.0, ""reg_lambda"": 5.0, ""subsample"": 1.0}",2823.02252211284,580701104,3449022905,2267916163
benchmark|strict6|lightgbm|3|3|All,lightgbm,449,AFP;Input;Output;Enquiry;File;Interface,"{""colsample_bytree"": 1.0, ""learning_rate"": 0.02, ""max_depth"": 10, ""min_child_samples"": 10, ""n_estimators"": 200, ""num_leaves"": 31, ""reg_lambda"": 1.0, ""subsample"": 1.0}",2874.62384143124,1108628882,3169804735,305158643
benchmark|strict6|stacking|3|3|All,stacking,449,AFP;Input;Output;Enquiry;File;Interface,"{""base_models"": [""tuned_random_forest"", ""tuned_extra_trees"", ""tuned_xgboost""], ""meta_learner"": ""LinearRegression"", ""stack_cv_seed"": 2929185936, ""stack_cv_splits"": 5}",,,2929185936,
scale_nested_et|strict6|Global|3|4|All,extra_trees,449,AFP;Input;Output;Enquiry;File;Interface,"{""bootstrap"": false, ""max_depth"": 10, ""max_features"": 0.75, ""min_samples_leaf"": 1, ""min_samples_split"": 10, ""n_estimators"": 300}",2655.65087488378,1606553509,801069376,2787144734
scale_nested_et|strict6|Global + MI|3|4|All,extra_trees,449,AFP;Input;Enquiry,"{""bootstrap"": false, ""max_depth"": 10, ""max_features"": 0.75, ""min_samples_leaf"": 1, ""min_samples_split"": 10, ""n_estimators"": 300}",2690.22118877528,813684981,3776606603,1642916374
scale_nested_et|strict6|Quantile|3|4|Small,extra_trees,151,AFP;Input;Output;Enquiry;File;Interface,"{""bootstrap"": false, ""max_depth"": null, ""max_features"": 0.75, ""min_samples_leaf"": 4, ""min_samples_split"": 10, ""n_estimators"": 300}",764.677684384339,3221077271,3272025669,982609371
scale_nested_et|strict6|Quantile|3|4|Medium,extra_trees,148,AFP;Input;Output;Enquiry;File;Interface,"{""bootstrap"": false, ""max_depth"": null, ""max_features"": 0.75, ""min_samples_leaf"": 4, ""min_samples_split"": 2, ""n_estimators"": 300}",1708.91306771842,3987869846,1024582380,382269653
scale_nested_et|strict6|Quantile|3|4|Large,extra_trees,150,AFP;Input;Output;Enquiry;File;Interface,"{""bootstrap"": true, ""max_depth"": 10, ""max_features"": 1.0, ""min_samples_leaf"": 2, ""min_samples_split"": 5, ""n_estimators"": 500}",5469.11092578987,2387015969,3442370536,3801521508
scale_nested_et|strict6|Quantile + MI|3|4|Small,extra_trees,151,AFP;Output;Enquiry,"{""bootstrap"": true, ""max_depth"": 20, ""max_features"": 0.5, ""min_samples_leaf"": 1, ""min_samples_split"": 10, ""n_estimators"": 300}",745.70711894551,2225439454,824572310,2406016227
scale_nested_et|strict6|Quantile + MI|3|4|Medium,extra_trees,148,AFP;Output;Interface,"{""bootstrap"": true, ""max_depth"": 10, ""max_features"": 0.5, ""min_samples_leaf"": 1, ""min_samples_split"": 10, ""n_estimators"": 500}",1615.94052918111,3033033698,2657026483,759349480
scale_nested_et|strict6|Quantile + MI|3|4|Large,extra_trees,150,AFP;Input;Enquiry,"{""bootstrap"": true, ""max_depth"": 20, ""max_features"": 0.75, ""min_samples_leaf"": 2, ""min_samples_split"": 2, ""n_estimators"": 300}",6070.02868271381,3066506409,631449291,148458259
benchmark|strict6|random_forest|3|4|All,random_forest,449,AFP;Input;Output;Enquiry;File;Interface,"{""bootstrap"": true, ""max_depth"": null, ""max_features"": 1.0, ""min_samples_leaf"": 8, ""min_samples_split"": 10, ""n_estimators"": 500}",2684.34475627458,1336360385,119085465,2644858852
benchmark|strict6|xgboost|3|4|All,xgboost,449,AFP;Input;Output;Enquiry;File;Interface,"{""colsample_bytree"": 0.9, ""learning_rate"": 0.02, ""max_depth"": 5, ""min_child_weight"": 3, ""n_estimators"": 200, ""reg_alpha"": 0.1, ""reg_lambda"": 5.0, ""subsample"": 0.7}",2784.37036330073,1443879255,1517767713,2057739051
benchmark|strict6|lightgbm|3|4|All,lightgbm,449,AFP;Input;Output;Enquiry;File;Interface,"{""colsample_bytree"": 0.8, ""learning_rate"": 0.02, ""max_depth"": 5, ""min_child_samples"": 10, ""n_estimators"": 200, ""num_leaves"": 31, ""reg_lambda"": 5.0, ""subsample"": 0.8}",2707.02525680171,4086322560,2110381852,465792886
benchmark|strict6|stacking|3|4|All,stacking,449,AFP;Input;Output;Enquiry;File;Interface,"{""base_models"": [""tuned_random_forest"", ""tuned_extra_trees"", ""tuned_xgboost""], ""meta_learner"": ""LinearRegression"", ""stack_cv_seed"": 1748506885, ""stack_cv_splits"": 5}",,,1748506885,
scale_nested_et|strict6|Global|3|5|All,extra_trees,449,AFP;Input;Output;Enquiry;File;Interface,"{""bootstrap"": true, ""max_depth"": 10, ""max_features"": 1.0, ""min_samples_leaf"": 4, ""min_samples_split"": 5, ""n_estimators"": 500}",2597.30648488164,2241410855,2324969662,999629147
scale_nested_et|strict6|Global + MI|3|5|All,extra_trees,449,AFP;Input;Enquiry,"{""bootstrap"": false, ""max_depth"": null, ""max_features"": 0.75, ""min_samples_leaf"": 2, ""min_samples_split"": 10, ""n_estimators"": 300}",2733.0583166815,3212028543,3741437439,3783078224
scale_nested_et|strict6|Quantile|3|5|Small,extra_trees,150,AFP;Input;Output;Enquiry;File;Interface,"{""bootstrap"": false, ""max_depth"": 20, ""max_features"": 1.0, ""min_samples_leaf"": 4, ""min_samples_split"": 2, ""n_estimators"": 500}",779.910314131649,3014076144,3414016367,3798866827
scale_nested_et|strict6|Quantile|3|5|Medium,extra_trees,149,AFP;Input;Output;Enquiry;File;Interface,"{""bootstrap"": true, ""max_depth"": null, ""max_features"": 0.75, ""min_samples_leaf"": 2, ""min_samples_split"": 10, ""n_estimators"": 300}",1612.68389050725,977820428,301794023,887227143
scale_nested_et|strict6|Quantile|3|5|Large,extra_trees,150,AFP;Input;Output;Enquiry;File;Interface,"{""bootstrap"": true, ""max_depth"": 20, ""max_features"": 1.0, ""min_samples_leaf"": 4, ""min_samples_split"": 10, ""n_estimators"": 300}",5488.01984456967,920574620,2910128804,1098635572
scale_nested_et|strict6|Quantile + MI|3|5|Small,extra_trees,150,AFP;Enquiry;Interface,"{""bootstrap"": true, ""max_depth"": 10, ""max_features"": 1.0, ""min_samples_leaf"": 2, ""min_samples_split"": 5, ""n_estimators"": 300}",789.408401255634,2453416108,3743482814,610822010
scale_nested_et|strict6|Quantile + MI|3|5|Medium,extra_trees,149,AFP;Output;Interface,"{""bootstrap"": false, ""max_depth"": null, ""max_features"": 0.5, ""min_samples_leaf"": 4, ""min_samples_split"": 10, ""n_estimators"": 500}",1616.95581466107,3454415638,1266122130,2548111567
scale_nested_et|strict6|Quantile + MI|3|5|Large,extra_trees,150,AFP;Input;Enquiry,"{""bootstrap"": false, ""max_depth"": null, ""max_features"": 0.75, ""min_samples_leaf"": 1, ""min_samples_split"": 10, ""n_estimators"": 300}",5463.94337234568,679324446,1470656616,3762446448
benchmark|strict6|random_forest|3|5|All,random_forest,449,AFP;Input;Output;Enquiry;File;Interface,"{""bootstrap"": true, ""max_depth"": 20, ""max_features"": ""sqrt"", ""min_samples_leaf"": 8, ""min_samples_split"": 10, ""n_estimators"": 300}",2638.17053696887,898224275,4060775537,3181506008
benchmark|strict6|xgboost|3|5|All,xgboost,449,AFP;Input;Output;Enquiry;File;Interface,"{""colsample_bytree"": 0.9, ""learning_rate"": 0.02, ""max_depth"": 3, ""min_child_weight"": 1, ""n_estimators"": 400, ""reg_alpha"": 1.0, ""reg_lambda"": 10.0, ""subsample"": 0.9}",2705.62813100429,2125049164,2646845150,1368252078
benchmark|strict6|lightgbm|3|5|All,lightgbm,449,AFP;Input;Output;Enquiry;File;Interface,"{""colsample_bytree"": 0.8, ""learning_rate"": 0.02, ""max_depth"": 10, ""min_child_samples"": 10, ""n_estimators"": 400, ""num_leaves"": 7, ""reg_lambda"": 5.0, ""subsample"": 0.8}",2804.1151719075,1464971313,1409985232,2648727725
benchmark|strict6|stacking|3|5|All,stacking,449,AFP;Input;Output;Enquiry;File;Interface,"{""base_models"": [""tuned_random_forest"", ""tuned_extra_trees"", ""tuned_xgboost""], ""meta_learner"": ""LinearRegression"", ""stack_cv_seed"": 840474861, ""stack_cv_splits"": 5}",,,840474861,
scale_nested_et|strict6|Global|3|6|All,extra_trees,449,AFP;Input;Output;Enquiry;File;Interface,"{""bootstrap"": true, ""max_depth"": 20, ""max_features"": 0.75, ""min_samples_leaf"": 2, ""min_samples_split"": 2, ""n_estimators"": 300}",2691.34270734645,714896701,970050348,803408477
scale_nested_et|strict6|Global + MI|3|6|All,extra_trees,449,AFP;Input;Enquiry,"{""bootstrap"": true, ""max_depth"": null, ""max_features"": 0.5, ""min_samples_leaf"": 1, ""min_samples_split"": 10, ""n_estimators"": 500}",2541.05278123441,41141298,314893614,646117880
scale_nested_et|strict6|Quantile|3|6|Small,extra_trees,150,AFP;Input;Output;Enquiry;File;Interface,"{""bootstrap"": true, ""max_depth"": 10, ""max_features"": 1.0, ""min_samples_leaf"": 8, ""min_samples_split"": 10, ""n_estimators"": 300}",784.045317995896,275458638,3826366581,3551867668
scale_nested_et|strict6|Quantile|3|6|Medium,extra_trees,149,AFP;Input;Output;Enquiry;File;Interface,"{""bootstrap"": false, ""max_depth"": 10, ""max_features"": 1.0, ""min_samples_leaf"": 4, ""min_samples_split"": 5, ""n_estimators"": 300}",1480.40674252752,559909432,4259557256,2274266437
scale_nested_et|strict6|Quantile|3|6|Large,extra_trees,150,AFP;Input;Output;Enquiry;File;Interface,"{""bootstrap"": true, ""max_depth"": 20, ""max_features"": 1.0, ""min_samples_leaf"": 2, ""min_samples_split"": 10, ""n_estimators"": 500}",5412.2548662307,1121794254,1551997936,1168724689
scale_nested_et|strict6|Quantile + MI|3|6|Small,extra_trees,150,AFP;Input;Enquiry,"{""bootstrap"": false, ""max_depth"": 20, ""max_features"": 1.0, ""min_samples_leaf"": 8, ""min_samples_split"": 2, ""n_estimators"": 500}",760.742149622897,163840655,4287168934,2028271672
scale_nested_et|strict6|Quantile + MI|3|6|Medium,extra_trees,149,AFP;Input;Output,"{""bootstrap"": true, ""max_depth"": 10, ""max_features"": 0.75, ""min_samples_leaf"": 2, ""min_samples_split"": 5, ""n_estimators"": 300}",1456.2513679964,2736818523,3050834782,2247924456
scale_nested_et|strict6|Quantile + MI|3|6|Large,extra_trees,150,AFP;Input;Enquiry,"{""bootstrap"": false, ""max_depth"": null, ""max_features"": 1.0, ""min_samples_leaf"": 1, ""min_samples_split"": 10, ""n_estimators"": 300}",5283.55765944444,3731201026,4119596609,1443343246
benchmark|strict6|random_forest|3|6|All,random_forest,449,AFP;Input;Output;Enquiry;File;Interface,"{""bootstrap"": true, ""max_depth"": 10, ""max_features"": 0.5, ""min_samples_leaf"": 8, ""min_samples_split"": 5, ""n_estimators"": 300}",2559.68955141119,4040314583,1153369695,1020628780
benchmark|strict6|xgboost|3|6|All,xgboost,449,AFP;Input;Output;Enquiry;File;Interface,"{""colsample_bytree"": 0.7, ""learning_rate"": 0.02, ""max_depth"": 2, ""min_child_weight"": 1, ""n_estimators"": 200, ""reg_alpha"": 0.0, ""reg_lambda"": 10.0, ""subsample"": 0.7}",2553.40006264273,2436567184,323980015,1246775705
benchmark|strict6|lightgbm|3|6|All,lightgbm,449,AFP;Input;Output;Enquiry;File;Interface,"{""colsample_bytree"": 0.8, ""learning_rate"": 0.02, ""max_depth"": 10, ""min_child_samples"": 10, ""n_estimators"": 200, ""num_leaves"": 31, ""reg_lambda"": 0.0, ""subsample"": 0.8}",2617.24206369853,3345590240,3696266374,84881774
benchmark|strict6|stacking|3|6|All,stacking,449,AFP;Input;Output;Enquiry;File;Interface,"{""base_models"": [""tuned_random_forest"", ""tuned_extra_trees"", ""tuned_xgboost""], ""meta_learner"": ""LinearRegression"", ""stack_cv_seed"": 2712446953, ""stack_cv_splits"": 5}",,,2712446953,
scale_nested_et|strict6|Global|3|7|All,extra_trees,449,AFP;Input;Output;Enquiry;File;Interface,"{""bootstrap"": false, ""max_depth"": 10, ""max_features"": 1.0, ""min_samples_leaf"": 4, ""min_samples_split"": 5, ""n_estimators"": 300}",2483.98882060802,3346513146,1840030557,3969812825
scale_nested_et|strict6|Global + MI|3|7|All,extra_trees,449,AFP;Input;Enquiry,"{""bootstrap"": true, ""max_depth"": null, ""max_features"": 0.5, ""min_samples_leaf"": 1, ""min_samples_split"": 10, ""n_estimators"": 500}",2432.90625506481,1164271206,4125403778,1217292711
scale_nested_et|strict6|Quantile|3|7|Small,extra_trees,150,AFP;Input;Output;Enquiry;File;Interface,"{""bootstrap"": false, ""max_depth"": null, ""max_features"": 0.75, ""min_samples_leaf"": 4, ""min_samples_split"": 2, ""n_estimators"": 300}",767.709596955726,1570168460,448437735,732936197
scale_nested_et|strict6|Quantile|3|7|Medium,extra_trees,149,AFP;Input;Output;Enquiry;File;Interface,"{""bootstrap"": true, ""max_depth"": 20, ""max_features"": 0.75, ""min_samples_leaf"": 4, ""min_samples_split"": 10, ""n_estimators"": 500}",1638.67256955683,3583894992,1154963434,839970343
scale_nested_et|strict6|Quantile|3|7|Large,extra_trees,150,AFP;Input;Output;Enquiry;File;Interface,"{""bootstrap"": true, ""max_depth"": 10, ""max_features"": 1.0, ""min_samples_leaf"": 4, ""min_samples_split"": 5, ""n_estimators"": 500}",4989.37451715794,2459739837,1504412911,2019910652
scale_nested_et|strict6|Quantile + MI|3|7|Small,extra_trees,150,Input;Output;Enquiry,"{""bootstrap"": false, ""max_depth"": 10, ""max_features"": 1.0, ""min_samples_leaf"": 8, ""min_samples_split"": 2, ""n_estimators"": 300}",771.968861665004,4242015209,2229782269,2891212743
scale_nested_et|strict6|Quantile + MI|3|7|Medium,extra_trees,149,AFP;Output;Interface,"{""bootstrap"": true, ""max_depth"": 20, ""max_features"": 0.5, ""min_samples_leaf"": 2, ""min_samples_split"": 10, ""n_estimators"": 500}",1611.27819773557,117646756,4259219994,2164293251
scale_nested_et|strict6|Quantile + MI|3|7|Large,extra_trees,150,AFP;Input;Enquiry,"{""bootstrap"": true, ""max_depth"": 10, ""max_features"": 0.75, ""min_samples_leaf"": 1, ""min_samples_split"": 5, ""n_estimators"": 500}",5122.1135775569,1983715092,1871262394,259620095
benchmark|strict6|random_forest|3|7|All,random_forest,449,AFP;Input;Output;Enquiry;File;Interface,"{""bootstrap"": true, ""max_depth"": 20, ""max_features"": 0.75, ""min_samples_leaf"": 8, ""min_samples_split"": 10, ""n_estimators"": 500}",2438.29325097902,96505776,2219324471,170851055
benchmark|strict6|xgboost|3|7|All,xgboost,449,AFP;Input;Output;Enquiry;File;Interface,"{""colsample_bytree"": 0.9, ""learning_rate"": 0.02, ""max_depth"": 2, ""min_child_weight"": 3, ""n_estimators"": 400, ""reg_alpha"": 0.0, ""reg_lambda"": 10.0, ""subsample"": 0.7}",2564.08663681997,861758201,2835317627,508079876
benchmark|strict6|lightgbm|3|7|All,lightgbm,449,AFP;Input;Output;Enquiry;File;Interface,"{""colsample_bytree"": 0.8, ""learning_rate"": 0.02, ""max_depth"": 5, ""min_child_samples"": 10, ""n_estimators"": 200, ""num_leaves"": 31, ""reg_lambda"": 5.0, ""subsample"": 1.0}",2466.89703404632,1928856671,1392312943,1368361933
benchmark|strict6|stacking|3|7|All,stacking,449,AFP;Input;Output;Enquiry;File;Interface,"{""base_models"": [""tuned_random_forest"", ""tuned_extra_trees"", ""tuned_xgboost""], ""meta_learner"": ""LinearRegression"", ""stack_cv_seed"": 2751084576, ""stack_cv_splits"": 5}",,,2751084576,
scale_nested_et|strict6|Global|3|8|All,extra_trees,449,AFP;Input;Output;Enquiry;File;Interface,"{""bootstrap"": true, ""max_depth"": 20, ""max_features"": 1.0, ""min_samples_leaf"": 4, ""min_samples_split"": 10, ""n_estimators"": 500}",2777.19634495837,1653474793,3723768044,1143556756
scale_nested_et|strict6|Global + MI|3|8|All,extra_trees,449,AFP;Input;Enquiry,"{""bootstrap"": false, ""max_depth"": 20, ""max_features"": 0.75, ""min_samples_leaf"": 2, ""min_samples_split"": 5, ""n_estimators"": 300}",2887.6030680582,1440126242,2062704508,1631200106
scale_nested_et|strict6|Quantile|3|8|Small,extra_trees,150,AFP;Input;Output;Enquiry;File;Interface,"{""bootstrap"": true, ""max_depth"": 10, ""max_features"": 1.0, ""min_samples_leaf"": 8, ""min_samples_split"": 10, ""n_estimators"": 300}",771.091320172071,2316739146,2356994562,3692048571
scale_nested_et|strict6|Quantile|3|8|Medium,extra_trees,149,AFP;Input;Output;Enquiry;File;Interface,"{""bootstrap"": true, ""max_depth"": null, ""max_features"": 0.5, ""min_samples_leaf"": 4, ""min_samples_split"": 10, ""n_estimators"": 300}",1643.43656253675,67585844,1465446317,147221902
scale_nested_et|strict6|Quantile|3|8|Large,extra_trees,150,AFP;Input;Output;Enquiry;File;Interface,"{""bootstrap"": false, ""max_depth"": 20, ""max_features"": 0.5, ""min_samples_leaf"": 2, ""min_samples_split"": 2, ""n_estimators"": 300}",5677.59200407951,2206080477,2807326795,3962865320
scale_nested_et|strict6|Quantile + MI|3|8|Small,extra_trees,150,Input;Output;Enquiry,"{""bootstrap"": true, ""max_depth"": null, ""max_features"": 0.75, ""min_samples_leaf"": 2, ""min_samples_split"": 5, ""n_estimators"": 500}",765.75915440737,458663052,935150783,1337202612
scale_nested_et|strict6|Quantile + MI|3|8|Medium,extra_trees,149,AFP;Output;File,"{""bootstrap"": false, ""max_depth"": 10, ""max_features"": 0.75, ""min_samples_leaf"": 8, ""min_samples_split"": 2, ""n_estimators"": 300}",1655.02577260044,2517753196,1048885618,281579545
scale_nested_et|strict6|Quantile + MI|3|8|Large,extra_trees,150,AFP;Input;Enquiry,"{""bootstrap"": true, ""max_depth"": 20, ""max_features"": 0.75, ""min_samples_leaf"": 1, ""min_samples_split"": 2, ""n_estimators"": 500}",5713.56052,3783599615,3910737848,476935526
benchmark|strict6|random_forest|3|8|All,random_forest,449,AFP;Input;Output;Enquiry;File;Interface,"{""bootstrap"": true, ""max_depth"": 10, ""max_features"": 0.5, ""min_samples_leaf"": 8, ""min_samples_split"": 10, ""n_estimators"": 300}",2676.13913046643,4117931867,2033147828,71894834
benchmark|strict6|xgboost|3|8|All,xgboost,449,AFP;Input;Output;Enquiry;File;Interface,"{""colsample_bytree"": 0.9, ""learning_rate"": 0.05, ""max_depth"": 2, ""min_child_weight"": 3, ""n_estimators"": 200, ""reg_alpha"": 1.0, ""reg_lambda"": 5.0, ""subsample"": 0.7}",3020.13926212729,364146366,1404648502,455463915
benchmark|strict6|lightgbm|3|8|All,lightgbm,449,AFP;Input;Output;Enquiry;File;Interface,"{""colsample_bytree"": 0.8, ""learning_rate"": 0.02, ""max_depth"": -1, ""min_child_samples"": 10, ""n_estimators"": 200, ""num_leaves"": 15, ""reg_lambda"": 1.0, ""subsample"": 1.0}",2928.22019063268,2823562151,1925846566,3481911381
benchmark|strict6|stacking|3|8|All,stacking,449,AFP;Input;Output;Enquiry;File;Interface,"{""base_models"": [""tuned_random_forest"", ""tuned_extra_trees"", ""tuned_xgboost""], ""meta_learner"": ""LinearRegression"", ""stack_cv_seed"": 1618690738, ""stack_cv_splits"": 5}",,,1618690738,
scale_nested_et|strict6|Global|3|9|All,extra_trees,449,AFP;Input;Output;Enquiry;File;Interface,"{""bootstrap"": true, ""max_depth"": null, ""max_features"": 0.75, ""min_samples_leaf"": 1, ""min_samples_split"": 10, ""n_estimators"": 300}",2758.79142265358,1286742017,966404654,2999663213
scale_nested_et|strict6|Global + MI|3|9|All,extra_trees,449,AFP;Input;Enquiry,"{""bootstrap"": true, ""max_depth"": 20, ""max_features"": 1.0, ""min_samples_leaf"": 1, ""min_samples_split"": 10, ""n_estimators"": 500}",2718.05385647322,3043336030,1711101637,4014904864
scale_nested_et|strict6|Quantile|3|9|Small,extra_trees,150,AFP;Input;Output;Enquiry;File;Interface,"{""bootstrap"": true, ""max_depth"": 20, ""max_features"": 0.75, ""min_samples_leaf"": 4, ""min_samples_split"": 5, ""n_estimators"": 500}",834.202918945513,471706540,696507577,2327754090
scale_nested_et|strict6|Quantile|3|9|Medium,extra_trees,149,AFP;Input;Output;Enquiry;File;Interface,"{""bootstrap"": false, ""max_depth"": null, ""max_features"": 1.0, ""min_samples_leaf"": 8, ""min_samples_split"": 5, ""n_estimators"": 500}",1580.72641189456,350324907,3880562940,915443131
scale_nested_et|strict6|Quantile|3|9|Large,extra_trees,150,AFP;Input;Output;Enquiry;File;Interface,"{""bootstrap"": true, ""max_depth"": 10, ""max_features"": 0.5, ""min_samples_leaf"": 1, ""min_samples_split"": 10, ""n_estimators"": 300}",5559.0817051159,1158253156,1389740845,4266962628
scale_nested_et|strict6|Quantile + MI|3|9|Small,extra_trees,150,AFP;Enquiry;File,"{""bootstrap"": true, ""max_depth"": 10, ""max_features"": 0.75, ""min_samples_leaf"": 2, ""min_samples_split"": 10, ""n_estimators"": 500}",812.83955993435,6372681,3677086528,1084398319
scale_nested_et|strict6|Quantile + MI|3|9|Medium,extra_trees,149,AFP;Output;Interface,"{""bootstrap"": true, ""max_depth"": null, ""max_features"": 0.75, ""min_samples_leaf"": 2, ""min_samples_split"": 2, ""n_estimators"": 500}",1573.1188657189,1826236486,1369237854,1317687007
scale_nested_et|strict6|Quantile + MI|3|9|Large,extra_trees,150,AFP;Input;Enquiry,"{""bootstrap"": true, ""max_depth"": 10, ""max_features"": 0.75, ""min_samples_leaf"": 1, ""min_samples_split"": 2, ""n_estimators"": 500}",5621.45789129337,2082034547,1235314251,871087858
benchmark|strict6|random_forest|3|9|All,random_forest,449,AFP;Input;Output;Enquiry;File;Interface,"{""bootstrap"": true, ""max_depth"": 20, ""max_features"": 1.0, ""min_samples_leaf"": 8, ""min_samples_split"": 5, ""n_estimators"": 500}",2726.37646135551,2928749276,2494421195,3090156219
benchmark|strict6|xgboost|3|9|All,xgboost,449,AFP;Input;Output;Enquiry;File;Interface,"{""colsample_bytree"": 0.9, ""learning_rate"": 0.02, ""max_depth"": 5, ""min_child_weight"": 5, ""n_estimators"": 400, ""reg_alpha"": 0.1, ""reg_lambda"": 10.0, ""subsample"": 0.9}",2898.0063110743,2872967517,1899363136,3227836979
benchmark|strict6|lightgbm|3|9|All,lightgbm,449,AFP;Input;Output;Enquiry;File;Interface,"{""colsample_bytree"": 0.8, ""learning_rate"": 0.02, ""max_depth"": 10, ""min_child_samples"": 20, ""n_estimators"": 400, ""num_leaves"": 15, ""reg_lambda"": 5.0, ""subsample"": 0.8}",2898.38056711151,2854875714,3531488360,938634294
benchmark|strict6|stacking|3|9|All,stacking,449,AFP;Input;Output;Enquiry;File;Interface,"{""base_models"": [""tuned_random_forest"", ""tuned_extra_trees"", ""tuned_xgboost""], ""meta_learner"": ""LinearRegression"", ""stack_cv_seed"": 2885272546, ""stack_cv_splits"": 5}",,,2885272546,
scale_nested_et|strict6|Global|3|10|All,extra_trees,450,AFP;Input;Output;Enquiry;File;Interface,"{""bootstrap"": true, ""max_depth"": 10, ""max_features"": 0.75, ""min_samples_leaf"": 2, ""min_samples_split"": 5, ""n_estimators"": 300}",2543.92750680489,2316720065,3889775115,3456011671
scale_nested_et|strict6|Global + MI|3|10|All,extra_trees,450,AFP;Input;File,"{""bootstrap"": true, ""max_depth"": 10, ""max_features"": 0.5, ""min_samples_leaf"": 1, ""min_samples_split"": 2, ""n_estimators"": 500}",2694.58477747327,3072285942,1914538361,36563599
scale_nested_et|strict6|Quantile|3|10|Small,extra_trees,151,AFP;Input;Output;Enquiry;File;Interface,"{""bootstrap"": false, ""max_depth"": 20, ""max_features"": 1.0, ""min_samples_leaf"": 8, ""min_samples_split"": 5, ""n_estimators"": 500}",721.960339287338,671100205,3933905682,3874631359
scale_nested_et|strict6|Quantile|3|10|Medium,extra_trees,150,AFP;Input;Output;Enquiry;File;Interface,"{""bootstrap"": true, ""max_depth"": 20, ""max_features"": 0.5, ""min_samples_leaf"": 8, ""min_samples_split"": 2, ""n_estimators"": 500}",1726.29429938329,1564321690,3315547606,3943406864
scale_nested_et|strict6|Quantile|3|10|Large,extra_trees,149,AFP;Input;Output;Enquiry;File;Interface,"{""bootstrap"": false, ""max_depth"": 20, ""max_features"": 0.75, ""min_samples_leaf"": 2, ""min_samples_split"": 10, ""n_estimators"": 300}",5429.09835084669,2699421976,2946685857,482069616
scale_nested_et|strict6|Quantile + MI|3|10|Small,extra_trees,151,Input;Output;Enquiry,"{""bootstrap"": true, ""max_depth"": 20, ""max_features"": 1.0, ""min_samples_leaf"": 4, ""min_samples_split"": 10, ""n_estimators"": 300}",751.829109086182,3644061607,2893511190,4098789764
scale_nested_et|strict6|Quantile + MI|3|10|Medium,extra_trees,150,AFP;Output;Interface,"{""bootstrap"": true, ""max_depth"": null, ""max_features"": 0.5, ""min_samples_leaf"": 1, ""min_samples_split"": 5, ""n_estimators"": 500}",1651.47235535024,2594540441,2182844634,1791366120
scale_nested_et|strict6|Quantile + MI|3|10|Large,extra_trees,149,AFP;Input;Enquiry,"{""bootstrap"": false, ""max_depth"": 20, ""max_features"": 1.0, ""min_samples_leaf"": 1, ""min_samples_split"": 10, ""n_estimators"": 500}",5089.47868950686,1996501448,590171351,593436194
benchmark|strict6|random_forest|3|10|All,random_forest,450,AFP;Input;Output;Enquiry;File;Interface,"{""bootstrap"": true, ""max_depth"": 10, ""max_features"": 1.0, ""min_samples_leaf"": 8, ""min_samples_split"": 5, ""n_estimators"": 300}",2588.57604611512,1601901739,2312734732,1166141695
benchmark|strict6|xgboost|3|10|All,xgboost,450,AFP;Input;Output;Enquiry;File;Interface,"{""colsample_bytree"": 0.7, ""learning_rate"": 0.02, ""max_depth"": 3, ""min_child_weight"": 1, ""n_estimators"": 200, ""reg_alpha"": 1.0, ""reg_lambda"": 10.0, ""subsample"": 0.7}",2639.68535264757,2487923675,2021634471,2261200758
benchmark|strict6|lightgbm|3|10|All,lightgbm,450,AFP;Input;Output;Enquiry;File;Interface,"{""colsample_bytree"": 1.0, ""learning_rate"": 0.02, ""max_depth"": 5, ""min_child_samples"": 40, ""n_estimators"": 200, ""num_leaves"": 7, ""reg_lambda"": 0.0, ""subsample"": 1.0}",2716.33040286567,951803883,2012092966,3310801526
benchmark|strict6|stacking|3|10|All,stacking,450,AFP;Input;Output;Enquiry;File;Interface,"{""base_models"": [""tuned_random_forest"", ""tuned_extra_trees"", ""tuned_xgboost""], ""meta_learner"": ""LinearRegression"", ""stack_cv_seed"": 1249199866, ""stack_cv_splits"": 5}",,,1249199866,
scale_nested_et|strict6|Global|4|1|All,extra_trees,449,AFP;Input;Output;Enquiry;File;Interface,"{""bootstrap"": true, ""max_depth"": 10, ""max_features"": 1.0, ""min_samples_leaf"": 2, ""min_samples_split"": 10, ""n_estimators"": 500}",2630.32103920945,2677706594,3648638445,2657713987
scale_nested_et|strict6|Global + MI|4|1|All,extra_trees,449,AFP;Input;Enquiry,"{""bootstrap"": true, ""max_depth"": 10, ""max_features"": 1.0, ""min_samples_leaf"": 1, ""min_samples_split"": 10, ""n_estimators"": 300}",2695.87532480552,4154066568,214437592,3180083666
scale_nested_et|strict6|Quantile|4|1|Small,extra_trees,150,AFP;Input;Output;Enquiry;File;Interface,"{""bootstrap"": false, ""max_depth"": 10, ""max_features"": 0.5, ""min_samples_leaf"": 8, ""min_samples_split"": 2, ""n_estimators"": 300}",815.872816559075,3856673984,2628758448,3926986512
scale_nested_et|strict6|Quantile|4|1|Medium,extra_trees,149,AFP;Input;Output;Enquiry;File;Interface,"{""bootstrap"": true, ""max_depth"": 20, ""max_features"": 0.75, ""min_samples_leaf"": 8, ""min_samples_split"": 5, ""n_estimators"": 300}",1720.33109291045,3202913593,114249047,2795645112
scale_nested_et|strict6|Quantile|4|1|Large,extra_trees,150,AFP;Input;Output;Enquiry;File;Interface,"{""bootstrap"": true, ""max_depth"": null, ""max_features"": 1.0, ""min_samples_leaf"": 2, ""min_samples_split"": 2, ""n_estimators"": 300}",5514.73244459049,2644839969,2610573361,3465750058
scale_nested_et|strict6|Quantile + MI|4|1|Small,extra_trees,150,AFP;Input;Enquiry,"{""bootstrap"": true, ""max_depth"": null, ""max_features"": 0.75, ""min_samples_leaf"": 4, ""min_samples_split"": 2, ""n_estimators"": 500}",793.477748056193,921408894,280433344,1718485002
scale_nested_et|strict6|Quantile + MI|4|1|Medium,extra_trees,149,AFP;Output;Interface,"{""bootstrap"": false, ""max_depth"": 10, ""max_features"": 0.5, ""min_samples_leaf"": 1, ""min_samples_split"": 2, ""n_estimators"": 300}",1621.29104706757,1810808452,2224309336,4115261432
scale_nested_et|strict6|Quantile + MI|4|1|Large,extra_trees,150,AFP;Input;Enquiry,"{""bootstrap"": false, ""max_depth"": 20, ""max_features"": 1.0, ""min_samples_leaf"": 4, ""min_samples_split"": 5, ""n_estimators"": 500}",5800.47286632439,717217291,3430140869,3297587246
benchmark|strict6|random_forest|4|1|All,random_forest,449,AFP;Input;Output;Enquiry;File;Interface,"{""bootstrap"": true, ""max_depth"": null, ""max_features"": ""sqrt"", ""min_samples_leaf"": 4, ""min_samples_split"": 10, ""n_estimators"": 300}",2639.04457193947,1131748962,625262642,4197661974
benchmark|strict6|xgboost|4|1|All,xgboost,449,AFP;Input;Output;Enquiry;File;Interface,"{""colsample_bytree"": 0.7, ""learning_rate"": 0.02, ""max_depth"": 2, ""min_child_weight"": 5, ""n_estimators"": 200, ""reg_alpha"": 0.0, ""reg_lambda"": 10.0, ""subsample"": 1.0}",2645.32085812426,1008803728,3810862945,1987861523
benchmark|strict6|lightgbm|4|1|All,lightgbm,449,AFP;Input;Output;Enquiry;File;Interface,"{""colsample_bytree"": 1.0, ""learning_rate"": 0.02, ""max_depth"": -1, ""min_child_samples"": 10, ""n_estimators"": 200, ""num_leaves"": 15, ""reg_lambda"": 0.0, ""subsample"": 1.0}",2701.12802129593,361138371,306344269,4123987458
benchmark|strict6|stacking|4|1|All,stacking,449,AFP;Input;Output;Enquiry;File;Interface,"{""base_models"": [""tuned_random_forest"", ""tuned_extra_trees"", ""tuned_xgboost""], ""meta_learner"": ""LinearRegression"", ""stack_cv_seed"": 4278568594, ""stack_cv_splits"": 5}",,,4278568594,
scale_nested_et|strict6|Global|4|2|All,extra_trees,449,AFP;Input;Output;Enquiry;File;Interface,"{""bootstrap"": false, ""max_depth"": null, ""max_features"": 1.0, ""min_samples_leaf"": 4, ""min_samples_split"": 10, ""n_estimators"": 500}",2686.55302962299,798028968,2401314708,370077073
scale_nested_et|strict6|Global + MI|4|2|All,extra_trees,449,AFP;Input;Enquiry,"{""bootstrap"": true, ""max_depth"": 20, ""max_features"": 0.5, ""min_samples_leaf"": 1, ""min_samples_split"": 10, ""n_estimators"": 300}",2690.05094777116,912665440,609229821,3614550698
scale_nested_et|strict6|Quantile|4|2|Small,extra_trees,150,AFP;Input;Output;Enquiry;File;Interface,"{""bootstrap"": false, ""max_depth"": 20, ""max_features"": 1.0, ""min_samples_leaf"": 4, ""min_samples_split"": 10, ""n_estimators"": 500}",830.419679960636,3745192977,2724691443,199792999
scale_nested_et|strict6|Quantile|4|2|Medium,extra_trees,149,AFP;Input;Output;Enquiry;File;Interface,"{""bootstrap"": true, ""max_depth"": null, ""max_features"": 0.5, ""min_samples_leaf"": 8, ""min_samples_split"": 5, ""n_estimators"": 500}",1628.28250220757,826066843,1316936167,1963682868
scale_nested_et|strict6|Quantile|4|2|Large,extra_trees,150,AFP;Input;Output;Enquiry;File;Interface,"{""bootstrap"": true, ""max_depth"": 10, ""max_features"": 0.75, ""min_samples_leaf"": 1, ""min_samples_split"": 10, ""n_estimators"": 300}",5713.41228314972,1179510926,3550159028,1209176408
scale_nested_et|strict6|Quantile + MI|4|2|Small,extra_trees,150,AFP;Enquiry;Interface,"{""bootstrap"": true, ""max_depth"": null, ""max_features"": 0.75, ""min_samples_leaf"": 2, ""min_samples_split"": 10, ""n_estimators"": 500}",820.267352817663,3754634548,2516272034,3818279136
scale_nested_et|strict6|Quantile + MI|4|2|Medium,extra_trees,149,Output;File;Interface,"{""bootstrap"": false, ""max_depth"": null, ""max_features"": 0.5, ""min_samples_leaf"": 2, ""min_samples_split"": 5, ""n_estimators"": 500}",1634.26137545503,324421223,180499268,2673066601
scale_nested_et|strict6|Quantile + MI|4|2|Large,extra_trees,150,AFP;Input;Enquiry,"{""bootstrap"": false, ""max_depth"": 10, ""max_features"": 0.75, ""min_samples_leaf"": 2, ""min_samples_split"": 5, ""n_estimators"": 300}",5943.24860516464,324444689,533018684,3323583472
benchmark|strict6|random_forest|4|2|All,random_forest,449,AFP;Input;Output;Enquiry;File;Interface,"{""bootstrap"": true, ""max_depth"": 20, ""max_features"": ""sqrt"", ""min_samples_leaf"": 8, ""min_samples_split"": 2, ""n_estimators"": 300}",2735.5564228549,2749459294,3650203068,1896066311
benchmark|strict6|xgboost|4|2|All,xgboost,449,AFP;Input;Output;Enquiry;File;Interface,"{""colsample_bytree"": 0.9, ""learning_rate"": 0.02, ""max_depth"": 5, ""min_child_weight"": 5, ""n_estimators"": 200, ""reg_alpha"": 1.0, ""reg_lambda"": 1.0, ""subsample"": 0.7}",2872.73652902488,1574189084,2559432003,3575124143
benchmark|strict6|lightgbm|4|2|All,lightgbm,449,AFP;Input;Output;Enquiry;File;Interface,"{""colsample_bytree"": 0.8, ""learning_rate"": 0.02, ""max_depth"": 10, ""min_child_samples"": 20, ""n_estimators"": 400, ""num_leaves"": 7, ""reg_lambda"": 1.0, ""subsample"": 1.0}",2882.14151082923,112324185,2153273603,4011894633
benchmark|strict6|stacking|4|2|All,stacking,449,AFP;Input;Output;Enquiry;File;Interface,"{""base_models"": [""tuned_random_forest"", ""tuned_extra_trees"", ""tuned_xgboost""], ""meta_learner"": ""LinearRegression"", ""stack_cv_seed"": 2919998287, ""stack_cv_splits"": 5}",,,2919998287,
scale_nested_et|strict6|Global|4|3|All,extra_trees,449,AFP;Input;Output;Enquiry;File;Interface,"{""bootstrap"": true, ""max_depth"": 10, ""max_features"": 1.0, ""min_samples_leaf"": 2, ""min_samples_split"": 10, ""n_estimators"": 500}",2642.25253039095,2668114653,801820927,1403030068
scale_nested_et|strict6|Global + MI|4|3|All,extra_trees,449,AFP;Input;Enquiry,"{""bootstrap"": true, ""max_depth"": 20, ""max_features"": 1.0, ""min_samples_leaf"": 2, ""min_samples_split"": 5, ""n_estimators"": 300}",2662.82405204538,1487140710,664997990,1049565090
scale_nested_et|strict6|Quantile|4|3|Small,extra_trees,150,AFP;Input;Output;Enquiry;File;Interface,"{""bootstrap"": true, ""max_depth"": null, ""max_features"": 1.0, ""min_samples_leaf"": 4, ""min_samples_split"": 5, ""n_estimators"": 300}",814.530584908003,125304336,2451519161,3514431633
scale_nested_et|strict6|Quantile|4|3|Medium,extra_trees,149,AFP;Input;Output;Enquiry;File;Interface,"{""bootstrap"": false, ""max_depth"": 10, ""max_features"": 0.5, ""min_samples_leaf"": 8, ""min_samples_split"": 10, ""n_estimators"": 500}",1705.53715407827,951565877,4267154128,1261227982
scale_nested_et|strict6|Quantile|4|3|Large,extra_trees,150,AFP;Input;Output;Enquiry;File;Interface,"{""bootstrap"": true, ""max_depth"": 20, ""max_features"": 1.0, ""min_samples_leaf"": 2, ""min_samples_split"": 10, ""n_estimators"": 500}",5373.02807256994,1278070615,2164355471,39525980
scale_nested_et|strict6|Quantile + MI|4|3|Small,extra_trees,150,AFP;Enquiry;Interface,"{""bootstrap"": true, ""max_depth"": null, ""max_features"": 1.0, ""min_samples_leaf"": 8, ""min_samples_split"": 10, ""n_estimators"": 500}",818.908750617277,2739567795,1575956766,1137207194
scale_nested_et|strict6|Quantile + MI|4|3|Medium,extra_trees,149,AFP;Input;Output,"{""bootstrap"": true, ""max_depth"": 20, ""max_features"": 0.5, ""min_samples_leaf"": 2, ""min_samples_split"": 2, ""n_estimators"": 300}",1693.20097889442,1126301229,1332582973,680356559
scale_nested_et|strict6|Quantile + MI|4|3|Large,extra_trees,150,AFP;Input;Enquiry,"{""bootstrap"": true, ""max_depth"": 10, ""max_features"": 0.5, ""min_samples_leaf"": 1, ""min_samples_split"": 5, ""n_estimators"": 300}",5304.35338893559,1068364677,991642274,597618130
benchmark|strict6|random_forest|4|3|All,random_forest,449,AFP;Input;Output;Enquiry;File;Interface,"{""bootstrap"": true, ""max_depth"": null, ""max_features"": 0.5, ""min_samples_leaf"": 8, ""min_samples_split"": 2, ""n_estimators"": 300}",2671.41027570263,1077119077,421216751,3977798684
benchmark|strict6|xgboost|4|3|All,xgboost,449,AFP;Input;Output;Enquiry;File;Interface,"{""colsample_bytree"": 0.9, ""learning_rate"": 0.02, ""max_depth"": 2, ""min_child_weight"": 1, ""n_estimators"": 400, ""reg_alpha"": 0.1, ""reg_lambda"": 10.0, ""subsample"": 1.0}",2750.10525224588,2430374520,3383735610,2286695039
benchmark|strict6|lightgbm|4|3|All,lightgbm,449,AFP;Input;Output;Enquiry;File;Interface,"{""colsample_bytree"": 0.8, ""learning_rate"": 0.02, ""max_depth"": 10, ""min_child_samples"": 40, ""n_estimators"": 200, ""num_leaves"": 31, ""reg_lambda"": 1.0, ""subsample"": 1.0}",2739.3692960516,1800412201,39023552,1579897634
benchmark|strict6|stacking|4|3|All,stacking,449,AFP;Input;Output;Enquiry;File;Interface,"{""base_models"": [""tuned_random_forest"", ""tuned_extra_trees"", ""tuned_xgboost""], ""meta_learner"": ""LinearRegression"", ""stack_cv_seed"": 2293993347, ""stack_cv_splits"": 5}",,,2293993347,
scale_nested_et|strict6|Global|4|4|All,extra_trees,449,AFP;Input;Output;Enquiry;File;Interface,"{""bootstrap"": true, ""max_depth"": 20, ""max_features"": 0.5, ""min_samples_leaf"": 1, ""min_samples_split"": 10, ""n_estimators"": 300}",2599.65124741273,1240314850,1278870397,4284933826
scale_nested_et|strict6|Global + MI|4|4|All,extra_trees,449,AFP;Input;Enquiry,"{""bootstrap"": false, ""max_depth"": 10, ""max_features"": 0.75, ""min_samples_leaf"": 1, ""min_samples_split"": 10, ""n_estimators"": 500}",2546.98659990588,2696442153,3278078946,3475915482
scale_nested_et|strict6|Quantile|4|4|Small,extra_trees,150,AFP;Input;Output;Enquiry;File;Interface,"{""bootstrap"": false, ""max_depth"": null, ""max_features"": 1.0, ""min_samples_leaf"": 8, ""min_samples_split"": 2, ""n_estimators"": 500}",791.050403495957,2146364430,1560502025,707504933
scale_nested_et|strict6|Quantile|4|4|Medium,extra_trees,149,AFP;Input;Output;Enquiry;File;Interface,"{""bootstrap"": true, ""max_depth"": 10, ""max_features"": 0.75, ""min_samples_leaf"": 8, ""min_samples_split"": 2, ""n_estimators"": 500}",1648.15717153897,3545100702,3450740138,3415859687
scale_nested_et|strict6|Quantile|4|4|Large,extra_trees,150,AFP;Input;Output;Enquiry;File;Interface,"{""bootstrap"": true, ""max_depth"": 20, ""max_features"": 0.75, ""min_samples_leaf"": 2, ""min_samples_split"": 2, ""n_estimators"": 300}",5582.04347308425,1404582810,358994897,3167396996
scale_nested_et|strict6|Quantile + MI|4|4|Small,extra_trees,150,AFP;Enquiry;File,"{""bootstrap"": true, ""max_depth"": 10, ""max_features"": 0.75, ""min_samples_leaf"": 8, ""min_samples_split"": 5, ""n_estimators"": 300}",791.237045640187,1771489117,89061933,3650914553
scale_nested_et|strict6|Quantile + MI|4|4|Medium,extra_trees,149,AFP;Output;Interface,"{""bootstrap"": true, ""max_depth"": 10, ""max_features"": 0.75, ""min_samples_leaf"": 2, ""min_samples_split"": 5, ""n_estimators"": 300}",1552.25104527046,2806283292,1900450253,767683050
scale_nested_et|strict6|Quantile + MI|4|4|Large,extra_trees,150,AFP;Input;Enquiry,"{""bootstrap"": true, ""max_depth"": null, ""max_features"": 1.0, ""min_samples_leaf"": 4, ""min_samples_split"": 10, ""n_estimators"": 500}",5788.85033287727,383272473,2651370032,1151292829
benchmark|strict6|random_forest|4|4|All,random_forest,449,AFP;Input;Output;Enquiry;File;Interface,"{""bootstrap"": true, ""max_depth"": null, ""max_features"": 0.75, ""min_samples_leaf"": 4, ""min_samples_split"": 5, ""n_estimators"": 300}",2613.50169762974,2490081357,792507035,3364573141
benchmark|strict6|xgboost|4|4|All,xgboost,449,AFP;Input;Output;Enquiry;File;Interface,"{""colsample_bytree"": 0.7, ""learning_rate"": 0.02, ""max_depth"": 5, ""min_child_weight"": 3, ""n_estimators"": 200, ""reg_alpha"": 0.0, ""reg_lambda"": 1.0, ""subsample"": 0.9}",2780.85433891052,1739666971,285173515,665543289
benchmark|strict6|lightgbm|4|4|All,lightgbm,449,AFP;Input;Output;Enquiry;File;Interface,"{""colsample_bytree"": 1.0, ""learning_rate"": 0.02, ""max_depth"": -1, ""min_child_samples"": 10, ""n_estimators"": 200, ""num_leaves"": 31, ""reg_lambda"": 1.0, ""subsample"": 0.8}",2700.78863239488,962622923,4183501615,2967244635
benchmark|strict6|stacking|4|4|All,stacking,449,AFP;Input;Output;Enquiry;File;Interface,"{""base_models"": [""tuned_random_forest"", ""tuned_extra_trees"", ""tuned_xgboost""], ""meta_learner"": ""LinearRegression"", ""stack_cv_seed"": 412526279, ""stack_cv_splits"": 5}",,,412526279,
scale_nested_et|strict6|Global|4|5|All,extra_trees,449,AFP;Input;Output;Enquiry;File;Interface,"{""bootstrap"": true, ""max_depth"": null, ""max_features"": 0.75, ""min_samples_leaf"": 1, ""min_samples_split"": 10, ""n_estimators"": 500}",2641.99985095439,123363335,2022132228,3026273729
scale_nested_et|strict6|Global + MI|4|5|All,extra_trees,449,AFP;Input;Enquiry,"{""bootstrap"": true, ""max_depth"": 10, ""max_features"": 0.5, ""min_samples_leaf"": 1, ""min_samples_split"": 10, ""n_estimators"": 500}",2580.81751678184,2649438310,3846044065,2455387656
scale_nested_et|strict6|Quantile|4|5|Small,extra_trees,150,AFP;Input;Output;Enquiry;File;Interface,"{""bootstrap"": false, ""max_depth"": null, ""max_features"": 0.5, ""min_samples_leaf"": 4, ""min_samples_split"": 10, ""n_estimators"": 300}",782.529959636499,2551425374,2707503961,2865777031
scale_nested_et|strict6|Quantile|4|5|Medium,extra_trees,149,AFP;Input;Output;Enquiry;File;Interface,"{""bootstrap"": true, ""max_depth"": 20, ""max_features"": 0.75, ""min_samples_leaf"": 8, ""min_samples_split"": 10, ""n_estimators"": 500}",1699.23590460683,1774087449,3893898357,993914726
scale_nested_et|strict6|Quantile|4|5|Large,extra_trees,150,AFP;Input;Output;Enquiry;File;Interface,"{""bootstrap"": true, ""max_depth"": null, ""max_features"": 0.5, ""min_samples_leaf"": 2, ""min_samples_split"": 5, ""n_estimators"": 500}",5710.42105790625,3425278343,422006602,912947376
scale_nested_et|strict6|Quantile + MI|4|5|Small,extra_trees,150,AFP;Output;Enquiry,"{""bootstrap"": false, ""max_depth"": 10, ""max_features"": 1.0, ""min_samples_leaf"": 8, ""min_samples_split"": 10, ""n_estimators"": 300}",760.897370709088,474713168,558159608,755576477
scale_nested_et|strict6|Quantile + MI|4|5|Medium,extra_trees,149,AFP;Output;File,"{""bootstrap"": false, ""max_depth"": 20, ""max_features"": 1.0, ""min_samples_leaf"": 8, ""min_samples_split"": 10, ""n_estimators"": 500}",1673.71987425207,1667534136,2242273143,2419509071
scale_nested_et|strict6|Quantile + MI|4|5|Large,extra_trees,150,AFP;Input;Enquiry,"{""bootstrap"": true, ""max_depth"": 20, ""max_features"": 1.0, ""min_samples_leaf"": 1, ""min_samples_split"": 5, ""n_estimators"": 300}",5530.36249499667,456741266,619768734,1743260379
benchmark|strict6|random_forest|4|5|All,random_forest,449,AFP;Input;Output;Enquiry;File;Interface,"{""bootstrap"": true, ""max_depth"": null, ""max_features"": 0.5, ""min_samples_leaf"": 8, ""min_samples_split"": 10, ""n_estimators"": 500}",2738.46297788443,1149474696,2363581004,2718931999
benchmark|strict6|xgboost|4|5|All,xgboost,449,AFP;Input;Output;Enquiry;File;Interface,"{""colsample_bytree"": 1.0, ""learning_rate"": 0.02, ""max_depth"": 3, ""min_child_weight"": 3, ""n_estimators"": 200, ""reg_alpha"": 0.0, ""reg_lambda"": 10.0, ""subsample"": 1.0}",2701.7555071671,2217214325,2276124849,3830252621
benchmark|strict6|lightgbm|4|5|All,lightgbm,449,AFP;Input;Output;Enquiry;File;Interface,"{""colsample_bytree"": 1.0, ""learning_rate"": 0.02, ""max_depth"": 5, ""min_child_samples"": 20, ""n_estimators"": 400, ""num_leaves"": 31, ""reg_lambda"": 5.0, ""subsample"": 0.8}",2965.56366820713,1758474474,4102834249,2795519466
benchmark|strict6|stacking|4|5|All,stacking,449,AFP;Input;Output;Enquiry;File;Interface,"{""base_models"": [""tuned_random_forest"", ""tuned_extra_trees"", ""tuned_xgboost""], ""meta_learner"": ""LinearRegression"", ""stack_cv_seed"": 2268640225, ""stack_cv_splits"": 5}",,,2268640225,
scale_nested_et|strict6|Global|4|6|All,extra_trees,449,AFP;Input;Output;Enquiry;File;Interface,"{""bootstrap"": true, ""max_depth"": null, ""max_features"": 0.75, ""min_samples_leaf"": 2, ""min_samples_split"": 10, ""n_estimators"": 500}",2557.46567784308,2760368889,2893150896,2518059322
scale_nested_et|strict6|Global + MI|4|6|All,extra_trees,449,AFP;Input;Enquiry,"{""bootstrap"": true, ""max_depth"": null, ""max_features"": 0.5, ""min_samples_leaf"": 1, ""min_samples_split"": 5, ""n_estimators"": 300}",2536.13866826206,333965850,4278880200,2811119249
scale_nested_et|strict6|Quantile|4|6|Small,extra_trees,150,AFP;Input;Output;Enquiry;File;Interface,"{""bootstrap"": false, ""max_depth"": 10, ""max_features"": 0.5, ""min_samples_leaf"": 8, ""min_samples_split"": 5, ""n_estimators"": 300}",790.513679805126,1027952519,3785482984,3413513434
scale_nested_et|strict6|Quantile|4|6|Medium,extra_trees,149,AFP;Input;Output;Enquiry;File;Interface,"{""bootstrap"": true, ""max_depth"": 10, ""max_features"": 0.75, ""min_samples_leaf"": 4, ""min_samples_split"": 2, ""n_estimators"": 500}",1506.66219130538,4060317845,2381121275,754226172
scale_nested_et|strict6|Quantile|4|6|Large,extra_trees,150,AFP;Input;Output;Enquiry;File;Interface,"{""bootstrap"": true, ""max_depth"": 10, ""max_features"": 1.0, ""min_samples_leaf"": 4, ""min_samples_split"": 2, ""n_estimators"": 500}",5523.08977477105,2626071760,3031535362,3672094487
scale_nested_et|strict6|Quantile + MI|4|6|Small,extra_trees,150,AFP;Output;Enquiry,"{""bootstrap"": false, ""max_depth"": 10, ""max_features"": 0.75, ""min_samples_leaf"": 4, ""min_samples_split"": 10, ""n_estimators"": 300}",770.324729071871,1009411451,1240056711,1202539540
scale_nested_et|strict6|Quantile + MI|4|6|Medium,extra_trees,149,AFP;Input;Output,"{""bootstrap"": true, ""max_depth"": null, ""max_features"": 0.5, ""min_samples_leaf"": 4, ""min_samples_split"": 5, ""n_estimators"": 300}",1514.15031703818,4227356615,3187290145,1908811250
scale_nested_et|strict6|Quantile + MI|4|6|Large,extra_trees,150,AFP;Input;Enquiry,"{""bootstrap"": true, ""max_depth"": 20, ""max_features"": 0.5, ""min_samples_leaf"": 1, ""min_samples_split"": 10, ""n_estimators"": 300}",5306.99983240279,3349526812,1924819275,2476410182
benchmark|strict6|random_forest|4|6|All,random_forest,449,AFP;Input;Output;Enquiry;File;Interface,"{""bootstrap"": true, ""max_depth"": 20, ""max_features"": 0.75, ""min_samples_leaf"": 2, ""min_samples_split"": 10, ""n_estimators"": 500}",2711.64742053454,2878895722,1922439107,1294495061
benchmark|strict6|xgboost|4|6|All,xgboost,449,AFP;Input;Output;Enquiry;File;Interface,"{""colsample_bytree"": 1.0, ""learning_rate"": 0.02, ""max_depth"": 2, ""min_child_weight"": 1, ""n_estimators"": 200, ""reg_alpha"": 0.0, ""reg_lambda"": 1.0, ""subsample"": 0.7}",2664.53956233287,3386828537,680370696,1152248224
benchmark|strict6|lightgbm|4|6|All,lightgbm,449,AFP;Input;Output;Enquiry;File;Interface,"{""colsample_bytree"": 1.0, ""learning_rate"": 0.02, ""max_depth"": 5, ""min_child_samples"": 10, ""n_estimators"": 400, ""num_leaves"": 15, ""reg_lambda"": 1.0, ""subsample"": 0.8}",2782.4964231416,315653338,960532382,989579331
benchmark|strict6|stacking|4|6|All,stacking,449,AFP;Input;Output;Enquiry;File;Interface,"{""base_models"": [""tuned_random_forest"", ""tuned_extra_trees"", ""tuned_xgboost""], ""meta_learner"": ""LinearRegression"", ""stack_cv_seed"": 22449386, ""stack_cv_splits"": 5}",,,22449386,
scale_nested_et|strict6|Global|4|7|All,extra_trees,449,AFP;Input;Output;Enquiry;File;Interface,"{""bootstrap"": true, ""max_depth"": null, ""max_features"": 1.0, ""min_samples_leaf"": 4, ""min_samples_split"": 5, ""n_estimators"": 500}",2613.80954147992,413485783,1788783580,4014767602
scale_nested_et|strict6|Global + MI|4|7|All,extra_trees,449,AFP;Input;Enquiry,"{""bootstrap"": true, ""max_depth"": null, ""max_features"": 1.0, ""min_samples_leaf"": 1, ""min_samples_split"": 10, ""n_estimators"": 300}",2545.90476348802,115897106,3446715163,4131222866
scale_nested_et|strict6|Quantile|4|7|Small,extra_trees,153,AFP;Input;Output;Enquiry;File;Interface,"{""bootstrap"": false, ""max_depth"": 20, ""max_features"": 1.0, ""min_samples_leaf"": 4, ""min_samples_split"": 5, ""n_estimators"": 500}",745.491659469683,2777158607,2291601539,953701933
scale_nested_et|strict6|Quantile|4|7|Medium,extra_trees,146,AFP;Input;Output;Enquiry;File;Interface,"{""bootstrap"": true, ""max_depth"": 10, ""max_features"": 0.5, ""min_samples_leaf"": 8, ""min_samples_split"": 10, ""n_estimators"": 500}",1663.00905765187,2949265269,2515048439,3209191125
scale_nested_et|strict6|Quantile|4|7|Large,extra_trees,150,AFP;Input;Output;Enquiry;File;Interface,"{""bootstrap"": false, ""max_depth"": 10, ""max_features"": 1.0, ""min_samples_leaf"": 4, ""min_samples_split"": 2, ""n_estimators"": 500}",5239.8790318546,2584640515,777178269,3804343454
scale_nested_et|strict6|Quantile + MI|4|7|Small,extra_trees,153,Output;Enquiry;Interface,"{""bootstrap"": false, ""max_depth"": 10, ""max_features"": 1.0, ""min_samples_leaf"": 8, ""min_samples_split"": 2, ""n_estimators"": 300}",778.324461819315,1103880576,3190466563,975785087
scale_nested_et|strict6|Quantile + MI|4|7|Medium,extra_trees,146,AFP;Output;File,"{""bootstrap"": true, ""max_depth"": 20, ""max_features"": 0.5, ""min_samples_leaf"": 1, ""min_samples_split"": 2, ""n_estimators"": 300}",1601.25283966364,2946761476,3311511966,2980229799
scale_nested_et|strict6|Quantile + MI|4|7|Large,extra_trees,150,AFP;Input;Enquiry,"{""bootstrap"": true, ""max_depth"": null, ""max_features"": 1.0, ""min_samples_leaf"": 1, ""min_samples_split"": 10, ""n_estimators"": 300}",5271.66491914194,1072805832,3856540914,1285458895
benchmark|strict6|random_forest|4|7|All,random_forest,449,AFP;Input;Output;Enquiry;File;Interface,"{""bootstrap"": true, ""max_depth"": null, ""max_features"": 0.75, ""min_samples_leaf"": 4, ""min_samples_split"": 5, ""n_estimators"": 500}",2608.52376837582,2092598644,2107312566,3831212622
benchmark|strict6|xgboost|4|7|All,xgboost,449,AFP;Input;Output;Enquiry;File;Interface,"{""colsample_bytree"": 1.0, ""learning_rate"": 0.02, ""max_depth"": 2, ""min_child_weight"": 1, ""n_estimators"": 400, ""reg_alpha"": 1.0, ""reg_lambda"": 10.0, ""subsample"": 0.7}",2583.39497739742,1583495315,3129729457,1132263117
benchmark|strict6|lightgbm|4|7|All,lightgbm,449,AFP;Input;Output;Enquiry;File;Interface,"{""colsample_bytree"": 0.8, ""learning_rate"": 0.1, ""max_depth"": 5, ""min_child_samples"": 40, ""n_estimators"": 200, ""num_leaves"": 31, ""reg_lambda"": 1.0, ""subsample"": 1.0}",2846.17033179451,310551066,243472394,2922448312
benchmark|strict6|stacking|4|7|All,stacking,449,AFP;Input;Output;Enquiry;File;Interface,"{""base_models"": [""tuned_random_forest"", ""tuned_extra_trees"", ""tuned_xgboost""], ""meta_learner"": ""LinearRegression"", ""stack_cv_seed"": 1626357843, ""stack_cv_splits"": 5}",,,1626357843,
scale_nested_et|strict6|Global|4|8|All,extra_trees,449,AFP;Input;Output;Enquiry;File;Interface,"{""bootstrap"": false, ""max_depth"": null, ""max_features"": 0.75, ""min_samples_leaf"": 4, ""min_samples_split"": 5, ""n_estimators"": 300}",2736.48628058724,1706948070,3167013296,2787964847
scale_nested_et|strict6|Global + MI|4|8|All,extra_trees,449,AFP;Input;Enquiry,"{""bootstrap"": false, ""max_depth"": 10, ""max_features"": 0.5, ""min_samples_leaf"": 1, ""min_samples_split"": 10, ""n_estimators"": 300}",2620.69926989763,2193239661,3681844211,2233338737
scale_nested_et|strict6|Quantile|4|8|Small,extra_trees,150,AFP;Input;Output;Enquiry;File;Interface,"{""bootstrap"": true, ""max_depth"": 20, ""max_features"": 1.0, ""min_samples_leaf"": 8, ""min_samples_split"": 2, ""n_estimators"": 500}",732.356226814164,1454372623,2110436999,3818451822
scale_nested_et|strict6|Quantile|4|8|Medium,extra_trees,149,AFP;Input;Output;Enquiry;File;Interface,"{""bootstrap"": false, ""max_depth"": 20, ""max_features"": 0.75, ""min_samples_leaf"": 8, ""min_samples_split"": 10, ""n_estimators"": 300}",1693.55515476571,3532423165,321157451,3051985770
scale_nested_et|strict6|Quantile|4|8|Large,extra_trees,150,AFP;Input;Output;Enquiry;File;Interface,"{""bootstrap"": true, ""max_depth"": null, ""max_features"": 1.0, ""min_samples_leaf"": 4, ""min_samples_split"": 10, ""n_estimators"": 500}",5667.31708567046,1088629517,1477907316,1964380273
scale_nested_et|strict6|Quantile + MI|4|8|Small,extra_trees,150,AFP;Output;Enquiry,"{""bootstrap"": false, ""max_depth"": 10, ""max_features"": 1.0, ""min_samples_leaf"": 8, ""min_samples_split"": 5, ""n_estimators"": 500}",733.111651839836,4184801141,4244305139,2757262874
scale_nested_et|strict6|Quantile + MI|4|8|Medium,extra_trees,149,AFP;Output;Interface,"{""bootstrap"": true, ""max_depth"": 20, ""max_features"": 0.5, ""min_samples_leaf"": 4, ""min_samples_split"": 2, ""n_estimators"": 500}",1669.88448161356,1879191732,1743627796,2283469222
scale_nested_et|strict6|Quantile + MI|4|8|Large,extra_trees,150,AFP;Input;Enquiry,"{""bootstrap"": false, ""max_depth"": null, ""max_features"": 0.75, ""min_samples_leaf"": 2, ""min_samples_split"": 10, ""n_estimators"": 500}",5686.42831349961,3445966448,456620642,2101377888
benchmark|strict6|random_forest|4|8|All,random_forest,449,AFP;Input;Output;Enquiry;File;Interface,"{""bootstrap"": true, ""max_depth"": 20, ""max_features"": ""sqrt"", ""min_samples_leaf"": 8, ""min_samples_split"": 2, ""n_estimators"": 500}",2644.0213372408,1601037506,3655657432,1023589478
benchmark|strict6|xgboost|4|8|All,xgboost,449,AFP;Input;Output;Enquiry;File;Interface,"{""colsample_bytree"": 0.7, ""learning_rate"": 0.02, ""max_depth"": 2, ""min_child_weight"": 3, ""n_estimators"": 400, ""reg_alpha"": 1.0, ""reg_lambda"": 5.0, ""subsample"": 0.7}",2787.04274345062,3561225009,1271265411,99078617
benchmark|strict6|lightgbm|4|8|All,lightgbm,449,AFP;Input;Output;Enquiry;File;Interface,"{""colsample_bytree"": 1.0, ""learning_rate"": 0.02, ""max_depth"": 5, ""min_child_samples"": 20, ""n_estimators"": 200, ""num_leaves"": 7, ""reg_lambda"": 0.0, ""subsample"": 1.0}",2718.28811301443,821724442,2244369282,40808906
benchmark|strict6|stacking|4|8|All,stacking,449,AFP;Input;Output;Enquiry;File;Interface,"{""base_models"": [""tuned_random_forest"", ""tuned_extra_trees"", ""tuned_xgboost""], ""meta_learner"": ""LinearRegression"", ""stack_cv_seed"": 1868053074, ""stack_cv_splits"": 5}",,,1868053074,
scale_nested_et|strict6|Global|4|9|All,extra_trees,449,AFP;Input;Output;Enquiry;File;Interface,"{""bootstrap"": false, ""max_depth"": 10, ""max_features"": 0.5, ""min_samples_leaf"": 1, ""min_samples_split"": 10, ""n_estimators"": 500}",2820.339248821,3949780824,907737130,626185083
scale_nested_et|strict6|Global + MI|4|9|All,extra_trees,449,AFP;Input;Enquiry,"{""bootstrap"": true, ""max_depth"": 10, ""max_features"": 0.75, ""min_samples_leaf"": 1, ""min_samples_split"": 10, ""n_estimators"": 500}",2779.73488285454,2054767170,222829920,4276011708
scale_nested_et|strict6|Quantile|4|9|Small,extra_trees,152,AFP;Input;Output;Enquiry;File;Interface,"{""bootstrap"": false, ""max_depth"": null, ""max_features"": 1.0, ""min_samples_leaf"": 8, ""min_samples_split"": 5, ""n_estimators"": 300}",777.879953660942,924057382,205297567,2134315109
scale_nested_et|strict6|Quantile|4|9|Medium,extra_trees,147,AFP;Input;Output;Enquiry;File;Interface,"{""bootstrap"": true, ""max_depth"": 10, ""max_features"": 0.5, ""min_samples_leaf"": 8, ""min_samples_split"": 10, ""n_estimators"": 500}",1665.84581811562,4217071864,2177684958,1677979602
scale_nested_et|strict6|Quantile|4|9|Large,extra_trees,150,AFP;Input;Output;Enquiry;File;Interface,"{""bootstrap"": true, ""max_depth"": 10, ""max_features"": 0.5, ""min_samples_leaf"": 2, ""min_samples_split"": 5, ""n_estimators"": 300}",5861.7383713284,2276027978,2285842452,1935989099
scale_nested_et|strict6|Quantile + MI|4|9|Small,extra_trees,152,Input;Enquiry;Interface,"{""bootstrap"": false, ""max_depth"": 20, ""max_features"": 0.75, ""min_samples_leaf"": 4, ""min_samples_split"": 2, ""n_estimators"": 300}",818.163638329577,2823526736,1460384133,1339830474
scale_nested_et|strict6|Quantile + MI|4|9|Medium,extra_trees,147,Input;Output;Interface,"{""bootstrap"": false, ""max_depth"": 20, ""max_features"": 0.75, ""min_samples_leaf"": 4, ""min_samples_split"": 5, ""n_estimators"": 300}",1637.99374470144,2978780742,1275030835,872140432
scale_nested_et|strict6|Quantile + MI|4|9|Large,extra_trees,150,AFP;Input;Enquiry,"{""bootstrap"": true, ""max_depth"": 10, ""max_features"": 0.5, ""min_samples_leaf"": 1, ""min_samples_split"": 10, ""n_estimators"": 300}",5678.018827711,4287359168,3503228049,3145819767
benchmark|strict6|random_forest|4|9|All,random_forest,449,AFP;Input;Output;Enquiry;File;Interface,"{""bootstrap"": true, ""max_depth"": null, ""max_features"": 0.75, ""min_samples_leaf"": 8, ""min_samples_split"": 10, ""n_estimators"": 300}",2722.56931871767,3946092125,3471159041,1407083454
benchmark|strict6|xgboost|4|9|All,xgboost,449,AFP;Input;Output;Enquiry;File;Interface,"{""colsample_bytree"": 0.7, ""learning_rate"": 0.02, ""max_depth"": 5, ""min_child_weight"": 3, ""n_estimators"": 200, ""reg_alpha"": 0.1, ""reg_lambda"": 5.0, ""subsample"": 0.7}",2772.46114332639,1319262168,3677846446,4130309806
benchmark|strict6|lightgbm|4|9|All,lightgbm,449,AFP;Input;Output;Enquiry;File;Interface,"{""colsample_bytree"": 0.8, ""learning_rate"": 0.02, ""max_depth"": 5, ""min_child_samples"": 10, ""n_estimators"": 200, ""num_leaves"": 7, ""reg_lambda"": 0.0, ""subsample"": 1.0}",2784.91712331482,931447206,3092052748,366720545
benchmark|strict6|stacking|4|9|All,stacking,449,AFP;Input;Output;Enquiry;File;Interface,"{""base_models"": [""tuned_random_forest"", ""tuned_extra_trees"", ""tuned_xgboost""], ""meta_learner"": ""LinearRegression"", ""stack_cv_seed"": 2508766461, ""stack_cv_splits"": 5}",,,2508766461,
scale_nested_et|strict6|Global|4|10|All,extra_trees,450,AFP;Input;Output;Enquiry;File;Interface,"{""bootstrap"": true, ""max_depth"": null, ""max_features"": 0.5, ""min_samples_leaf"": 1, ""min_samples_split"": 10, ""n_estimators"": 500}",2561.82014384533,2322050449,1665661527,3613656976
scale_nested_et|strict6|Global + MI|4|10|All,extra_trees,450,AFP;Input;Enquiry,"{""bootstrap"": true, ""max_depth"": 20, ""max_features"": 0.5, ""min_samples_leaf"": 1, ""min_samples_split"": 5, ""n_estimators"": 500}",2540.32281395749,693481698,1807976732,4106459774
scale_nested_et|strict6|Quantile|4|10|Small,extra_trees,152,AFP;Input;Output;Enquiry;File;Interface,"{""bootstrap"": true, ""max_depth"": 10, ""max_features"": 0.5, ""min_samples_leaf"": 4, ""min_samples_split"": 2, ""n_estimators"": 500}",709.673570705128,2363269525,2721811004,2452435894
scale_nested_et|strict6|Quantile|4|10|Medium,extra_trees,148,AFP;Input;Output;Enquiry;File;Interface,"{""bootstrap"": true, ""max_depth"": 10, ""max_features"": 0.5, ""min_samples_leaf"": 2, ""min_samples_split"": 2, ""n_estimators"": 500}",1589.25290856738,141683155,432003410,3573824757
scale_nested_et|strict6|Quantile|4|10|Large,extra_trees,150,AFP;Input;Output;Enquiry;File;Interface,"{""bootstrap"": true, ""max_depth"": 20, ""max_features"": 0.75, ""min_samples_leaf"": 2, ""min_samples_split"": 5, ""n_estimators"": 500}",5536.09595846346,2753105407,2446707757,2215165380
scale_nested_et|strict6|Quantile + MI|4|10|Small,extra_trees,152,AFP;Input;Enquiry,"{""bootstrap"": false, ""max_depth"": 10, ""max_features"": 1.0, ""min_samples_leaf"": 4, ""min_samples_split"": 10, ""n_estimators"": 300}",701.032977137755,1912971060,4195966512,454638833
scale_nested_et|strict6|Quantile + MI|4|10|Medium,extra_trees,148,AFP;Output;Interface,"{""bootstrap"": false, ""max_depth"": 10, ""max_features"": 0.5, ""min_samples_leaf"": 2, ""min_samples_split"": 10, ""n_estimators"": 500}",1632.85395571569,2620139331,4175482243,1832677311
scale_nested_et|strict6|Quantile + MI|4|10|Large,extra_trees,150,AFP;Input;Enquiry,"{""bootstrap"": false, ""max_depth"": null, ""max_features"": 1.0, ""min_samples_leaf"": 2, ""min_samples_split"": 10, ""n_estimators"": 300}",5412.97588937805,2344428167,3210154200,371535334
benchmark|strict6|random_forest|4|10|All,random_forest,450,AFP;Input;Output;Enquiry;File;Interface,"{""bootstrap"": true, ""max_depth"": 20, ""max_features"": 0.75, ""min_samples_leaf"": 8, ""min_samples_split"": 10, ""n_estimators"": 300}",2610.1977227242,1194387825,725579752,433402065
benchmark|strict6|xgboost|4|10|All,xgboost,450,AFP;Input;Output;Enquiry;File;Interface,"{""colsample_bytree"": 0.7, ""learning_rate"": 0.02, ""max_depth"": 3, ""min_child_weight"": 1, ""n_estimators"": 400, ""reg_alpha"": 0.0, ""reg_lambda"": 10.0, ""subsample"": 0.7}",2714.53017456055,3042521629,3941817944,1346551705
benchmark|strict6|lightgbm|4|10|All,lightgbm,450,AFP;Input;Output;Enquiry;File;Interface,"{""colsample_bytree"": 0.8, ""learning_rate"": 0.05, ""max_depth"": 10, ""min_child_samples"": 20, ""n_estimators"": 200, ""num_leaves"": 7, ""reg_lambda"": 0.0, ""subsample"": 0.8}",2740.56370179147,1904484138,2675152200,805820609
benchmark|strict6|stacking|4|10|All,stacking,450,AFP;Input;Output;Enquiry;File;Interface,"{""base_models"": [""tuned_random_forest"", ""tuned_extra_trees"", ""tuned_xgboost""], ""meta_learner"": ""LinearRegression"", ""stack_cv_seed"": 3109501721, ""stack_cv_splits"": 5}",,,3109501721,
scale_nested_et|strict6|Global|5|1|All,extra_trees,449,AFP;Input;Output;Enquiry;File;Interface,"{""bootstrap"": true, ""max_depth"": 10, ""max_features"": 1.0, ""min_samples_leaf"": 2, ""min_samples_split"": 5, ""n_estimators"": 300}",2640.65347268155,864396034,570575051,2565330266
scale_nested_et|strict6|Global + MI|5|1|All,extra_trees,449,AFP;Input;Enquiry,"{""bootstrap"": false, ""max_depth"": 20, ""max_features"": 1.0, ""min_samples_leaf"": 1, ""min_samples_split"": 10, ""n_estimators"": 300}",2615.6404717212,169944278,3101841423,168809757
scale_nested_et|strict6|Quantile|5|1|Small,extra_trees,152,AFP;Input;Output;Enquiry;File;Interface,"{""bootstrap"": true, ""max_depth"": null, ""max_features"": 0.75, ""min_samples_leaf"": 8, ""min_samples_split"": 10, ""n_estimators"": 300}",754.632617115565,4036816564,2231719114,2650272662
scale_nested_et|strict6|Quantile|5|1|Medium,extra_trees,147,AFP;Input;Output;Enquiry;File;Interface,"{""bootstrap"": true, ""max_depth"": 20, ""max_features"": 0.5, ""min_samples_leaf"": 4, ""min_samples_split"": 10, ""n_estimators"": 500}",1622.68300001653,4111152593,1605782238,1760204782
scale_nested_et|strict6|Quantile|5|1|Large,extra_trees,150,AFP;Input;Output;Enquiry;File;Interface,"{""bootstrap"": true, ""max_depth"": 10, ""max_features"": 0.75, ""min_samples_leaf"": 2, ""min_samples_split"": 10, ""n_estimators"": 300}",5490.11728001381,3634012869,1721005884,3219636916
scale_nested_et|strict6|Quantile + MI|5|1|Small,extra_trees,152,AFP;Input;Enquiry,"{""bootstrap"": true, ""max_depth"": 10, ""max_features"": 0.5, ""min_samples_leaf"": 1, ""min_samples_split"": 10, ""n_estimators"": 300}",737.625206397733,3466787981,1083080121,2812823656
scale_nested_et|strict6|Quantile + MI|5|1|Medium,extra_trees,147,AFP;Input;Output,"{""bootstrap"": true, ""max_depth"": 20, ""max_features"": 0.5, ""min_samples_leaf"": 4, ""min_samples_split"": 5, ""n_estimators"": 500}",1608.74639706178,2970735902,1702497011,602591861
scale_nested_et|strict6|Quantile + MI|5|1|Large,extra_trees,150,AFP;Input;Enquiry,"{""bootstrap"": false, ""max_depth"": null, ""max_features"": 1.0, ""min_samples_leaf"": 1, ""min_samples_split"": 10, ""n_estimators"": 300}",5616.90738470899,2502547839,3782170789,1731930461
benchmark|strict6|random_forest|5|1|All,random_forest,449,AFP;Input;Output;Enquiry;File;Interface,"{""bootstrap"": true, ""max_depth"": 10, ""max_features"": 0.5, ""min_samples_leaf"": 8, ""min_samples_split"": 2, ""n_estimators"": 300}",2637.21328321149,3239786520,1572093372,1328313922
benchmark|strict6|xgboost|5|1|All,xgboost,449,AFP;Input;Output;Enquiry;File;Interface,"{""colsample_bytree"": 0.7, ""learning_rate"": 0.02, ""max_depth"": 5, ""min_child_weight"": 5, ""n_estimators"": 400, ""reg_alpha"": 1.0, ""reg_lambda"": 5.0, ""subsample"": 0.7}",2835.87207213309,215418004,2248847958,1430765707
benchmark|strict6|lightgbm|5|1|All,lightgbm,449,AFP;Input;Output;Enquiry;File;Interface,"{""colsample_bytree"": 1.0, ""learning_rate"": 0.02, ""max_depth"": 5, ""min_child_samples"": 10, ""n_estimators"": 200, ""num_leaves"": 31, ""reg_lambda"": 0.0, ""subsample"": 1.0}",2761.52496522858,2140242707,4125212495,3274799331
benchmark|strict6|stacking|5|1|All,stacking,449,AFP;Input;Output;Enquiry;File;Interface,"{""base_models"": [""tuned_random_forest"", ""tuned_extra_trees"", ""tuned_xgboost""], ""meta_learner"": ""LinearRegression"", ""stack_cv_seed"": 339568440, ""stack_cv_splits"": 5}",,,339568440,
scale_nested_et|strict6|Global|5|2|All,extra_trees,449,AFP;Input;Output;Enquiry;File;Interface,"{""bootstrap"": true, ""max_depth"": 20, ""max_features"": 0.75, ""min_samples_leaf"": 4, ""min_samples_split"": 5, ""n_estimators"": 500}",2572.41347211548,2889745839,1207108960,3366709614
scale_nested_et|strict6|Global + MI|5|2|All,extra_trees,449,AFP;Input;Enquiry,"{""bootstrap"": true, ""max_depth"": 20, ""max_features"": 0.75, ""min_samples_leaf"": 2, ""min_samples_split"": 5, ""n_estimators"": 500}",2627.52085027831,719480937,3360751841,612740109
scale_nested_et|strict6|Quantile|5|2|Small,extra_trees,150,AFP;Input;Output;Enquiry;File;Interface,"{""bootstrap"": false, ""max_depth"": null, ""max_features"": 1.0, ""min_samples_leaf"": 4, ""min_samples_split"": 10, ""n_estimators"": 300}",827.924597898771,3534598756,2492529836,3362003706
scale_nested_et|strict6|Quantile|5|2|Medium,extra_trees,149,AFP;Input;Output;Enquiry;File;Interface,"{""bootstrap"": true, ""max_depth"": null, ""max_features"": 0.75, ""min_samples_leaf"": 2, ""min_samples_split"": 10, ""n_estimators"": 500}",1623.4680896454,4292656945,2951897585,1168302797
scale_nested_et|strict6|Quantile|5|2|Large,extra_trees,150,AFP;Input;Output;Enquiry;File;Interface,"{""bootstrap"": false, ""max_depth"": null, ""max_features"": 1.0, ""min_samples_leaf"": 4, ""min_samples_split"": 5, ""n_estimators"": 500}",5287.55758848801,3624345795,943882573,1415407927
scale_nested_et|strict6|Quantile + MI|5|2|Small,extra_trees,150,AFP;Input;Enquiry,"{""bootstrap"": true, ""max_depth"": null, ""max_features"": 0.5, ""min_samples_leaf"": 4, ""min_samples_split"": 10, ""n_estimators"": 300}",801.778957575843,957577103,3991643293,2784098291
scale_nested_et|strict6|Quantile + MI|5|2|Medium,extra_trees,149,AFP;Output;File,"{""bootstrap"": true, ""max_depth"": 10, ""max_features"": 0.5, ""min_samples_leaf"": 4, ""min_samples_split"": 2, ""n_estimators"": 300}",1592.02935829304,2105536680,1500528132,1728435259
scale_nested_et|strict6|Quantile + MI|5|2|Large,extra_trees,150,AFP;Input;Enquiry,"{""bootstrap"": true, ""max_depth"": 10, ""max_features"": 0.75, ""min_samples_leaf"": 1, ""min_samples_split"": 10, ""n_estimators"": 500}",5264.96155061218,2758669171,677103596,1394402404
benchmark|strict6|random_forest|5|2|All,random_forest,449,AFP;Input;Output;Enquiry;File;Interface,"{""bootstrap"": true, ""max_depth"": 10, ""max_features"": 0.75, ""min_samples_leaf"": 8, ""min_samples_split"": 5, ""n_estimators"": 300}",2568.03843467547,304926984,1133835301,2730571892
benchmark|strict6|xgboost|5|2|All,xgboost,449,AFP;Input;Output;Enquiry;File;Interface,"{""colsample_bytree"": 0.9, ""learning_rate"": 0.02, ""max_depth"": 2, ""min_child_weight"": 5, ""n_estimators"": 400, ""reg_alpha"": 1.0, ""reg_lambda"": 5.0, ""subsample"": 0.9}",2716.72545468961,526288119,1126813754,2991174625
benchmark|strict6|lightgbm|5|2|All,lightgbm,449,AFP;Input;Output;Enquiry;File;Interface,"{""colsample_bytree"": 0.8, ""learning_rate"": 0.02, ""max_depth"": 5, ""min_child_samples"": 10, ""n_estimators"": 200, ""num_leaves"": 31, ""reg_lambda"": 0.0, ""subsample"": 1.0}",2664.53188183862,1675027252,2528525292,2394075106
benchmark|strict6|stacking|5|2|All,stacking,449,AFP;Input;Output;Enquiry;File;Interface,"{""base_models"": [""tuned_random_forest"", ""tuned_extra_trees"", ""tuned_xgboost""], ""meta_learner"": ""LinearRegression"", ""stack_cv_seed"": 2864153708, ""stack_cv_splits"": 5}",,,2864153708,
scale_nested_et|strict6|Global|5|3|All,extra_trees,449,AFP;Input;Output;Enquiry;File;Interface,"{""bootstrap"": true, ""max_depth"": 10, ""max_features"": 1.0, ""min_samples_leaf"": 2, ""min_samples_split"": 10, ""n_estimators"": 300}",2656.54077880809,3445777096,406897352,1114353343
scale_nested_et|strict6|Global + MI|5|3|All,extra_trees,449,AFP;Input;Enquiry,"{""bootstrap"": false, ""max_depth"": 20, ""max_features"": 0.75, ""min_samples_leaf"": 1, ""min_samples_split"": 10, ""n_estimators"": 500}",2617.17383477054,1098514027,696025548,2514702659
scale_nested_et|strict6|Quantile|5|3|Small,extra_trees,150,AFP;Input;Output;Enquiry;File;Interface,"{""bootstrap"": true, ""max_depth"": 20, ""max_features"": 0.75, ""min_samples_leaf"": 4, ""min_samples_split"": 10, ""n_estimators"": 300}",772.986007888457,4072728943,1180731450,9591064
scale_nested_et|strict6|Quantile|5|3|Medium,extra_trees,149,AFP;Input;Output;Enquiry;File;Interface,"{""bootstrap"": false, ""max_depth"": 20, ""max_features"": 0.5, ""min_samples_leaf"": 8, ""min_samples_split"": 2, ""n_estimators"": 500}",1682.05606001126,1161296798,1460179244,1188608068
scale_nested_et|strict6|Quantile|5|3|Large,extra_trees,150,AFP;Input;Output;Enquiry;File;Interface,"{""bootstrap"": true, ""max_depth"": 20, ""max_features"": 1.0, ""min_samples_leaf"": 4, ""min_samples_split"": 2, ""n_estimators"": 300}",5546.14032808061,2739500048,2636512855,1547823960
scale_nested_et|strict6|Quantile + MI|5|3|Small,extra_trees,150,Input;Output;Enquiry,"{""bootstrap"": false, ""max_depth"": 20, ""max_features"": 0.5, ""min_samples_leaf"": 2, ""min_samples_split"": 10, ""n_estimators"": 300}",799.657484481298,804665423,1691680022,3947937833
scale_nested_et|strict6|Quantile + MI|5|3|Medium,extra_trees,149,AFP;Output;Interface,"{""bootstrap"": true, ""max_depth"": null, ""max_features"": 0.5, ""min_samples_leaf"": 4, ""min_samples_split"": 5, ""n_estimators"": 300}",1693.00358160882,2915573387,3845172,2925010367
scale_nested_et|strict6|Quantile + MI|5|3|Large,extra_trees,150,AFP;Input;Enquiry,"{""bootstrap"": true, ""max_depth"": 10, ""max_features"": 1.0, ""min_samples_leaf"": 2, ""min_samples_split"": 10, ""n_estimators"": 500}",5334.74775911566,395199450,3239507512,940614821
benchmark|strict6|random_forest|5|3|All,random_forest,449,AFP;Input;Output;Enquiry;File;Interface,"{""bootstrap"": true, ""max_depth"": null, ""max_features"": 0.5, ""min_samples_leaf"": 4, ""min_samples_split"": 10, ""n_estimators"": 500}",2794.03282322976,374634225,3820574129,1338130624
benchmark|strict6|xgboost|5|3|All,xgboost,449,AFP;Input;Output;Enquiry;File;Interface,"{""colsample_bytree"": 1.0, ""learning_rate"": 0.05, ""max_depth"": 3, ""min_child_weight"": 1, ""n_estimators"": 200, ""reg_alpha"": 0.1, ""reg_lambda"": 10.0, ""subsample"": 0.9}",2825.18008433775,2363934826,3978556443,3006170656
benchmark|strict6|lightgbm|5|3|All,lightgbm,449,AFP;Input;Output;Enquiry;File;Interface,"{""colsample_bytree"": 1.0, ""learning_rate"": 0.02, ""max_depth"": -1, ""min_child_samples"": 10, ""n_estimators"": 200, ""num_leaves"": 7, ""reg_lambda"": 5.0, ""subsample"": 0.8}",2696.85512145743,1196071869,4116906524,406745316
benchmark|strict6|stacking|5|3|All,stacking,449,AFP;Input;Output;Enquiry;File;Interface,"{""base_models"": [""tuned_random_forest"", ""tuned_extra_trees"", ""tuned_xgboost""], ""meta_learner"": ""LinearRegression"", ""stack_cv_seed"": 1306627608, ""stack_cv_splits"": 5}",,,1306627608,
scale_nested_et|strict6|Global|5|4|All,extra_trees,449,AFP;Input;Output;Enquiry;File;Interface,"{""bootstrap"": true, ""max_depth"": null, ""max_features"": 1.0, ""min_samples_leaf"": 2, ""min_samples_split"": 10, ""n_estimators"": 500}",2513.06376011042,647615694,639911999,27123744
scale_nested_et|strict6|Global + MI|5|4|All,extra_trees,449,AFP;Input;Enquiry,"{""bootstrap"": true, ""max_depth"": 10, ""max_features"": 1.0, ""min_samples_leaf"": 2, ""min_samples_split"": 5, ""n_estimators"": 500}",2551.32448373818,1989349317,2287180299,2636252104
scale_nested_et|strict6|Quantile|5|4|Small,extra_trees,152,AFP;Input;Output;Enquiry;File;Interface,"{""bootstrap"": false, ""max_depth"": 10, ""max_features"": 0.75, ""min_samples_leaf"": 8, ""min_samples_split"": 2, ""n_estimators"": 300}",791.241142662981,3263745545,1563532278,2488658305
scale_nested_et|strict6|Quantile|5|4|Medium,extra_trees,147,AFP;Input;Output;Enquiry;File;Interface,"{""bootstrap"": true, ""max_depth"": 20, ""max_features"": 1.0, ""min_samples_leaf"": 8, ""min_samples_split"": 10, ""n_estimators"": 500}",1724.02342370795,3394898891,3571292497,3007186340
scale_nested_et|strict6|Quantile|5|4|Large,extra_trees,150,AFP;Input;Output;Enquiry;File;Interface,"{""bootstrap"": true, ""max_depth"": 20, ""max_features"": 0.75, ""min_samples_leaf"": 2, ""min_samples_split"": 10, ""n_estimators"": 500}",5375.15852288852,2977064687,1100750809,2659296748
scale_nested_et|strict6|Quantile + MI|5|4|Small,extra_trees,152,AFP;Output;Enquiry,"{""bootstrap"": false, ""max_depth"": 20, ""max_features"": 1.0, ""min_samples_leaf"": 8, ""min_samples_split"": 5, ""n_estimators"": 300}",787.598987553153,3272941552,2043949727,3025811498
scale_nested_et|strict6|Quantile + MI|5|4|Medium,extra_trees,147,AFP;Output;Interface,"{""bootstrap"": true, ""max_depth"": 20, ""max_features"": 0.5, ""min_samples_leaf"": 2, ""min_samples_split"": 2, ""n_estimators"": 500}",1622.92552315982,2989648650,3607314968,3151905361
scale_nested_et|strict6|Quantile + MI|5|4|Large,extra_trees,150,AFP;Input;Enquiry,"{""bootstrap"": true, ""max_depth"": null, ""max_features"": 1.0, ""min_samples_leaf"": 1, ""min_samples_split"": 10, ""n_estimators"": 300}",5599.58399336997,1700959803,3030868318,1041947982
benchmark|strict6|random_forest|5|4|All,random_forest,449,AFP;Input;Output;Enquiry;File;Interface,"{""bootstrap"": true, ""max_depth"": null, ""max_features"": ""sqrt"", ""min_samples_leaf"": 8, ""min_samples_split"": 5, ""n_estimators"": 500}",2613.85750995476,1845226223,2106931340,2272182113
benchmark|strict6|xgboost|5|4|All,xgboost,449,AFP;Input;Output;Enquiry;File;Interface,"{""colsample_bytree"": 0.7, ""learning_rate"": 0.02, ""max_depth"": 3, ""min_child_weight"": 1, ""n_estimators"": 200, ""reg_alpha"": 1.0, ""reg_lambda"": 5.0, ""subsample"": 0.9}",2666.79550562416,532569043,1295321083,984162969
benchmark|strict6|lightgbm|5|4|All,lightgbm,449,AFP;Input;Output;Enquiry;File;Interface,"{""colsample_bytree"": 0.8, ""learning_rate"": 0.02, ""max_depth"": -1, ""min_child_samples"": 20, ""n_estimators"": 400, ""num_leaves"": 15, ""reg_lambda"": 0.0, ""subsample"": 0.8}",2795.19311487967,1292974984,2517311458,954969674
benchmark|strict6|stacking|5|4|All,stacking,449,AFP;Input;Output;Enquiry;File;Interface,"{""base_models"": [""tuned_random_forest"", ""tuned_extra_trees"", ""tuned_xgboost""], ""meta_learner"": ""LinearRegression"", ""stack_cv_seed"": 4224467439, ""stack_cv_splits"": 5}",,,4224467439,
scale_nested_et|strict6|Global|5|5|All,extra_trees,449,AFP;Input;Output;Enquiry;File;Interface,"{""bootstrap"": true, ""max_depth"": 10, ""max_features"": 1.0, ""min_samples_leaf"": 1, ""min_samples_split"": 2, ""n_estimators"": 300}",2726.88663883988,3202982155,4226501919,1125540028
scale_nested_et|strict6|Global + MI|5|5|All,extra_trees,449,AFP;Input;Enquiry,"{""bootstrap"": true, ""max_depth"": 10, ""max_features"": 1.0, ""min_samples_leaf"": 2, ""min_samples_split"": 10, ""n_estimators"": 500}",2627.41742492099,562330462,2957280515,1089882776
scale_nested_et|strict6|Quantile|5|5|Small,extra_trees,151,AFP;Input;Output;Enquiry;File;Interface,"{""bootstrap"": true, ""max_depth"": null, ""max_features"": 1.0, ""min_samples_leaf"": 8, ""min_samples_split"": 2, ""n_estimators"": 300}",792.028639090039,1798080499,1993152988,3060122398
scale_nested_et|strict6|Quantile|5|5|Medium,extra_trees,148,AFP;Input;Output;Enquiry;File;Interface,"{""bootstrap"": true, ""max_depth"": null, ""max_features"": 0.75, ""min_samples_leaf"": 8, ""min_samples_split"": 5, ""n_estimators"": 500}",1592.48305463645,1653256441,4163745639,1617359427
scale_nested_et|strict6|Quantile|5|5|Large,extra_trees,150,AFP;Input;Output;Enquiry;File;Interface,"{""bootstrap"": true, ""max_depth"": 10, ""max_features"": 0.5, ""min_samples_leaf"": 2, ""min_samples_split"": 5, ""n_estimators"": 300}",5684.11140218857,3580339370,2357818564,3613056898
scale_nested_et|strict6|Quantile + MI|5|5|Small,extra_trees,151,AFP;Output;Enquiry,"{""bootstrap"": false, ""max_depth"": 10, ""max_features"": 1.0, ""min_samples_leaf"": 4, ""min_samples_split"": 2, ""n_estimators"": 500}",790.330444478952,3007990723,319681535,604891560
scale_nested_et|strict6|Quantile + MI|5|5|Medium,extra_trees,148,Output;File;Interface,"{""bootstrap"": false, ""max_depth"": 20, ""max_features"": 0.5, ""min_samples_leaf"": 1, ""min_samples_split"": 5, ""n_estimators"": 300}",1615.00881840514,2776461810,2596599813,3514359741
scale_nested_et|strict6|Quantile + MI|5|5|Large,extra_trees,150,AFP;Input;Enquiry,"{""bootstrap"": true, ""max_depth"": 10, ""max_features"": 0.5, ""min_samples_leaf"": 1, ""min_samples_split"": 5, ""n_estimators"": 500}",5416.20443182303,1938019942,919581236,4053844309
benchmark|strict6|random_forest|5|5|All,random_forest,449,AFP;Input;Output;Enquiry;File;Interface,"{""bootstrap"": true, ""max_depth"": 20, ""max_features"": 0.75, ""min_samples_leaf"": 8, ""min_samples_split"": 10, ""n_estimators"": 300}",2610.82532349292,2192961495,3613052326,4251923556
benchmark|strict6|xgboost|5|5|All,xgboost,449,AFP;Input;Output;Enquiry;File;Interface,"{""colsample_bytree"": 0.7, ""learning_rate"": 0.02, ""max_depth"": 3, ""min_child_weight"": 3, ""n_estimators"": 200, ""reg_alpha"": 0.0, ""reg_lambda"": 10.0, ""subsample"": 0.9}",2849.71650522253,527945046,2835675812,396579558
benchmark|strict6|lightgbm|5|5|All,lightgbm,449,AFP;Input;Output;Enquiry;File;Interface,"{""colsample_bytree"": 1.0, ""learning_rate"": 0.05, ""max_depth"": -1, ""min_child_samples"": 20, ""n_estimators"": 200, ""num_leaves"": 31, ""reg_lambda"": 0.0, ""subsample"": 0.8}",2858.97454548245,4186958776,2169345418,2476567348
benchmark|strict6|stacking|5|5|All,stacking,449,AFP;Input;Output;Enquiry;File;Interface,"{""base_models"": [""tuned_random_forest"", ""tuned_extra_trees"", ""tuned_xgboost""], ""meta_learner"": ""LinearRegression"", ""stack_cv_seed"": 4201655090, ""stack_cv_splits"": 5}",,,4201655090,
scale_nested_et|strict6|Global|5|6|All,extra_trees,449,AFP;Input;Output;Enquiry;File;Interface,"{""bootstrap"": true, ""max_depth"": null, ""max_features"": 1.0, ""min_samples_leaf"": 4, ""min_samples_split"": 10, ""n_estimators"": 500}",2638.56957923791,3081446198,3423030714,2175335933
scale_nested_et|strict6|Global + MI|5|6|All,extra_trees,449,AFP;Input;Enquiry,"{""bootstrap"": true, ""max_depth"": 10, ""max_features"": 1.0, ""min_samples_leaf"": 4, ""min_samples_split"": 2, ""n_estimators"": 500}",2697.40255496117,2997220129,1485428891,3360241081
scale_nested_et|strict6|Quantile|5|6|Small,extra_trees,152,AFP;Input;Output;Enquiry;File;Interface,"{""bootstrap"": true, ""max_depth"": null, ""max_features"": 0.75, ""min_samples_leaf"": 4, ""min_samples_split"": 10, ""n_estimators"": 500}",798.924252692293,3317509691,2436481974,3708124041
scale_nested_et|strict6|Quantile|5|6|Medium,extra_trees,147,AFP;Input;Output;Enquiry;File;Interface,"{""bootstrap"": false, ""max_depth"": null, ""max_features"": 1.0, ""min_samples_leaf"": 8, ""min_samples_split"": 2, ""n_estimators"": 300}",1586.00339525835,4260571456,418315887,2127796233
scale_nested_et|strict6|Quantile|5|6|Large,extra_trees,150,AFP;Input;Output;Enquiry;File;Interface,"{""bootstrap"": true, ""max_depth"": null, ""max_features"": 1.0, ""min_samples_leaf"": 4, ""min_samples_split"": 2, ""n_estimators"": 300}",5465.26543296586,926092919,4006507745,2752975517
scale_nested_et|strict6|Quantile + MI|5|6|Small,extra_trees,152,AFP;Input;Enquiry,"{""bootstrap"": true, ""max_depth"": 10, ""max_features"": 1.0, ""min_samples_leaf"": 8, ""min_samples_split"": 2, ""n_estimators"": 500}",801.234410512119,2948085247,1552342687,3027721864
scale_nested_et|strict6|Quantile + MI|5|6|Medium,extra_trees,147,AFP;Input;Output,"{""bootstrap"": true, ""max_depth"": 20, ""max_features"": 0.75, ""min_samples_leaf"": 2, ""min_samples_split"": 10, ""n_estimators"": 500}",1589.44324950791,3719643364,309391149,3450849950
scale_nested_et|strict6|Quantile + MI|5|6|Large,extra_trees,150,AFP;Input;Enquiry,"{""bootstrap"": true, ""max_depth"": 10, ""max_features"": 0.5, ""min_samples_leaf"": 1, ""min_samples_split"": 10, ""n_estimators"": 300}",5409.26610470409,4163829987,3857502159,3645359190
benchmark|strict6|random_forest|5|6|All,random_forest,449,AFP;Input;Output;Enquiry;File;Interface,"{""bootstrap"": true, ""max_depth"": 20, ""max_features"": ""sqrt"", ""min_samples_leaf"": 1, ""min_samples_split"": 10, ""n_estimators"": 300}",2635.54184265426,622789757,996409051,905303107
benchmark|strict6|xgboost|5|6|All,xgboost,449,AFP;Input;Output;Enquiry;File;Interface,"{""colsample_bytree"": 0.9, ""learning_rate"": 0.05, ""max_depth"": 3, ""min_child_weight"": 3, ""n_estimators"": 200, ""reg_alpha"": 0.1, ""reg_lambda"": 10.0, ""subsample"": 0.7}",2668.64342415874,356513435,2778668289,3655635939
benchmark|strict6|lightgbm|5|6|All,lightgbm,449,AFP;Input;Output;Enquiry;File;Interface,"{""colsample_bytree"": 1.0, ""learning_rate"": 0.02, ""max_depth"": -1, ""min_child_samples"": 20, ""n_estimators"": 200, ""num_leaves"": 31, ""reg_lambda"": 5.0, ""subsample"": 0.8}",2688.87120115502,868958805,2698262031,1138217437
benchmark|strict6|stacking|5|6|All,stacking,449,AFP;Input;Output;Enquiry;File;Interface,"{""base_models"": [""tuned_random_forest"", ""tuned_extra_trees"", ""tuned_xgboost""], ""meta_learner"": ""LinearRegression"", ""stack_cv_seed"": 1252430780, ""stack_cv_splits"": 5}",,,1252430780,
scale_nested_et|strict6|Global|5|7|All,extra_trees,449,AFP;Input;Output;Enquiry;File;Interface,"{""bootstrap"": true, ""max_depth"": null, ""max_features"": 0.75, ""min_samples_leaf"": 1, ""min_samples_split"": 10, ""n_estimators"": 500}",2594.01840825949,646511428,677796409,2897283201
scale_nested_et|strict6|Global + MI|5|7|All,extra_trees,449,AFP;Input;File,"{""bootstrap"": false, ""max_depth"": 10, ""max_features"": 1.0, ""min_samples_leaf"": 2, ""min_samples_split"": 10, ""n_estimators"": 300}",2653.49261785201,1421320504,1573796620,2617892706
scale_nested_et|strict6|Quantile|5|7|Small,extra_trees,150,AFP;Input;Output;Enquiry;File;Interface,"{""bootstrap"": false, ""max_depth"": 10, ""max_features"": 0.5, ""min_samples_leaf"": 8, ""min_samples_split"": 2, ""n_estimators"": 300}",793.590745873849,2388182546,2977448060,4087109312
scale_nested_et|strict6|Quantile|5|7|Medium,extra_trees,149,AFP;Input;Output;Enquiry;File;Interface,"{""bootstrap"": false, ""max_depth"": 20, ""max_features"": 1.0, ""min_samples_leaf"": 4, ""min_samples_split"": 5, ""n_estimators"": 300}",1597.57964018016,2320802842,4051761337,1307014118
scale_nested_et|strict6|Quantile|5|7|Large,extra_trees,150,AFP;Input;Output;Enquiry;File;Interface,"{""bootstrap"": true, ""max_depth"": 10, ""max_features"": 0.5, ""min_samples_leaf"": 2, ""min_samples_split"": 5, ""n_estimators"": 500}",5521.37255584461,3566119914,3538708335,2394409999
scale_nested_et|strict6|Quantile + MI|5|7|Small,extra_trees,150,AFP;Input;Enquiry,"{""bootstrap"": false, ""max_depth"": 20, ""max_features"": 0.5, ""min_samples_leaf"": 1, ""min_samples_split"": 5, ""n_estimators"": 300}",761.127918518519,3365891383,3160759252,1491896125
scale_nested_et|strict6|Quantile + MI|5|7|Medium,extra_trees,149,AFP;Output;Interface,"{""bootstrap"": false, ""max_depth"": null, ""max_features"": 0.75, ""min_samples_leaf"": 4, ""min_samples_split"": 5, ""n_estimators"": 300}",1622.90417182504,1068091173,2766459011,2585708986
scale_nested_et|strict6|Quantile + MI|5|7|Large,extra_trees,150,AFP;Input;Enquiry,"{""bootstrap"": false, ""max_depth"": 10, ""max_features"": 0.5, ""min_samples_leaf"": 1, ""min_samples_split"": 5, ""n_estimators"": 500}",5370.65849991633,1601612682,2070621902,1896563497
benchmark|strict6|random_forest|5|7|All,random_forest,449,AFP;Input;Output;Enquiry;File;Interface,"{""bootstrap"": true, ""max_depth"": null, ""max_features"": 0.5, ""min_samples_leaf"": 8, ""min_samples_split"": 10, ""n_estimators"": 500}",2666.54630320098,3540524178,1490788757,3151410936
benchmark|strict6|xgboost|5|7|All,xgboost,449,AFP;Input;Output;Enquiry;File;Interface,"{""colsample_bytree"": 0.7, ""learning_rate"": 0.02, ""max_depth"": 3, ""min_child_weight"": 1, ""n_estimators"": 200, ""reg_alpha"": 1.0, ""reg_lambda"": 10.0, ""subsample"": 1.0}",2766.27398844492,25777908,2379393490,1878080578
benchmark|strict6|lightgbm|5|7|All,lightgbm,449,AFP;Input;Output;Enquiry;File;Interface,"{""colsample_bytree"": 0.8, ""learning_rate"": 0.02, ""max_depth"": 10, ""min_child_samples"": 20, ""n_estimators"": 400, ""num_leaves"": 7, ""reg_lambda"": 5.0, ""subsample"": 0.8}",2803.35839313637,3758573492,2652172862,2083501945
benchmark|strict6|stacking|5|7|All,stacking,449,AFP;Input;Output;Enquiry;File;Interface,"{""base_models"": [""tuned_random_forest"", ""tuned_extra_trees"", ""tuned_xgboost""], ""meta_learner"": ""LinearRegression"", ""stack_cv_seed"": 2084131815, ""stack_cv_splits"": 5}",,,2084131815,
scale_nested_et|strict6|Global|5|8|All,extra_trees,449,AFP;Input;Output;Enquiry;File;Interface,"{""bootstrap"": false, ""max_depth"": null, ""max_features"": 0.75, ""min_samples_leaf"": 1, ""min_samples_split"": 10, ""n_estimators"": 300}",2784.45665059661,2746794286,941541509,224624765
scale_nested_et|strict6|Global + MI|5|8|All,extra_trees,449,AFP;Input;Enquiry,"{""bootstrap"": false, ""max_depth"": 10, ""max_features"": 1.0, ""min_samples_leaf"": 2, ""min_samples_split"": 10, ""n_estimators"": 500}",2685.33990289741,475443063,3215339521,216945127
scale_nested_et|strict6|Quantile|5|8|Small,extra_trees,153,AFP;Input;Output;Enquiry;File;Interface,"{""bootstrap"": false, ""max_depth"": 20, ""max_features"": 0.5, ""min_samples_leaf"": 4, ""min_samples_split"": 10, ""n_estimators"": 300}",771.743156592269,2266066243,1952039746,1076299829
scale_nested_et|strict6|Quantile|5|8|Medium,extra_trees,146,AFP;Input;Output;Enquiry;File;Interface,"{""bootstrap"": false, ""max_depth"": null, ""max_features"": 0.75, ""min_samples_leaf"": 4, ""min_samples_split"": 10, ""n_estimators"": 500}",1567.05495631714,342356576,2136264196,2751558043
scale_nested_et|strict6|Quantile|5|8|Large,extra_trees,150,AFP;Input;Output;Enquiry;File;Interface,"{""bootstrap"": false, ""max_depth"": null, ""max_features"": 1.0, ""min_samples_leaf"": 4, ""min_samples_split"": 10, ""n_estimators"": 500}",5672.66709670734,815198292,3523167690,2611754657
scale_nested_et|strict6|Quantile + MI|5|8|Small,extra_trees,153,AFP;Input;Enquiry,"{""bootstrap"": true, ""max_depth"": null, ""max_features"": 0.5, ""min_samples_leaf"": 2, ""min_samples_split"": 5, ""n_estimators"": 300}",784.356244144236,1136209657,1541031042,2779003938
scale_nested_et|strict6|Quantile + MI|5|8|Medium,extra_trees,146,AFP;Output;File,"{""bootstrap"": true, ""max_depth"": 10, ""max_features"": 0.5, ""min_samples_leaf"": 4, ""min_samples_split"": 5, ""n_estimators"": 300}",1608.92485717564,3302388679,2693207207,881703697
scale_nested_et|strict6|Quantile + MI|5|8|Large,extra_trees,150,AFP;Input;Enquiry,"{""bootstrap"": true, ""max_depth"": 10, ""max_features"": 0.75, ""min_samples_leaf"": 2, ""min_samples_split"": 5, ""n_estimators"": 500}",5785.65348730368,3411781711,3515131882,4188338410
benchmark|strict6|random_forest|5|8|All,random_forest,449,AFP;Input;Output;Enquiry;File;Interface,"{""bootstrap"": true, ""max_depth"": null, ""max_features"": 0.5, ""min_samples_leaf"": 8, ""min_samples_split"": 10, ""n_estimators"": 500}",2872.38478683549,522574943,3294656143,1728534167
benchmark|strict6|xgboost|5|8|All,xgboost,449,AFP;Input;Output;Enquiry;File;Interface,"{""colsample_bytree"": 1.0, ""learning_rate"": 0.02, ""max_depth"": 3, ""min_child_weight"": 3, ""n_estimators"": 200, ""reg_alpha"": 0.1, ""reg_lambda"": 1.0, ""subsample"": 0.7}",2942.44132265414,522446606,3021043680,1503842144
benchmark|strict6|lightgbm|5|8|All,lightgbm,449,AFP;Input;Output;Enquiry;File;Interface,"{""colsample_bytree"": 1.0, ""learning_rate"": 0.02, ""max_depth"": 10, ""min_child_samples"": 20, ""n_estimators"": 200, ""num_leaves"": 15, ""reg_lambda"": 1.0, ""subsample"": 0.8}",2868.16484055349,4171883917,2869551078,3789910675
benchmark|strict6|stacking|5|8|All,stacking,449,AFP;Input;Output;Enquiry;File;Interface,"{""base_models"": [""tuned_random_forest"", ""tuned_extra_trees"", ""tuned_xgboost""], ""meta_learner"": ""LinearRegression"", ""stack_cv_seed"": 4145985923, ""stack_cv_splits"": 5}",,,4145985923,
scale_nested_et|strict6|Global|5|9|All,extra_trees,449,AFP;Input;Output;Enquiry;File;Interface,"{""bootstrap"": false, ""max_depth"": 10, ""max_features"": 0.75, ""min_samples_leaf"": 4, ""min_samples_split"": 2, ""n_estimators"": 300}",2654.87605075883,223112235,2103617967,4265277455
scale_nested_et|strict6|Global + MI|5|9|All,extra_trees,449,AFP;Input;Enquiry,"{""bootstrap"": true, ""max_depth"": null, ""max_features"": 1.0, ""min_samples_leaf"": 1, ""min_samples_split"": 10, ""n_estimators"": 300}",2603.52788486926,3520215914,497362062,3389575219
scale_nested_et|strict6|Quantile|5|9|Small,extra_trees,151,AFP;Input;Output;Enquiry;File;Interface,"{""bootstrap"": false, ""max_depth"": null, ""max_features"": 0.5, ""min_samples_leaf"": 4, ""min_samples_split"": 10, ""n_estimators"": 300}",812.466765148237,3736039634,4074015459,913694359
scale_nested_et|strict6|Quantile|5|9|Medium,extra_trees,148,AFP;Input;Output;Enquiry;File;Interface,"{""bootstrap"": true, ""max_depth"": 20, ""max_features"": 0.5, ""min_samples_leaf"": 4, ""min_samples_split"": 2, ""n_estimators"": 500}",1672.82507612897,315572937,136710056,3902455048
scale_nested_et|strict6|Quantile|5|9|Large,extra_trees,150,AFP;Input;Output;Enquiry;File;Interface,"{""bootstrap"": true, ""max_depth"": 10, ""max_features"": 1.0, ""min_samples_leaf"": 2, ""min_samples_split"": 10, ""n_estimators"": 500}",5435.30312993118,780523023,2340298238,3607186401
scale_nested_et|strict6|Quantile + MI|5|9|Small,extra_trees,151,AFP;Input;Enquiry,"{""bootstrap"": true, ""max_depth"": 10, ""max_features"": 0.75, ""min_samples_leaf"": 2, ""min_samples_split"": 5, ""n_estimators"": 300}",813.42913849122,1169157827,3178182027,823222750
scale_nested_et|strict6|Quantile + MI|5|9|Medium,extra_trees,148,AFP;Input;Output,"{""bootstrap"": false, ""max_depth"": 10, ""max_features"": 1.0, ""min_samples_leaf"": 4, ""min_samples_split"": 5, ""n_estimators"": 500}",1616.89175879541,2426962244,2488696161,1773092876
scale_nested_et|strict6|Quantile + MI|5|9|Large,extra_trees,150,AFP;Input;Enquiry,"{""bootstrap"": true, ""max_depth"": null, ""max_features"": 1.0, ""min_samples_leaf"": 1, ""min_samples_split"": 10, ""n_estimators"": 300}",5189.64624277019,3826179284,3547333025,529739453
benchmark|strict6|random_forest|5|9|All,random_forest,449,AFP;Input;Output;Enquiry;File;Interface,"{""bootstrap"": true, ""max_depth"": 10, ""max_features"": ""sqrt"", ""min_samples_leaf"": 8, ""min_samples_split"": 5, ""n_estimators"": 300}",2601.84370785748,151954924,964688910,4085545968
benchmark|strict6|xgboost|5|9|All,xgboost,449,AFP;Input;Output;Enquiry;File;Interface,"{""colsample_bytree"": 0.7, ""learning_rate"": 0.02, ""max_depth"": 3, ""min_child_weight"": 1, ""n_estimators"": 200, ""reg_alpha"": 1.0, ""reg_lambda"": 5.0, ""subsample"": 1.0}",2676.79038020123,569601157,3613248147,2102310981
benchmark|strict6|lightgbm|5|9|All,lightgbm,449,AFP;Input;Output;Enquiry;File;Interface,"{""colsample_bytree"": 0.8, ""learning_rate"": 0.02, ""max_depth"": -1, ""min_child_samples"": 10, ""n_estimators"": 200, ""num_leaves"": 7, ""reg_lambda"": 5.0, ""subsample"": 1.0}",2716.47101840457,942427647,4280632495,3795885448
benchmark|strict6|stacking|5|9|All,stacking,449,AFP;Input;Output;Enquiry;File;Interface,"{""base_models"": [""tuned_random_forest"", ""tuned_extra_trees"", ""tuned_xgboost""], ""meta_learner"": ""LinearRegression"", ""stack_cv_seed"": 2346600420, ""stack_cv_splits"": 5}",,,2346600420,
scale_nested_et|strict6|Global|5|10|All,extra_trees,450,AFP;Input;Output;Enquiry;File;Interface,"{""bootstrap"": true, ""max_depth"": 20, ""max_features"": 1.0, ""min_samples_leaf"": 1, ""min_samples_split"": 5, ""n_estimators"": 500}",2762.70429744717,3982717277,1157383357,2246165761
scale_nested_et|strict6|Global + MI|5|10|All,extra_trees,450,AFP;Input;Enquiry,"{""bootstrap"": true, ""max_depth"": 10, ""max_features"": 1.0, ""min_samples_leaf"": 4, ""min_samples_split"": 5, ""n_estimators"": 300}",2817.13001459267,3040516819,379653830,3459323371
scale_nested_et|strict6|Quantile|5|10|Small,extra_trees,152,AFP;Input;Output;Enquiry;File;Interface,"{""bootstrap"": false, ""max_depth"": null, ""max_features"": 0.75, ""min_samples_leaf"": 8, ""min_samples_split"": 10, ""n_estimators"": 500}",773.608311902904,4289675342,152301341,326081200
scale_nested_et|strict6|Quantile|5|10|Medium,extra_trees,148,AFP;Input;Output;Enquiry;File;Interface,"{""bootstrap"": true, ""max_depth"": 10, ""max_features"": 0.5, ""min_samples_leaf"": 8, ""min_samples_split"": 5, ""n_estimators"": 500}",1631.26616566263,116227985,665838527,2807286440
scale_nested_et|strict6|Quantile|5|10|Large,extra_trees,150,AFP;Input;Output;Enquiry;File;Interface,"{""bootstrap"": false, ""max_depth"": 20, ""max_features"": 0.75, ""min_samples_leaf"": 2, ""min_samples_split"": 10, ""n_estimators"": 500}",5783.12086090665,940725339,600343637,3710300777
scale_nested_et|strict6|Quantile + MI|5|10|Small,extra_trees,152,AFP;Input;Enquiry,"{""bootstrap"": true, ""max_depth"": 10, ""max_features"": 1.0, ""min_samples_leaf"": 8, ""min_samples_split"": 5, ""n_estimators"": 500}",768.25599047201,2878918812,2239831227,3438259319
scale_nested_et|strict6|Quantile + MI|5|10|Medium,extra_trees,148,AFP;Output;File,"{""bootstrap"": false, ""max_depth"": 10, ""max_features"": 0.5, ""min_samples_leaf"": 4, ""min_samples_split"": 2, ""n_estimators"": 300}",1624.20637032426,2403424210,3830883222,1517090668
scale_nested_et|strict6|Quantile + MI|5|10|Large,extra_trees,150,AFP;Input;Enquiry,"{""bootstrap"": true, ""max_depth"": 20, ""max_features"": 0.5, ""min_samples_leaf"": 1, ""min_samples_split"": 5, ""n_estimators"": 500}",5670.37305102997,1561195878,2629057716,1900713094
benchmark|strict6|random_forest|5|10|All,random_forest,450,AFP;Input;Output;Enquiry;File;Interface,"{""bootstrap"": true, ""max_depth"": 20, ""max_features"": ""sqrt"", ""min_samples_leaf"": 2, ""min_samples_split"": 10, ""n_estimators"": 500}",2834.0782535449,139857264,854661035,1852602941
benchmark|strict6|xgboost|5|10|All,xgboost,450,AFP;Input;Output;Enquiry;File;Interface,"{""colsample_bytree"": 1.0, ""learning_rate"": 0.02, ""max_depth"": 3, ""min_child_weight"": 1, ""n_estimators"": 200, ""reg_alpha"": 0.1, ""reg_lambda"": 5.0, ""subsample"": 0.9}",2863.84219156901,2237219387,3203542495,3881244970
benchmark|strict6|lightgbm|5|10|All,lightgbm,450,AFP;Input;Output;Enquiry;File;Interface,"{""colsample_bytree"": 0.8, ""learning_rate"": 0.1, ""max_depth"": -1, ""min_child_samples"": 20, ""n_estimators"": 200, ""num_leaves"": 31, ""reg_lambda"": 0.0, ""subsample"": 0.8}",3073.58142722208,2895378074,1603537635,2776388920
benchmark|strict6|stacking|5|10|All,stacking,450,AFP;Input;Output;Enquiry;File;Interface,"{""base_models"": [""tuned_random_forest"", ""tuned_extra_trees"", ""tuned_xgboost""], ""meta_learner"": ""LinearRegression"", ""stack_cv_seed"": 1169719312, ""stack_cv_splits"": 5}",,,1169719312,
scale_fixed_et_sensitivity|strict6|Global|1|1|All,fixed_extra_trees,449,AFP;Input;Output;Enquiry;File;Interface,"{""bootstrap"": false, ""criterion"": ""squared_error"", ""max_features"": 1.0, ""min_samples_leaf"": 2, ""n_estimators"": 500}",,2100288615,,
scale_fixed_et_sensitivity|strict6|Global + MI|1|1|All,fixed_extra_trees,449,AFP;Input;Enquiry,"{""bootstrap"": false, ""criterion"": ""squared_error"", ""max_features"": 1.0, ""min_samples_leaf"": 2, ""n_estimators"": 500}",,3520217946,,
scale_fixed_et_sensitivity|strict6|Quantile|1|1|Small,fixed_extra_trees,152,AFP;Input;Output;Enquiry;File;Interface,"{""bootstrap"": false, ""criterion"": ""squared_error"", ""max_features"": 1.0, ""min_samples_leaf"": 2, ""n_estimators"": 500}",,2726405416,,
scale_fixed_et_sensitivity|strict6|Quantile|1|1|Medium,fixed_extra_trees,147,AFP;Input;Output;Enquiry;File;Interface,"{""bootstrap"": false, ""criterion"": ""squared_error"", ""max_features"": 1.0, ""min_samples_leaf"": 2, ""n_estimators"": 500}",,1940000642,,
scale_fixed_et_sensitivity|strict6|Quantile|1|1|Large,fixed_extra_trees,150,AFP;Input;Output;Enquiry;File;Interface,"{""bootstrap"": false, ""criterion"": ""squared_error"", ""max_features"": 1.0, ""min_samples_leaf"": 2, ""n_estimators"": 500}",,1739660573,,
scale_fixed_et_sensitivity|strict6|Quantile + MI|1|1|Small,fixed_extra_trees,152,AFP;Enquiry;Interface,"{""bootstrap"": false, ""criterion"": ""squared_error"", ""max_features"": 1.0, ""min_samples_leaf"": 2, ""n_estimators"": 500}",,1013354755,,
scale_fixed_et_sensitivity|strict6|Quantile + MI|1|1|Medium,fixed_extra_trees,147,Output;File;Interface,"{""bootstrap"": false, ""criterion"": ""squared_error"", ""max_features"": 1.0, ""min_samples_leaf"": 2, ""n_estimators"": 500}",,125464745,,
scale_fixed_et_sensitivity|strict6|Quantile + MI|1|1|Large,fixed_extra_trees,150,AFP;Input;Enquiry,"{""bootstrap"": false, ""criterion"": ""squared_error"", ""max_features"": 1.0, ""min_samples_leaf"": 2, ""n_estimators"": 500}",,3696103122,,
scale_fixed_et_sensitivity|strict6|Global|1|2|All,fixed_extra_trees,449,AFP;Input;Output;Enquiry;File;Interface,"{""bootstrap"": false, ""criterion"": ""squared_error"", ""max_features"": 1.0, ""min_samples_leaf"": 2, ""n_estimators"": 500}",,4281645408,,
scale_fixed_et_sensitivity|strict6|Global + MI|1|2|All,fixed_extra_trees,449,AFP;Input;Enquiry,"{""bootstrap"": false, ""criterion"": ""squared_error"", ""max_features"": 1.0, ""min_samples_leaf"": 2, ""n_estimators"": 500}",,2756708087,,
scale_fixed_et_sensitivity|strict6|Quantile|1|2|Small,fixed_extra_trees,150,AFP;Input;Output;Enquiry;File;Interface,"{""bootstrap"": false, ""criterion"": ""squared_error"", ""max_features"": 1.0, ""min_samples_leaf"": 2, ""n_estimators"": 500}",,1691880798,,
scale_fixed_et_sensitivity|strict6|Quantile|1|2|Medium,fixed_extra_trees,149,AFP;Input;Output;Enquiry;File;Interface,"{""bootstrap"": false, ""criterion"": ""squared_error"", ""max_features"": 1.0, ""min_samples_leaf"": 2, ""n_estimators"": 500}",,1532516553,,
scale_fixed_et_sensitivity|strict6|Quantile|1|2|Large,fixed_extra_trees,150,AFP;Input;Output;Enquiry;File;Interface,"{""bootstrap"": false, ""criterion"": ""squared_error"", ""max_features"": 1.0, ""min_samples_leaf"": 2, ""n_estimators"": 500}",,2872185412,,
scale_fixed_et_sensitivity|strict6|Quantile + MI|1|2|Small,fixed_extra_trees,150,AFP;Output;Enquiry,"{""bootstrap"": false, ""criterion"": ""squared_error"", ""max_features"": 1.0, ""min_samples_leaf"": 2, ""n_estimators"": 500}",,717251463,,
scale_fixed_et_sensitivity|strict6|Quantile + MI|1|2|Medium,fixed_extra_trees,149,AFP;Input;Output,"{""bootstrap"": false, ""criterion"": ""squared_error"", ""max_features"": 1.0, ""min_samples_leaf"": 2, ""n_estimators"": 500}",,493718933,,
scale_fixed_et_sensitivity|strict6|Quantile + MI|1|2|Large,fixed_extra_trees,150,AFP;Input;Enquiry,"{""bootstrap"": false, ""criterion"": ""squared_error"", ""max_features"": 1.0, ""min_samples_leaf"": 2, ""n_estimators"": 500}",,1519923264,,
scale_fixed_et_sensitivity|strict6|Global|1|3|All,fixed_extra_trees,449,AFP;Input;Output;Enquiry;File;Interface,"{""bootstrap"": false, ""criterion"": ""squared_error"", ""max_features"": 1.0, ""min_samples_leaf"": 2, ""n_estimators"": 500}",,4176169776,,
scale_fixed_et_sensitivity|strict6|Global + MI|1|3|All,fixed_extra_trees,449,AFP;Input;Enquiry,"{""bootstrap"": false, ""criterion"": ""squared_error"", ""max_features"": 1.0, ""min_samples_leaf"": 2, ""n_estimators"": 500}",,4085715902,,
scale_fixed_et_sensitivity|strict6|Quantile|1|3|Small,fixed_extra_trees,150,AFP;Input;Output;Enquiry;File;Interface,"{""bootstrap"": false, ""criterion"": ""squared_error"", ""max_features"": 1.0, ""min_samples_leaf"": 2, ""n_estimators"": 500}",,4269788060,,
scale_fixed_et_sensitivity|strict6|Quantile|1|3|Medium,fixed_extra_trees,149,AFP;Input;Output;Enquiry;File;Interface,"{""bootstrap"": false, ""criterion"": ""squared_error"", ""max_features"": 1.0, ""min_samples_leaf"": 2, ""n_estimators"": 500}",,723977805,,
scale_fixed_et_sensitivity|strict6|Quantile|1|3|Large,fixed_extra_trees,150,AFP;Input;Output;Enquiry;File;Interface,"{""bootstrap"": false, ""criterion"": ""squared_error"", ""max_features"": 1.0, ""min_samples_leaf"": 2, ""n_estimators"": 500}",,734538614,,
scale_fixed_et_sensitivity|strict6|Quantile + MI|1|3|Small,fixed_extra_trees,150,Output;Enquiry;File,"{""bootstrap"": false, ""criterion"": ""squared_error"", ""max_features"": 1.0, ""min_samples_leaf"": 2, ""n_estimators"": 500}",,265972025,,
scale_fixed_et_sensitivity|strict6|Quantile + MI|1|3|Medium,fixed_extra_trees,149,AFP;Output;Interface,"{""bootstrap"": false, ""criterion"": ""squared_error"", ""max_features"": 1.0, ""min_samples_leaf"": 2, ""n_estimators"": 500}",,3961074830,,
scale_fixed_et_sensitivity|strict6|Quantile + MI|1|3|Large,fixed_extra_trees,150,AFP;Input;Enquiry,"{""bootstrap"": false, ""criterion"": ""squared_error"", ""max_features"": 1.0, ""min_samples_leaf"": 2, ""n_estimators"": 500}",,1527849124,,
scale_fixed_et_sensitivity|strict6|Global|1|4|All,fixed_extra_trees,449,AFP;Input;Output;Enquiry;File;Interface,"{""bootstrap"": false, ""criterion"": ""squared_error"", ""max_features"": 1.0, ""min_samples_leaf"": 2, ""n_estimators"": 500}",,2273029954,,
scale_fixed_et_sensitivity|strict6|Global + MI|1|4|All,fixed_extra_trees,449,AFP;Input;Enquiry,"{""bootstrap"": false, ""criterion"": ""squared_error"", ""max_features"": 1.0, ""min_samples_leaf"": 2, ""n_estimators"": 500}",,1928571451,,
scale_fixed_et_sensitivity|strict6|Quantile|1|4|Small,fixed_extra_trees,152,AFP;Input;Output;Enquiry;File;Interface,"{""bootstrap"": false, ""criterion"": ""squared_error"", ""max_features"": 1.0, ""min_samples_leaf"": 2, ""n_estimators"": 500}",,570460596,,
scale_fixed_et_sensitivity|strict6|Quantile|1|4|Medium,fixed_extra_trees,147,AFP;Input;Output;Enquiry;File;Interface,"{""bootstrap"": false, ""criterion"": ""squared_error"", ""max_features"": 1.0, ""min_samples_leaf"": 2, ""n_estimators"": 500}",,620747152,,
scale_fixed_et_sensitivity|strict6|Quantile|1|4|Large,fixed_extra_trees,150,AFP;Input;Output;Enquiry;File;Interface,"{""bootstrap"": false, ""criterion"": ""squared_error"", ""max_features"": 1.0, ""min_samples_leaf"": 2, ""n_estimators"": 500}",,1508104035,,
scale_fixed_et_sensitivity|strict6|Quantile + MI|1|4|Small,fixed_extra_trees,152,AFP;Input;Enquiry,"{""bootstrap"": false, ""criterion"": ""squared_error"", ""max_features"": 1.0, ""min_samples_leaf"": 2, ""n_estimators"": 500}",,1867847988,,
scale_fixed_et_sensitivity|strict6|Quantile + MI|1|4|Medium,fixed_extra_trees,147,AFP;Input;Output,"{""bootstrap"": false, ""criterion"": ""squared_error"", ""max_features"": 1.0, ""min_samples_leaf"": 2, ""n_estimators"": 500}",,2972360069,,
scale_fixed_et_sensitivity|strict6|Quantile + MI|1|4|Large,fixed_extra_trees,150,AFP;Input;Enquiry,"{""bootstrap"": false, ""criterion"": ""squared_error"", ""max_features"": 1.0, ""min_samples_leaf"": 2, ""n_estimators"": 500}",,1135689407,,
scale_fixed_et_sensitivity|strict6|Global|1|5|All,fixed_extra_trees,449,AFP;Input;Output;Enquiry;File;Interface,"{""bootstrap"": false, ""criterion"": ""squared_error"", ""max_features"": 1.0, ""min_samples_leaf"": 2, ""n_estimators"": 500}",,3246920737,,
scale_fixed_et_sensitivity|strict6|Global + MI|1|5|All,fixed_extra_trees,449,AFP;Input;File,"{""bootstrap"": false, ""criterion"": ""squared_error"", ""max_features"": 1.0, ""min_samples_leaf"": 2, ""n_estimators"": 500}",,1044454522,,
scale_fixed_et_sensitivity|strict6|Quantile|1|5|Small,fixed_extra_trees,150,AFP;Input;Output;Enquiry;File;Interface,"{""bootstrap"": false, ""criterion"": ""squared_error"", ""max_features"": 1.0, ""min_samples_leaf"": 2, ""n_estimators"": 500}",,1238991407,,
scale_fixed_et_sensitivity|strict6|Quantile|1|5|Medium,fixed_extra_trees,149,AFP;Input;Output;Enquiry;File;Interface,"{""bootstrap"": false, ""criterion"": ""squared_error"", ""max_features"": 1.0, ""min_samples_leaf"": 2, ""n_estimators"": 500}",,4163938232,,
scale_fixed_et_sensitivity|strict6|Quantile|1|5|Large,fixed_extra_trees,150,AFP;Input;Output;Enquiry;File;Interface,"{""bootstrap"": false, ""criterion"": ""squared_error"", ""max_features"": 1.0, ""min_samples_leaf"": 2, ""n_estimators"": 500}",,395145019,,
scale_fixed_et_sensitivity|strict6|Quantile + MI|1|5|Small,fixed_extra_trees,150,AFP;Enquiry;Interface,"{""bootstrap"": false, ""criterion"": ""squared_error"", ""max_features"": 1.0, ""min_samples_leaf"": 2, ""n_estimators"": 500}",,2677527267,,
scale_fixed_et_sensitivity|strict6|Quantile + MI|1|5|Medium,fixed_extra_trees,149,AFP;Output;File,"{""bootstrap"": false, ""criterion"": ""squared_error"", ""max_features"": 1.0, ""min_samples_leaf"": 2, ""n_estimators"": 500}",,1856946072,,
scale_fixed_et_sensitivity|strict6|Quantile + MI|1|5|Large,fixed_extra_trees,150,AFP;Input;Enquiry,"{""bootstrap"": false, ""criterion"": ""squared_error"", ""max_features"": 1.0, ""min_samples_leaf"": 2, ""n_estimators"": 500}",,263124011,,
scale_fixed_et_sensitivity|strict6|Global|1|6|All,fixed_extra_trees,449,AFP;Input;Output;Enquiry;File;Interface,"{""bootstrap"": false, ""criterion"": ""squared_error"", ""max_features"": 1.0, ""min_samples_leaf"": 2, ""n_estimators"": 500}",,1147151271,,
scale_fixed_et_sensitivity|strict6|Global + MI|1|6|All,fixed_extra_trees,449,AFP;Input;Enquiry,"{""bootstrap"": false, ""criterion"": ""squared_error"", ""max_features"": 1.0, ""min_samples_leaf"": 2, ""n_estimators"": 500}",,622446634,,
scale_fixed_et_sensitivity|strict6|Quantile|1|6|Small,fixed_extra_trees,151,AFP;Input;Output;Enquiry;File;Interface,"{""bootstrap"": false, ""criterion"": ""squared_error"", ""max_features"": 1.0, ""min_samples_leaf"": 2, ""n_estimators"": 500}",,2040819521,,
scale_fixed_et_sensitivity|strict6|Quantile|1|6|Medium,fixed_extra_trees,148,AFP;Input;Output;Enquiry;File;Interface,"{""bootstrap"": false, ""criterion"": ""squared_error"", ""max_features"": 1.0, ""min_samples_leaf"": 2, ""n_estimators"": 500}",,3209734547,,
scale_fixed_et_sensitivity|strict6|Quantile|1|6|Large,fixed_extra_trees,150,AFP;Input;Output;Enquiry;File;Interface,"{""bootstrap"": false, ""criterion"": ""squared_error"", ""max_features"": 1.0, ""min_samples_leaf"": 2, ""n_estimators"": 500}",,1451484130,,
scale_fixed_et_sensitivity|strict6|Quantile + MI|1|6|Small,fixed_extra_trees,151,AFP;Output;Enquiry,"{""bootstrap"": false, ""criterion"": ""squared_error"", ""max_features"": 1.0, ""min_samples_leaf"": 2, ""n_estimators"": 500}",,3484868472,,
scale_fixed_et_sensitivity|strict6|Quantile + MI|1|6|Medium,fixed_extra_trees,148,AFP;Input;Output,"{""bootstrap"": false, ""criterion"": ""squared_error"", ""max_features"": 1.0, ""min_samples_leaf"": 2, ""n_estimators"": 500}",,659277391,,
scale_fixed_et_sensitivity|strict6|Quantile + MI|1|6|Large,fixed_extra_trees,150,AFP;Input;Enquiry,"{""bootstrap"": false, ""criterion"": ""squared_error"", ""max_features"": 1.0, ""min_samples_leaf"": 2, ""n_estimators"": 500}",,664093502,,
scale_fixed_et_sensitivity|strict6|Global|1|7|All,fixed_extra_trees,449,AFP;Input;Output;Enquiry;File;Interface,"{""bootstrap"": false, ""criterion"": ""squared_error"", ""max_features"": 1.0, ""min_samples_leaf"": 2, ""n_estimators"": 500}",,2159665675,,
scale_fixed_et_sensitivity|strict6|Global + MI|1|7|All,fixed_extra_trees,449,AFP;Input;Enquiry,"{""bootstrap"": false, ""criterion"": ""squared_error"", ""max_features"": 1.0, ""min_samples_leaf"": 2, ""n_estimators"": 500}",,1043355739,,
scale_fixed_et_sensitivity|strict6|Quantile|1|7|Small,fixed_extra_trees,152,AFP;Input;Output;Enquiry;File;Interface,"{""bootstrap"": false, ""criterion"": ""squared_error"", ""max_features"": 1.0, ""min_samples_leaf"": 2, ""n_estimators"": 500}",,689059898,,
scale_fixed_et_sensitivity|strict6|Quantile|1|7|Medium,fixed_extra_trees,147,AFP;Input;Output;Enquiry;File;Interface,"{""bootstrap"": false, ""criterion"": ""squared_error"", ""max_features"": 1.0, ""min_samples_leaf"": 2, ""n_estimators"": 500}",,424185549,,
scale_fixed_et_sensitivity|strict6|Quantile|1|7|Large,fixed_extra_trees,150,AFP;Input;Output;Enquiry;File;Interface,"{""bootstrap"": false, ""criterion"": ""squared_error"", ""max_features"": 1.0, ""min_samples_leaf"": 2, ""n_estimators"": 500}",,2791036090,,
scale_fixed_et_sensitivity|strict6|Quantile + MI|1|7|Small,fixed_extra_trees,152,AFP;Input;Enquiry,"{""bootstrap"": false, ""criterion"": ""squared_error"", ""max_features"": 1.0, ""min_samples_leaf"": 2, ""n_estimators"": 500}",,112199658,,
scale_fixed_et_sensitivity|strict6|Quantile + MI|1|7|Medium,fixed_extra_trees,147,AFP;Output;Interface,"{""bootstrap"": false, ""criterion"": ""squared_error"", ""max_features"": 1.0, ""min_samples_leaf"": 2, ""n_estimators"": 500}",,4055087737,,
scale_fixed_et_sensitivity|strict6|Quantile + MI|1|7|Large,fixed_extra_trees,150,Input;Enquiry;File,"{""bootstrap"": false, ""criterion"": ""squared_error"", ""max_features"": 1.0, ""min_samples_leaf"": 2, ""n_estimators"": 500}",,3661283186,,
scale_fixed_et_sensitivity|strict6|Global|1|8|All,fixed_extra_trees,449,AFP;Input;Output;Enquiry;File;Interface,"{""bootstrap"": false, ""criterion"": ""squared_error"", ""max_features"": 1.0, ""min_samples_leaf"": 2, ""n_estimators"": 500}",,3531026590,,
scale_fixed_et_sensitivity|strict6|Global + MI|1|8|All,fixed_extra_trees,449,AFP;Input;Enquiry,"{""bootstrap"": false, ""criterion"": ""squared_error"", ""max_features"": 1.0, ""min_samples_leaf"": 2, ""n_estimators"": 500}",,1446273054,,
scale_fixed_et_sensitivity|strict6|Quantile|1|8|Small,fixed_extra_trees,152,AFP;Input;Output;Enquiry;File;Interface,"{""bootstrap"": false, ""criterion"": ""squared_error"", ""max_features"": 1.0, ""min_samples_leaf"": 2, ""n_estimators"": 500}",,981846400,,
scale_fixed_et_sensitivity|strict6|Quantile|1|8|Medium,fixed_extra_trees,147,AFP;Input;Output;Enquiry;File;Interface,"{""bootstrap"": false, ""criterion"": ""squared_error"", ""max_features"": 1.0, ""min_samples_leaf"": 2, ""n_estimators"": 500}",,1867636258,,
scale_fixed_et_sensitivity|strict6|Quantile|1|8|Large,fixed_extra_trees,150,AFP;Input;Output;Enquiry;File;Interface,"{""bootstrap"": false, ""criterion"": ""squared_error"", ""max_features"": 1.0, ""min_samples_leaf"": 2, ""n_estimators"": 500}",,3025213607,,
scale_fixed_et_sensitivity|strict6|Quantile + MI|1|8|Small,fixed_extra_trees,152,AFP;Input;Enquiry,"{""bootstrap"": false, ""criterion"": ""squared_error"", ""max_features"": 1.0, ""min_samples_leaf"": 2, ""n_estimators"": 500}",,863213404,,
scale_fixed_et_sensitivity|strict6|Quantile + MI|1|8|Medium,fixed_extra_trees,147,AFP;Output;File,"{""bootstrap"": false, ""criterion"": ""squared_error"", ""max_features"": 1.0, ""min_samples_leaf"": 2, ""n_estimators"": 500}",,1508551141,,
scale_fixed_et_sensitivity|strict6|Quantile + MI|1|8|Large,fixed_extra_trees,150,AFP;Input;Enquiry,"{""bootstrap"": false, ""criterion"": ""squared_error"", ""max_features"": 1.0, ""min_samples_leaf"": 2, ""n_estimators"": 500}",,1932518589,,
scale_fixed_et_sensitivity|strict6|Global|1|9|All,fixed_extra_trees,449,AFP;Input;Output;Enquiry;File;Interface,"{""bootstrap"": false, ""criterion"": ""squared_error"", ""max_features"": 1.0, ""min_samples_leaf"": 2, ""n_estimators"": 500}",,2913414067,,
scale_fixed_et_sensitivity|strict6|Global + MI|1|9|All,fixed_extra_trees,449,AFP;Input;Enquiry,"{""bootstrap"": false, ""criterion"": ""squared_error"", ""max_features"": 1.0, ""min_samples_leaf"": 2, ""n_estimators"": 500}",,1628917467,,
scale_fixed_et_sensitivity|strict6|Quantile|1|9|Small,fixed_extra_trees,150,AFP;Input;Output;Enquiry;File;Interface,"{""bootstrap"": false, ""criterion"": ""squared_error"", ""max_features"": 1.0, ""min_samples_leaf"": 2, ""n_estimators"": 500}",,2891192913,,
scale_fixed_et_sensitivity|strict6|Quantile|1|9|Medium,fixed_extra_trees,149,AFP;Input;Output;Enquiry;File;Interface,"{""bootstrap"": false, ""criterion"": ""squared_error"", ""max_features"": 1.0, ""min_samples_leaf"": 2, ""n_estimators"": 500}",,3849429308,,
scale_fixed_et_sensitivity|strict6|Quantile|1|9|Large,fixed_extra_trees,150,AFP;Input;Output;Enquiry;File;Interface,"{""bootstrap"": false, ""criterion"": ""squared_error"", ""max_features"": 1.0, ""min_samples_leaf"": 2, ""n_estimators"": 500}",,1325133373,,
scale_fixed_et_sensitivity|strict6|Quantile + MI|1|9|Small,fixed_extra_trees,150,AFP;Output;Enquiry,"{""bootstrap"": false, ""criterion"": ""squared_error"", ""max_features"": 1.0, ""min_samples_leaf"": 2, ""n_estimators"": 500}",,3872483106,,
scale_fixed_et_sensitivity|strict6|Quantile + MI|1|9|Medium,fixed_extra_trees,149,AFP;Output;Interface,"{""bootstrap"": false, ""criterion"": ""squared_error"", ""max_features"": 1.0, ""min_samples_leaf"": 2, ""n_estimators"": 500}",,301054567,,
scale_fixed_et_sensitivity|strict6|Quantile + MI|1|9|Large,fixed_extra_trees,150,Input;Enquiry;File,"{""bootstrap"": false, ""criterion"": ""squared_error"", ""max_features"": 1.0, ""min_samples_leaf"": 2, ""n_estimators"": 500}",,1163409089,,
scale_fixed_et_sensitivity|strict6|Global|1|10|All,fixed_extra_trees,450,AFP;Input;Output;Enquiry;File;Interface,"{""bootstrap"": false, ""criterion"": ""squared_error"", ""max_features"": 1.0, ""min_samples_leaf"": 2, ""n_estimators"": 500}",,2310588921,,
scale_fixed_et_sensitivity|strict6|Global + MI|1|10|All,fixed_extra_trees,450,AFP;Input;Enquiry,"{""bootstrap"": false, ""criterion"": ""squared_error"", ""max_features"": 1.0, ""min_samples_leaf"": 2, ""n_estimators"": 500}",,1595604801,,
scale_fixed_et_sensitivity|strict6|Quantile|1|10|Small,fixed_extra_trees,150,AFP;Input;Output;Enquiry;File;Interface,"{""bootstrap"": false, ""criterion"": ""squared_error"", ""max_features"": 1.0, ""min_samples_leaf"": 2, ""n_estimators"": 500}",,1265280744,,
scale_fixed_et_sensitivity|strict6|Quantile|1|10|Medium,fixed_extra_trees,150,AFP;Input;Output;Enquiry;File;Interface,"{""bootstrap"": false, ""criterion"": ""squared_error"", ""max_features"": 1.0, ""min_samples_leaf"": 2, ""n_estimators"": 500}",,1161780727,,
scale_fixed_et_sensitivity|strict6|Quantile|1|10|Large,fixed_extra_trees,150,AFP;Input;Output;Enquiry;File;Interface,"{""bootstrap"": false, ""criterion"": ""squared_error"", ""max_features"": 1.0, ""min_samples_leaf"": 2, ""n_estimators"": 500}",,373496751,,
scale_fixed_et_sensitivity|strict6|Quantile + MI|1|10|Small,fixed_extra_trees,150,Input;Enquiry;Interface,"{""bootstrap"": false, ""criterion"": ""squared_error"", ""max_features"": 1.0, ""min_samples_leaf"": 2, ""n_estimators"": 500}",,4008462615,,
scale_fixed_et_sensitivity|strict6|Quantile + MI|1|10|Medium,fixed_extra_trees,150,AFP;Input;Output,"{""bootstrap"": false, ""criterion"": ""squared_error"", ""max_features"": 1.0, ""min_samples_leaf"": 2, ""n_estimators"": 500}",,494681583,,
scale_fixed_et_sensitivity|strict6|Quantile + MI|1|10|Large,fixed_extra_trees,150,AFP;Input;Enquiry,"{""bootstrap"": false, ""criterion"": ""squared_error"", ""max_features"": 1.0, ""min_samples_leaf"": 2, ""n_estimators"": 500}",,1174002968,,
scale_fixed_et_sensitivity|strict6|Global|2|1|All,fixed_extra_trees,449,AFP;Input;Output;Enquiry;File;Interface,"{""bootstrap"": false, ""criterion"": ""squared_error"", ""max_features"": 1.0, ""min_samples_leaf"": 2, ""n_estimators"": 500}",,3361596994,,
scale_fixed_et_sensitivity|strict6|Global + MI|2|1|All,fixed_extra_trees,449,AFP;Input;Enquiry,"{""bootstrap"": false, ""criterion"": ""squared_error"", ""max_features"": 1.0, ""min_samples_leaf"": 2, ""n_estimators"": 500}",,1361573347,,
scale_fixed_et_sensitivity|strict6|Quantile|2|1|Small,fixed_extra_trees,152,AFP;Input;Output;Enquiry;File;Interface,"{""bootstrap"": false, ""criterion"": ""squared_error"", ""max_features"": 1.0, ""min_samples_leaf"": 2, ""n_estimators"": 500}",,1425648522,,
scale_fixed_et_sensitivity|strict6|Quantile|2|1|Medium,fixed_extra_trees,147,AFP;Input;Output;Enquiry;File;Interface,"{""bootstrap"": false, ""criterion"": ""squared_error"", ""max_features"": 1.0, ""min_samples_leaf"": 2, ""n_estimators"": 500}",,648130351,,
scale_fixed_et_sensitivity|strict6|Quantile|2|1|Large,fixed_extra_trees,150,AFP;Input;Output;Enquiry;File;Interface,"{""bootstrap"": false, ""criterion"": ""squared_error"", ""max_features"": 1.0, ""min_samples_leaf"": 2, ""n_estimators"": 500}",,2684138477,,
scale_fixed_et_sensitivity|strict6|Quantile + MI|2|1|Small,fixed_extra_trees,152,AFP;Enquiry;Interface,"{""bootstrap"": false, ""criterion"": ""squared_error"", ""max_features"": 1.0, ""min_samples_leaf"": 2, ""n_estimators"": 500}",,2321731383,,
scale_fixed_et_sensitivity|strict6|Quantile + MI|2|1|Medium,fixed_extra_trees,147,AFP;Output;Interface,"{""bootstrap"": false, ""criterion"": ""squared_error"", ""max_features"": 1.0, ""min_samples_leaf"": 2, ""n_estimators"": 500}",,3793403012,,
scale_fixed_et_sensitivity|strict6|Quantile + MI|2|1|Large,fixed_extra_trees,150,AFP;Input;Enquiry,"{""bootstrap"": false, ""criterion"": ""squared_error"", ""max_features"": 1.0, ""min_samples_leaf"": 2, ""n_estimators"": 500}",,167502275,,
scale_fixed_et_sensitivity|strict6|Global|2|2|All,fixed_extra_trees,449,AFP;Input;Output;Enquiry;File;Interface,"{""bootstrap"": false, ""criterion"": ""squared_error"", ""max_features"": 1.0, ""min_samples_leaf"": 2, ""n_estimators"": 500}",,3501788771,,
scale_fixed_et_sensitivity|strict6|Global + MI|2|2|All,fixed_extra_trees,449,AFP;Input;Enquiry,"{""bootstrap"": false, ""criterion"": ""squared_error"", ""max_features"": 1.0, ""min_samples_leaf"": 2, ""n_estimators"": 500}",,3368385040,,
scale_fixed_et_sensitivity|strict6|Quantile|2|2|Small,fixed_extra_trees,150,AFP;Input;Output;Enquiry;File;Interface,"{""bootstrap"": false, ""criterion"": ""squared_error"", ""max_features"": 1.0, ""min_samples_leaf"": 2, ""n_estimators"": 500}",,3514673040,,
scale_fixed_et_sensitivity|strict6|Quantile|2|2|Medium,fixed_extra_trees,149,AFP;Input;Output;Enquiry;File;Interface,"{""bootstrap"": false, ""criterion"": ""squared_error"", ""max_features"": 1.0, ""min_samples_leaf"": 2, ""n_estimators"": 500}",,1801138015,,
scale_fixed_et_sensitivity|strict6|Quantile|2|2|Large,fixed_extra_trees,150,AFP;Input;Output;Enquiry;File;Interface,"{""bootstrap"": false, ""criterion"": ""squared_error"", ""max_features"": 1.0, ""min_samples_leaf"": 2, ""n_estimators"": 500}",,2652129092,,
scale_fixed_et_sensitivity|strict6|Quantile + MI|2|2|Small,fixed_extra_trees,150,AFP;Enquiry;Interface,"{""bootstrap"": false, ""criterion"": ""squared_error"", ""max_features"": 1.0, ""min_samples_leaf"": 2, ""n_estimators"": 500}",,3741862649,,
scale_fixed_et_sensitivity|strict6|Quantile + MI|2|2|Medium,fixed_extra_trees,149,AFP;Output;File,"{""bootstrap"": false, ""criterion"": ""squared_error"", ""max_features"": 1.0, ""min_samples_leaf"": 2, ""n_estimators"": 500}",,1599766066,,
scale_fixed_et_sensitivity|strict6|Quantile + MI|2|2|Large,fixed_extra_trees,150,AFP;Input;Enquiry,"{""bootstrap"": false, ""criterion"": ""squared_error"", ""max_features"": 1.0, ""min_samples_leaf"": 2, ""n_estimators"": 500}",,4222140312,,
scale_fixed_et_sensitivity|strict6|Global|2|3|All,fixed_extra_trees,449,AFP;Input;Output;Enquiry;File;Interface,"{""bootstrap"": false, ""criterion"": ""squared_error"", ""max_features"": 1.0, ""min_samples_leaf"": 2, ""n_estimators"": 500}",,1123837612,,
scale_fixed_et_sensitivity|strict6|Global + MI|2|3|All,fixed_extra_trees,449,AFP;Input;Enquiry,"{""bootstrap"": false, ""criterion"": ""squared_error"", ""max_features"": 1.0, ""min_samples_leaf"": 2, ""n_estimators"": 500}",,2887548747,,
scale_fixed_et_sensitivity|strict6|Quantile|2|3|Small,fixed_extra_trees,150,AFP;Input;Output;Enquiry;File;Interface,"{""bootstrap"": false, ""criterion"": ""squared_error"", ""max_features"": 1.0, ""min_samples_leaf"": 2, ""n_estimators"": 500}",,2955414594,,
scale_fixed_et_sensitivity|strict6|Quantile|2|3|Medium,fixed_extra_trees,149,AFP;Input;Output;Enquiry;File;Interface,"{""bootstrap"": false, ""criterion"": ""squared_error"", ""max_features"": 1.0, ""min_samples_leaf"": 2, ""n_estimators"": 500}",,2378635728,,
scale_fixed_et_sensitivity|strict6|Quantile|2|3|Large,fixed_extra_trees,150,AFP;Input;Output;Enquiry;File;Interface,"{""bootstrap"": false, ""criterion"": ""squared_error"", ""max_features"": 1.0, ""min_samples_leaf"": 2, ""n_estimators"": 500}",,776491177,,
scale_fixed_et_sensitivity|strict6|Quantile + MI|2|3|Small,fixed_extra_trees,150,Input;Output;Enquiry,"{""bootstrap"": false, ""criterion"": ""squared_error"", ""max_features"": 1.0, ""min_samples_leaf"": 2, ""n_estimators"": 500}",,1556052482,,
scale_fixed_et_sensitivity|strict6|Quantile + MI|2|3|Medium,fixed_extra_trees,149,AFP;Output;File,"{""bootstrap"": false, ""criterion"": ""squared_error"", ""max_features"": 1.0, ""min_samples_leaf"": 2, ""n_estimators"": 500}",,1232660908,,
scale_fixed_et_sensitivity|strict6|Quantile + MI|2|3|Large,fixed_extra_trees,150,AFP;Input;Enquiry,"{""bootstrap"": false, ""criterion"": ""squared_error"", ""max_features"": 1.0, ""min_samples_leaf"": 2, ""n_estimators"": 500}",,2283313735,,
scale_fixed_et_sensitivity|strict6|Global|2|4|All,fixed_extra_trees,449,AFP;Input;Output;Enquiry;File;Interface,"{""bootstrap"": false, ""criterion"": ""squared_error"", ""max_features"": 1.0, ""min_samples_leaf"": 2, ""n_estimators"": 500}",,2998959823,,
scale_fixed_et_sensitivity|strict6|Global + MI|2|4|All,fixed_extra_trees,449,AFP;Input;Enquiry,"{""bootstrap"": false, ""criterion"": ""squared_error"", ""max_features"": 1.0, ""min_samples_leaf"": 2, ""n_estimators"": 500}",,1401006875,,
scale_fixed_et_sensitivity|strict6|Quantile|2|4|Small,fixed_extra_trees,150,AFP;Input;Output;Enquiry;File;Interface,"{""bootstrap"": false, ""criterion"": ""squared_error"", ""max_features"": 1.0, ""min_samples_leaf"": 2, ""n_estimators"": 500}",,2684237251,,
scale_fixed_et_sensitivity|strict6|Quantile|2|4|Medium,fixed_extra_trees,149,AFP;Input;Output;Enquiry;File;Interface,"{""bootstrap"": false, ""criterion"": ""squared_error"", ""max_features"": 1.0, ""min_samples_leaf"": 2, ""n_estimators"": 500}",,3881326301,,
scale_fixed_et_sensitivity|strict6|Quantile|2|4|Large,fixed_extra_trees,150,AFP;Input;Output;Enquiry;File;Interface,"{""bootstrap"": false, ""criterion"": ""squared_error"", ""max_features"": 1.0, ""min_samples_leaf"": 2, ""n_estimators"": 500}",,3737965651,,
scale_fixed_et_sensitivity|strict6|Quantile + MI|2|4|Small,fixed_extra_trees,150,AFP;Input;Enquiry,"{""bootstrap"": false, ""criterion"": ""squared_error"", ""max_features"": 1.0, ""min_samples_leaf"": 2, ""n_estimators"": 500}",,3686011457,,
scale_fixed_et_sensitivity|strict6|Quantile + MI|2|4|Medium,fixed_extra_trees,149,AFP;Input;Output,"{""bootstrap"": false, ""criterion"": ""squared_error"", ""max_features"": 1.0, ""min_samples_leaf"": 2, ""n_estimators"": 500}",,687578158,,
scale_fixed_et_sensitivity|strict6|Quantile + MI|2|4|Large,fixed_extra_trees,150,AFP;Input;Enquiry,"{""bootstrap"": false, ""criterion"": ""squared_error"", ""max_features"": 1.0, ""min_samples_leaf"": 2, ""n_estimators"": 500}",,1436580580,,
scale_fixed_et_sensitivity|strict6|Global|2|5|All,fixed_extra_trees,449,AFP;Input;Output;Enquiry;File;Interface,"{""bootstrap"": false, ""criterion"": ""squared_error"", ""max_features"": 1.0, ""min_samples_leaf"": 2, ""n_estimators"": 500}",,1447726873,,
scale_fixed_et_sensitivity|strict6|Global + MI|2|5|All,fixed_extra_trees,449,AFP;Enquiry;File,"{""bootstrap"": false, ""criterion"": ""squared_error"", ""max_features"": 1.0, ""min_samples_leaf"": 2, ""n_estimators"": 500}",,126995577,,
scale_fixed_et_sensitivity|strict6|Quantile|2|5|Small,fixed_extra_trees,152,AFP;Input;Output;Enquiry;File;Interface,"{""bootstrap"": false, ""criterion"": ""squared_error"", ""max_features"": 1.0, ""min_samples_leaf"": 2, ""n_estimators"": 500}",,3489085610,,
scale_fixed_et_sensitivity|strict6|Quantile|2|5|Medium,fixed_extra_trees,147,AFP;Input;Output;Enquiry;File;Interface,"{""bootstrap"": false, ""criterion"": ""squared_error"", ""max_features"": 1.0, ""min_samples_leaf"": 2, ""n_estimators"": 500}",,1714049716,,
scale_fixed_et_sensitivity|strict6|Quantile|2|5|Large,fixed_extra_trees,150,AFP;Input;Output;Enquiry;File;Interface,"{""bootstrap"": false, ""criterion"": ""squared_error"", ""max_features"": 1.0, ""min_samples_leaf"": 2, ""n_estimators"": 500}",,1352837119,,
scale_fixed_et_sensitivity|strict6|Quantile + MI|2|5|Small,fixed_extra_trees,152,AFP;Input;Enquiry,"{""bootstrap"": false, ""criterion"": ""squared_error"", ""max_features"": 1.0, ""min_samples_leaf"": 2, ""n_estimators"": 500}",,2832229766,,
scale_fixed_et_sensitivity|strict6|Quantile + MI|2|5|Medium,fixed_extra_trees,147,AFP;Output;File,"{""bootstrap"": false, ""criterion"": ""squared_error"", ""max_features"": 1.0, ""min_samples_leaf"": 2, ""n_estimators"": 500}",,1742818512,,
scale_fixed_et_sensitivity|strict6|Quantile + MI|2|5|Large,fixed_extra_trees,150,AFP;Input;Enquiry,"{""bootstrap"": false, ""criterion"": ""squared_error"", ""max_features"": 1.0, ""min_samples_leaf"": 2, ""n_estimators"": 500}",,373740779,,
scale_fixed_et_sensitivity|strict6|Global|2|6|All,fixed_extra_trees,449,AFP;Input;Output;Enquiry;File;Interface,"{""bootstrap"": false, ""criterion"": ""squared_error"", ""max_features"": 1.0, ""min_samples_leaf"": 2, ""n_estimators"": 500}",,3469868287,,
scale_fixed_et_sensitivity|strict6|Global + MI|2|6|All,fixed_extra_trees,449,AFP;Input;Enquiry,"{""bootstrap"": false, ""criterion"": ""squared_error"", ""max_features"": 1.0, ""min_samples_leaf"": 2, ""n_estimators"": 500}",,3741688387,,
scale_fixed_et_sensitivity|strict6|Quantile|2|6|Small,fixed_extra_trees,152,AFP;Input;Output;Enquiry;File;Interface,"{""bootstrap"": false, ""criterion"": ""squared_error"", ""max_features"": 1.0, ""min_samples_leaf"": 2, ""n_estimators"": 500}",,1393263011,,
scale_fixed_et_sensitivity|strict6|Quantile|2|6|Medium,fixed_extra_trees,147,AFP;Input;Output;Enquiry;File;Interface,"{""bootstrap"": false, ""criterion"": ""squared_error"", ""max_features"": 1.0, ""min_samples_leaf"": 2, ""n_estimators"": 500}",,3682833539,,
scale_fixed_et_sensitivity|strict6|Quantile|2|6|Large,fixed_extra_trees,150,AFP;Input;Output;Enquiry;File;Interface,"{""bootstrap"": false, ""criterion"": ""squared_error"", ""max_features"": 1.0, ""min_samples_leaf"": 2, ""n_estimators"": 500}",,2801101821,,
scale_fixed_et_sensitivity|strict6|Quantile + MI|2|6|Small,fixed_extra_trees,152,AFP;Input;Enquiry,"{""bootstrap"": false, ""criterion"": ""squared_error"", ""max_features"": 1.0, ""min_samples_leaf"": 2, ""n_estimators"": 500}",,2890125391,,
scale_fixed_et_sensitivity|strict6|Quantile + MI|2|6|Medium,fixed_extra_trees,147,AFP;Input;Output,"{""bootstrap"": false, ""criterion"": ""squared_error"", ""max_features"": 1.0, ""min_samples_leaf"": 2, ""n_estimators"": 500}",,767834928,,
scale_fixed_et_sensitivity|strict6|Quantile + MI|2|6|Large,fixed_extra_trees,150,AFP;Input;Enquiry,"{""bootstrap"": false, ""criterion"": ""squared_error"", ""max_features"": 1.0, ""min_samples_leaf"": 2, ""n_estimators"": 500}",,1451256668,,
scale_fixed_et_sensitivity|strict6|Global|2|7|All,fixed_extra_trees,449,AFP;Input;Output;Enquiry;File;Interface,"{""bootstrap"": false, ""criterion"": ""squared_error"", ""max_features"": 1.0, ""min_samples_leaf"": 2, ""n_estimators"": 500}",,1468941025,,
scale_fixed_et_sensitivity|strict6|Global + MI|2|7|All,fixed_extra_trees,449,AFP;Input;Enquiry,"{""bootstrap"": false, ""criterion"": ""squared_error"", ""max_features"": 1.0, ""min_samples_leaf"": 2, ""n_estimators"": 500}",,1138981080,,
scale_fixed_et_sensitivity|strict6|Quantile|2|7|Small,fixed_extra_trees,150,AFP;Input;Output;Enquiry;File;Interface,"{""bootstrap"": false, ""criterion"": ""squared_error"", ""max_features"": 1.0, ""min_samples_leaf"": 2, ""n_estimators"": 500}",,3611938577,,
scale_fixed_et_sensitivity|strict6|Quantile|2|7|Medium,fixed_extra_trees,149,AFP;Input;Output;Enquiry;File;Interface,"{""bootstrap"": false, ""criterion"": ""squared_error"", ""max_features"": 1.0, ""min_samples_leaf"": 2, ""n_estimators"": 500}",,3517039674,,
scale_fixed_et_sensitivity|strict6|Quantile|2|7|Large,fixed_extra_trees,150,AFP;Input;Output;Enquiry;File;Interface,"{""bootstrap"": false, ""criterion"": ""squared_error"", ""max_features"": 1.0, ""min_samples_leaf"": 2, ""n_estimators"": 500}",,4288901665,,
scale_fixed_et_sensitivity|strict6|Quantile + MI|2|7|Small,fixed_extra_trees,150,AFP;Enquiry;Interface,"{""bootstrap"": false, ""criterion"": ""squared_error"", ""max_features"": 1.0, ""min_samples_leaf"": 2, ""n_estimators"": 500}",,777010198,,
scale_fixed_et_sensitivity|strict6|Quantile + MI|2|7|Medium,fixed_extra_trees,149,AFP;Output;Interface,"{""bootstrap"": false, ""criterion"": ""squared_error"", ""max_features"": 1.0, ""min_samples_leaf"": 2, ""n_estimators"": 500}",,523858912,,
scale_fixed_et_sensitivity|strict6|Quantile + MI|2|7|Large,fixed_extra_trees,150,AFP;Input;Enquiry,"{""bootstrap"": false, ""criterion"": ""squared_error"", ""max_features"": 1.0, ""min_samples_leaf"": 2, ""n_estimators"": 500}",,1102585694,,
scale_fixed_et_sensitivity|strict6|Global|2|8|All,fixed_extra_trees,449,AFP;Input;Output;Enquiry;File;Interface,"{""bootstrap"": false, ""criterion"": ""squared_error"", ""max_features"": 1.0, ""min_samples_leaf"": 2, ""n_estimators"": 500}",,3825660822,,
scale_fixed_et_sensitivity|strict6|Global + MI|2|8|All,fixed_extra_trees,449,AFP;Input;Enquiry,"{""bootstrap"": false, ""criterion"": ""squared_error"", ""max_features"": 1.0, ""min_samples_leaf"": 2, ""n_estimators"": 500}",,3581308557,,
scale_fixed_et_sensitivity|strict6|Quantile|2|8|Small,fixed_extra_trees,150,AFP;Input;Output;Enquiry;File;Interface,"{""bootstrap"": false, ""criterion"": ""squared_error"", ""max_features"": 1.0, ""min_samples_leaf"": 2, ""n_estimators"": 500}",,697794974,,
scale_fixed_et_sensitivity|strict6|Quantile|2|8|Medium,fixed_extra_trees,149,AFP;Input;Output;Enquiry;File;Interface,"{""bootstrap"": false, ""criterion"": ""squared_error"", ""max_features"": 1.0, ""min_samples_leaf"": 2, ""n_estimators"": 500}",,792826749,,
scale_fixed_et_sensitivity|strict6|Quantile|2|8|Large,fixed_extra_trees,150,AFP;Input;Output;Enquiry;File;Interface,"{""bootstrap"": false, ""criterion"": ""squared_error"", ""max_features"": 1.0, ""min_samples_leaf"": 2, ""n_estimators"": 500}",,2160612633,,
scale_fixed_et_sensitivity|strict6|Quantile + MI|2|8|Small,fixed_extra_trees,150,Input;Output;Enquiry,"{""bootstrap"": false, ""criterion"": ""squared_error"", ""max_features"": 1.0, ""min_samples_leaf"": 2, ""n_estimators"": 500}",,1057494598,,
scale_fixed_et_sensitivity|strict6|Quantile + MI|2|8|Medium,fixed_extra_trees,149,AFP;Input;Output,"{""bootstrap"": false, ""criterion"": ""squared_error"", ""max_features"": 1.0, ""min_samples_leaf"": 2, ""n_estimators"": 500}",,2748750690,,
scale_fixed_et_sensitivity|strict6|Quantile + MI|2|8|Large,fixed_extra_trees,150,AFP;Input;Enquiry,"{""bootstrap"": false, ""criterion"": ""squared_error"", ""max_features"": 1.0, ""min_samples_leaf"": 2, ""n_estimators"": 500}",,2827138939,,
scale_fixed_et_sensitivity|strict6|Global|2|9|All,fixed_extra_trees,449,AFP;Input;Output;Enquiry;File;Interface,"{""bootstrap"": false, ""criterion"": ""squared_error"", ""max_features"": 1.0, ""min_samples_leaf"": 2, ""n_estimators"": 500}",,517588356,,
scale_fixed_et_sensitivity|strict6|Global + MI|2|9|All,fixed_extra_trees,449,AFP;Input;Enquiry,"{""bootstrap"": false, ""criterion"": ""squared_error"", ""max_features"": 1.0, ""min_samples_leaf"": 2, ""n_estimators"": 500}",,2886200475,,
scale_fixed_et_sensitivity|strict6|Quantile|2|9|Small,fixed_extra_trees,150,AFP;Input;Output;Enquiry;File;Interface,"{""bootstrap"": false, ""criterion"": ""squared_error"", ""max_features"": 1.0, ""min_samples_leaf"": 2, ""n_estimators"": 500}",,1386155270,,
scale_fixed_et_sensitivity|strict6|Quantile|2|9|Medium,fixed_extra_trees,149,AFP;Input;Output;Enquiry;File;Interface,"{""bootstrap"": false, ""criterion"": ""squared_error"", ""max_features"": 1.0, ""min_samples_leaf"": 2, ""n_estimators"": 500}",,2128472753,,
scale_fixed_et_sensitivity|strict6|Quantile|2|9|Large,fixed_extra_trees,150,AFP;Input;Output;Enquiry;File;Interface,"{""bootstrap"": false, ""criterion"": ""squared_error"", ""max_features"": 1.0, ""min_samples_leaf"": 2, ""n_estimators"": 500}",,1012850821,,
scale_fixed_et_sensitivity|strict6|Quantile + MI|2|9|Small,fixed_extra_trees,150,AFP;Output;Enquiry,"{""bootstrap"": false, ""criterion"": ""squared_error"", ""max_features"": 1.0, ""min_samples_leaf"": 2, ""n_estimators"": 500}",,4106635407,,
scale_fixed_et_sensitivity|strict6|Quantile + MI|2|9|Medium,fixed_extra_trees,149,AFP;Input;Output,"{""bootstrap"": false, ""criterion"": ""squared_error"", ""max_features"": 1.0, ""min_samples_leaf"": 2, ""n_estimators"": 500}",,3219397233,,
scale_fixed_et_sensitivity|strict6|Quantile + MI|2|9|Large,fixed_extra_trees,150,AFP;Input;Enquiry,"{""bootstrap"": false, ""criterion"": ""squared_error"", ""max_features"": 1.0, ""min_samples_leaf"": 2, ""n_estimators"": 500}",,560639300,,
scale_fixed_et_sensitivity|strict6|Global|2|10|All,fixed_extra_trees,450,AFP;Input;Output;Enquiry;File;Interface,"{""bootstrap"": false, ""criterion"": ""squared_error"", ""max_features"": 1.0, ""min_samples_leaf"": 2, ""n_estimators"": 500}",,3417220841,,
scale_fixed_et_sensitivity|strict6|Global + MI|2|10|All,fixed_extra_trees,450,AFP;Input;Enquiry,"{""bootstrap"": false, ""criterion"": ""squared_error"", ""max_features"": 1.0, ""min_samples_leaf"": 2, ""n_estimators"": 500}",,92734970,,
scale_fixed_et_sensitivity|strict6|Quantile|2|10|Small,fixed_extra_trees,150,AFP;Input;Output;Enquiry;File;Interface,"{""bootstrap"": false, ""criterion"": ""squared_error"", ""max_features"": 1.0, ""min_samples_leaf"": 2, ""n_estimators"": 500}",,3283069191,,
scale_fixed_et_sensitivity|strict6|Quantile|2|10|Medium,fixed_extra_trees,150,AFP;Input;Output;Enquiry;File;Interface,"{""bootstrap"": false, ""criterion"": ""squared_error"", ""max_features"": 1.0, ""min_samples_leaf"": 2, ""n_estimators"": 500}",,2730364219,,
scale_fixed_et_sensitivity|strict6|Quantile|2|10|Large,fixed_extra_trees,150,AFP;Input;Output;Enquiry;File;Interface,"{""bootstrap"": false, ""criterion"": ""squared_error"", ""max_features"": 1.0, ""min_samples_leaf"": 2, ""n_estimators"": 500}",,3691462765,,
scale_fixed_et_sensitivity|strict6|Quantile + MI|2|10|Small,fixed_extra_trees,150,AFP;Output;Enquiry,"{""bootstrap"": false, ""criterion"": ""squared_error"", ""max_features"": 1.0, ""min_samples_leaf"": 2, ""n_estimators"": 500}",,3488221150,,
scale_fixed_et_sensitivity|strict6|Quantile + MI|2|10|Medium,fixed_extra_trees,150,AFP;Output;Interface,"{""bootstrap"": false, ""criterion"": ""squared_error"", ""max_features"": 1.0, ""min_samples_leaf"": 2, ""n_estimators"": 500}",,855374573,,
scale_fixed_et_sensitivity|strict6|Quantile + MI|2|10|Large,fixed_extra_trees,150,AFP;Input;Enquiry,"{""bootstrap"": false, ""criterion"": ""squared_error"", ""max_features"": 1.0, ""min_samples_leaf"": 2, ""n_estimators"": 500}",,3677647706,,
scale_fixed_et_sensitivity|strict6|Global|3|1|All,fixed_extra_trees,449,AFP;Input;Output;Enquiry;File;Interface,"{""bootstrap"": false, ""criterion"": ""squared_error"", ""max_features"": 1.0, ""min_samples_leaf"": 2, ""n_estimators"": 500}",,3729117921,,
scale_fixed_et_sensitivity|strict6|Global + MI|3|1|All,fixed_extra_trees,449,AFP;Input;Enquiry,"{""bootstrap"": false, ""criterion"": ""squared_error"", ""max_features"": 1.0, ""min_samples_leaf"": 2, ""n_estimators"": 500}",,242688386,,
scale_fixed_et_sensitivity|strict6|Quantile|3|1|Small,fixed_extra_trees,150,AFP;Input;Output;Enquiry;File;Interface,"{""bootstrap"": false, ""criterion"": ""squared_error"", ""max_features"": 1.0, ""min_samples_leaf"": 2, ""n_estimators"": 500}",,2267573895,,
scale_fixed_et_sensitivity|strict6|Quantile|3|1|Medium,fixed_extra_trees,149,AFP;Input;Output;Enquiry;File;Interface,"{""bootstrap"": false, ""criterion"": ""squared_error"", ""max_features"": 1.0, ""min_samples_leaf"": 2, ""n_estimators"": 500}",,4189887836,,
scale_fixed_et_sensitivity|strict6|Quantile|3|1|Large,fixed_extra_trees,150,AFP;Input;Output;Enquiry;File;Interface,"{""bootstrap"": false, ""criterion"": ""squared_error"", ""max_features"": 1.0, ""min_samples_leaf"": 2, ""n_estimators"": 500}",,128529777,,
scale_fixed_et_sensitivity|strict6|Quantile + MI|3|1|Small,fixed_extra_trees,150,Output;Enquiry;Interface,"{""bootstrap"": false, ""criterion"": ""squared_error"", ""max_features"": 1.0, ""min_samples_leaf"": 2, ""n_estimators"": 500}",,1644377911,,
scale_fixed_et_sensitivity|strict6|Quantile + MI|3|1|Medium,fixed_extra_trees,149,AFP;Output;Interface,"{""bootstrap"": false, ""criterion"": ""squared_error"", ""max_features"": 1.0, ""min_samples_leaf"": 2, ""n_estimators"": 500}",,242226553,,
scale_fixed_et_sensitivity|strict6|Quantile + MI|3|1|Large,fixed_extra_trees,150,Input;Enquiry;File,"{""bootstrap"": false, ""criterion"": ""squared_error"", ""max_features"": 1.0, ""min_samples_leaf"": 2, ""n_estimators"": 500}",,1418723470,,
scale_fixed_et_sensitivity|strict6|Global|3|2|All,fixed_extra_trees,449,AFP;Input;Output;Enquiry;File;Interface,"{""bootstrap"": false, ""criterion"": ""squared_error"", ""max_features"": 1.0, ""min_samples_leaf"": 2, ""n_estimators"": 500}",,2830279486,,
scale_fixed_et_sensitivity|strict6|Global + MI|3|2|All,fixed_extra_trees,449,AFP;Input;Enquiry,"{""bootstrap"": false, ""criterion"": ""squared_error"", ""max_features"": 1.0, ""min_samples_leaf"": 2, ""n_estimators"": 500}",,963033605,,
scale_fixed_et_sensitivity|strict6|Quantile|3|2|Small,fixed_extra_trees,152,AFP;Input;Output;Enquiry;File;Interface,"{""bootstrap"": false, ""criterion"": ""squared_error"", ""max_features"": 1.0, ""min_samples_leaf"": 2, ""n_estimators"": 500}",,1654075621,,
scale_fixed_et_sensitivity|strict6|Quantile|3|2|Medium,fixed_extra_trees,147,AFP;Input;Output;Enquiry;File;Interface,"{""bootstrap"": false, ""criterion"": ""squared_error"", ""max_features"": 1.0, ""min_samples_leaf"": 2, ""n_estimators"": 500}",,1605401599,,
scale_fixed_et_sensitivity|strict6|Quantile|3|2|Large,fixed_extra_trees,150,AFP;Input;Output;Enquiry;File;Interface,"{""bootstrap"": false, ""criterion"": ""squared_error"", ""max_features"": 1.0, ""min_samples_leaf"": 2, ""n_estimators"": 500}",,4065783272,,
scale_fixed_et_sensitivity|strict6|Quantile + MI|3|2|Small,fixed_extra_trees,152,AFP;Enquiry;Interface,"{""bootstrap"": false, ""criterion"": ""squared_error"", ""max_features"": 1.0, ""min_samples_leaf"": 2, ""n_estimators"": 500}",,1948627763,,
scale_fixed_et_sensitivity|strict6|Quantile + MI|3|2|Medium,fixed_extra_trees,147,AFP;Output;File,"{""bootstrap"": false, ""criterion"": ""squared_error"", ""max_features"": 1.0, ""min_samples_leaf"": 2, ""n_estimators"": 500}",,3388270428,,
scale_fixed_et_sensitivity|strict6|Quantile + MI|3|2|Large,fixed_extra_trees,150,AFP;Input;Enquiry,"{""bootstrap"": false, ""criterion"": ""squared_error"", ""max_features"": 1.0, ""min_samples_leaf"": 2, ""n_estimators"": 500}",,542763637,,
scale_fixed_et_sensitivity|strict6|Global|3|3|All,fixed_extra_trees,449,AFP;Input;Output;Enquiry;File;Interface,"{""bootstrap"": false, ""criterion"": ""squared_error"", ""max_features"": 1.0, ""min_samples_leaf"": 2, ""n_estimators"": 500}",,2435112779,,
scale_fixed_et_sensitivity|strict6|Global + MI|3|3|All,fixed_extra_trees,449,AFP;Input;File,"{""bootstrap"": false, ""criterion"": ""squared_error"", ""max_features"": 1.0, ""min_samples_leaf"": 2, ""n_estimators"": 500}",,2893728368,,
scale_fixed_et_sensitivity|strict6|Quantile|3|3|Small,fixed_extra_trees,152,AFP;Input;Output;Enquiry;File;Interface,"{""bootstrap"": false, ""criterion"": ""squared_error"", ""max_features"": 1.0, ""min_samples_leaf"": 2, ""n_estimators"": 500}",,1839671711,,
scale_fixed_et_sensitivity|strict6|Quantile|3|3|Medium,fixed_extra_trees,147,AFP;Input;Output;Enquiry;File;Interface,"{""bootstrap"": false, ""criterion"": ""squared_error"", ""max_features"": 1.0, ""min_samples_leaf"": 2, ""n_estimators"": 500}",,477798294,,
scale_fixed_et_sensitivity|strict6|Quantile|3|3|Large,fixed_extra_trees,150,AFP;Input;Output;Enquiry;File;Interface,"{""bootstrap"": false, ""criterion"": ""squared_error"", ""max_features"": 1.0, ""min_samples_leaf"": 2, ""n_estimators"": 500}",,3214954071,,
scale_fixed_et_sensitivity|strict6|Quantile + MI|3|3|Small,fixed_extra_trees,152,AFP;Enquiry;File,"{""bootstrap"": false, ""criterion"": ""squared_error"", ""max_features"": 1.0, ""min_samples_leaf"": 2, ""n_estimators"": 500}",,1446772323,,
scale_fixed_et_sensitivity|strict6|Quantile + MI|3|3|Medium,fixed_extra_trees,147,Output;File;Interface,"{""bootstrap"": false, ""criterion"": ""squared_error"", ""max_features"": 1.0, ""min_samples_leaf"": 2, ""n_estimators"": 500}",,2333059022,,
scale_fixed_et_sensitivity|strict6|Quantile + MI|3|3|Large,fixed_extra_trees,150,AFP;Input;Enquiry,"{""bootstrap"": false, ""criterion"": ""squared_error"", ""max_features"": 1.0, ""min_samples_leaf"": 2, ""n_estimators"": 500}",,2686916145,,
scale_fixed_et_sensitivity|strict6|Global|3|4|All,fixed_extra_trees,449,AFP;Input;Output;Enquiry;File;Interface,"{""bootstrap"": false, ""criterion"": ""squared_error"", ""max_features"": 1.0, ""min_samples_leaf"": 2, ""n_estimators"": 500}",,230694111,,
scale_fixed_et_sensitivity|strict6|Global + MI|3|4|All,fixed_extra_trees,449,AFP;Input;Enquiry,"{""bootstrap"": false, ""criterion"": ""squared_error"", ""max_features"": 1.0, ""min_samples_leaf"": 2, ""n_estimators"": 500}",,1804193614,,
scale_fixed_et_sensitivity|strict6|Quantile|3|4|Small,fixed_extra_trees,151,AFP;Input;Output;Enquiry;File;Interface,"{""bootstrap"": false, ""criterion"": ""squared_error"", ""max_features"": 1.0, ""min_samples_leaf"": 2, ""n_estimators"": 500}",,1631856913,,
scale_fixed_et_sensitivity|strict6|Quantile|3|4|Medium,fixed_extra_trees,148,AFP;Input;Output;Enquiry;File;Interface,"{""bootstrap"": false, ""criterion"": ""squared_error"", ""max_features"": 1.0, ""min_samples_leaf"": 2, ""n_estimators"": 500}",,2258847182,,
scale_fixed_et_sensitivity|strict6|Quantile|3|4|Large,fixed_extra_trees,150,AFP;Input;Output;Enquiry;File;Interface,"{""bootstrap"": false, ""criterion"": ""squared_error"", ""max_features"": 1.0, ""min_samples_leaf"": 2, ""n_estimators"": 500}",,2679160480,,
scale_fixed_et_sensitivity|strict6|Quantile + MI|3|4|Small,fixed_extra_trees,151,AFP;Output;Enquiry,"{""bootstrap"": false, ""criterion"": ""squared_error"", ""max_features"": 1.0, ""min_samples_leaf"": 2, ""n_estimators"": 500}",,201934907,,
scale_fixed_et_sensitivity|strict6|Quantile + MI|3|4|Medium,fixed_extra_trees,148,AFP;Output;File,"{""bootstrap"": false, ""criterion"": ""squared_error"", ""max_features"": 1.0, ""min_samples_leaf"": 2, ""n_estimators"": 500}",,345624332,,
scale_fixed_et_sensitivity|strict6|Quantile + MI|3|4|Large,fixed_extra_trees,150,AFP;Input;Enquiry,"{""bootstrap"": false, ""criterion"": ""squared_error"", ""max_features"": 1.0, ""min_samples_leaf"": 2, ""n_estimators"": 500}",,924595195,,
scale_fixed_et_sensitivity|strict6|Global|3|5|All,fixed_extra_trees,449,AFP;Input;Output;Enquiry;File;Interface,"{""bootstrap"": false, ""criterion"": ""squared_error"", ""max_features"": 1.0, ""min_samples_leaf"": 2, ""n_estimators"": 500}",,2260279708,,
scale_fixed_et_sensitivity|strict6|Global + MI|3|5|All,fixed_extra_trees,449,AFP;Input;Enquiry,"{""bootstrap"": false, ""criterion"": ""squared_error"", ""max_features"": 1.0, ""min_samples_leaf"": 2, ""n_estimators"": 500}",,3512978175,,
scale_fixed_et_sensitivity|strict6|Quantile|3|5|Small,fixed_extra_trees,150,AFP;Input;Output;Enquiry;File;Interface,"{""bootstrap"": false, ""criterion"": ""squared_error"", ""max_features"": 1.0, ""min_samples_leaf"": 2, ""n_estimators"": 500}",,339219857,,
scale_fixed_et_sensitivity|strict6|Quantile|3|5|Medium,fixed_extra_trees,149,AFP;Input;Output;Enquiry;File;Interface,"{""bootstrap"": false, ""criterion"": ""squared_error"", ""max_features"": 1.0, ""min_samples_leaf"": 2, ""n_estimators"": 500}",,3234274577,,
scale_fixed_et_sensitivity|strict6|Quantile|3|5|Large,fixed_extra_trees,150,AFP;Input;Output;Enquiry;File;Interface,"{""bootstrap"": false, ""criterion"": ""squared_error"", ""max_features"": 1.0, ""min_samples_leaf"": 2, ""n_estimators"": 500}",,1859933490,,
scale_fixed_et_sensitivity|strict6|Quantile + MI|3|5|Small,fixed_extra_trees,150,AFP;Enquiry;Interface,"{""bootstrap"": false, ""criterion"": ""squared_error"", ""max_features"": 1.0, ""min_samples_leaf"": 2, ""n_estimators"": 500}",,2330629774,,
scale_fixed_et_sensitivity|strict6|Quantile + MI|3|5|Medium,fixed_extra_trees,149,AFP;Output;Interface,"{""bootstrap"": false, ""criterion"": ""squared_error"", ""max_features"": 1.0, ""min_samples_leaf"": 2, ""n_estimators"": 500}",,4118820646,,
scale_fixed_et_sensitivity|strict6|Quantile + MI|3|5|Large,fixed_extra_trees,150,AFP;Input;Enquiry,"{""bootstrap"": false, ""criterion"": ""squared_error"", ""max_features"": 1.0, ""min_samples_leaf"": 2, ""n_estimators"": 500}",,2512824878,,
scale_fixed_et_sensitivity|strict6|Global|3|6|All,fixed_extra_trees,449,AFP;Input;Output;Enquiry;File;Interface,"{""bootstrap"": false, ""criterion"": ""squared_error"", ""max_features"": 1.0, ""min_samples_leaf"": 2, ""n_estimators"": 500}",,2141163620,,
scale_fixed_et_sensitivity|strict6|Global + MI|3|6|All,fixed_extra_trees,449,AFP;Input;Enquiry,"{""bootstrap"": false, ""criterion"": ""squared_error"", ""max_features"": 1.0, ""min_samples_leaf"": 2, ""n_estimators"": 500}",,3698850438,,
scale_fixed_et_sensitivity|strict6|Quantile|3|6|Small,fixed_extra_trees,150,AFP;Input;Output;Enquiry;File;Interface,"{""bootstrap"": false, ""criterion"": ""squared_error"", ""max_features"": 1.0, ""min_samples_leaf"": 2, ""n_estimators"": 500}",,3356126999,,
scale_fixed_et_sensitivity|strict6|Quantile|3|6|Medium,fixed_extra_trees,149,AFP;Input;Output;Enquiry;File;Interface,"{""bootstrap"": false, ""criterion"": ""squared_error"", ""max_features"": 1.0, ""min_samples_leaf"": 2, ""n_estimators"": 500}",,2647199010,,
scale_fixed_et_sensitivity|strict6|Quantile|3|6|Large,fixed_extra_trees,150,AFP;Input;Output;Enquiry;File;Interface,"{""bootstrap"": false, ""criterion"": ""squared_error"", ""max_features"": 1.0, ""min_samples_leaf"": 2, ""n_estimators"": 500}",,4151011686,,
scale_fixed_et_sensitivity|strict6|Quantile + MI|3|6|Small,fixed_extra_trees,150,AFP;Input;Enquiry,"{""bootstrap"": false, ""criterion"": ""squared_error"", ""max_features"": 1.0, ""min_samples_leaf"": 2, ""n_estimators"": 500}",,1021103483,,
scale_fixed_et_sensitivity|strict6|Quantile + MI|3|6|Medium,fixed_extra_trees,149,AFP;Input;Output,"{""bootstrap"": false, ""criterion"": ""squared_error"", ""max_features"": 1.0, ""min_samples_leaf"": 2, ""n_estimators"": 500}",,2952788923,,
scale_fixed_et_sensitivity|strict6|Quantile + MI|3|6|Large,fixed_extra_trees,150,AFP;Input;Enquiry,"{""bootstrap"": false, ""criterion"": ""squared_error"", ""max_features"": 1.0, ""min_samples_leaf"": 2, ""n_estimators"": 500}",,1439680019,,
scale_fixed_et_sensitivity|strict6|Global|3|7|All,fixed_extra_trees,449,AFP;Input;Output;Enquiry;File;Interface,"{""bootstrap"": false, ""criterion"": ""squared_error"", ""max_features"": 1.0, ""min_samples_leaf"": 2, ""n_estimators"": 500}",,4213618610,,
scale_fixed_et_sensitivity|strict6|Global + MI|3|7|All,fixed_extra_trees,449,AFP;Input;Enquiry,"{""bootstrap"": false, ""criterion"": ""squared_error"", ""max_features"": 1.0, ""min_samples_leaf"": 2, ""n_estimators"": 500}",,390259182,,
scale_fixed_et_sensitivity|strict6|Quantile|3|7|Small,fixed_extra_trees,150,AFP;Input;Output;Enquiry;File;Interface,"{""bootstrap"": false, ""criterion"": ""squared_error"", ""max_features"": 1.0, ""min_samples_leaf"": 2, ""n_estimators"": 500}",,2918536214,,
scale_fixed_et_sensitivity|strict6|Quantile|3|7|Medium,fixed_extra_trees,149,AFP;Input;Output;Enquiry;File;Interface,"{""bootstrap"": false, ""criterion"": ""squared_error"", ""max_features"": 1.0, ""min_samples_leaf"": 2, ""n_estimators"": 500}",,2297014414,,
scale_fixed_et_sensitivity|strict6|Quantile|3|7|Large,fixed_extra_trees,150,AFP;Input;Output;Enquiry;File;Interface,"{""bootstrap"": false, ""criterion"": ""squared_error"", ""max_features"": 1.0, ""min_samples_leaf"": 2, ""n_estimators"": 500}",,1753108136,,
scale_fixed_et_sensitivity|strict6|Quantile + MI|3|7|Small,fixed_extra_trees,150,Input;Output;Enquiry,"{""bootstrap"": false, ""criterion"": ""squared_error"", ""max_features"": 1.0, ""min_samples_leaf"": 2, ""n_estimators"": 500}",,3436160693,,
scale_fixed_et_sensitivity|strict6|Quantile + MI|3|7|Medium,fixed_extra_trees,149,AFP;Output;Interface,"{""bootstrap"": false, ""criterion"": ""squared_error"", ""max_features"": 1.0, ""min_samples_leaf"": 2, ""n_estimators"": 500}",,1059786488,,
scale_fixed_et_sensitivity|strict6|Quantile + MI|3|7|Large,fixed_extra_trees,150,AFP;Input;Enquiry,"{""bootstrap"": false, ""criterion"": ""squared_error"", ""max_features"": 1.0, ""min_samples_leaf"": 2, ""n_estimators"": 500}",,3623856619,,
scale_fixed_et_sensitivity|strict6|Global|3|8|All,fixed_extra_trees,449,AFP;Input;Output;Enquiry;File;Interface,"{""bootstrap"": false, ""criterion"": ""squared_error"", ""max_features"": 1.0, ""min_samples_leaf"": 2, ""n_estimators"": 500}",,3557909987,,
scale_fixed_et_sensitivity|strict6|Global + MI|3|8|All,fixed_extra_trees,449,AFP;Input;Enquiry,"{""bootstrap"": false, ""criterion"": ""squared_error"", ""max_features"": 1.0, ""min_samples_leaf"": 2, ""n_estimators"": 500}",,877692134,,
scale_fixed_et_sensitivity|strict6|Quantile|3|8|Small,fixed_extra_trees,150,AFP;Input;Output;Enquiry;File;Interface,"{""bootstrap"": false, ""criterion"": ""squared_error"", ""max_features"": 1.0, ""min_samples_leaf"": 2, ""n_estimators"": 500}",,3917961880,,
scale_fixed_et_sensitivity|strict6|Quantile|3|8|Medium,fixed_extra_trees,149,AFP;Input;Output;Enquiry;File;Interface,"{""bootstrap"": false, ""criterion"": ""squared_error"", ""max_features"": 1.0, ""min_samples_leaf"": 2, ""n_estimators"": 500}",,2557430685,,
scale_fixed_et_sensitivity|strict6|Quantile|3|8|Large,fixed_extra_trees,150,AFP;Input;Output;Enquiry;File;Interface,"{""bootstrap"": false, ""criterion"": ""squared_error"", ""max_features"": 1.0, ""min_samples_leaf"": 2, ""n_estimators"": 500}",,2551198162,,
scale_fixed_et_sensitivity|strict6|Quantile + MI|3|8|Small,fixed_extra_trees,150,AFP;Input;Enquiry,"{""bootstrap"": false, ""criterion"": ""squared_error"", ""max_features"": 1.0, ""min_samples_leaf"": 2, ""n_estimators"": 500}",,3336078501,,
scale_fixed_et_sensitivity|strict6|Quantile + MI|3|8|Medium,fixed_extra_trees,149,Output;File;Interface,"{""bootstrap"": false, ""criterion"": ""squared_error"", ""max_features"": 1.0, ""min_samples_leaf"": 2, ""n_estimators"": 500}",,3923644139,,
scale_fixed_et_sensitivity|strict6|Quantile + MI|3|8|Large,fixed_extra_trees,150,AFP;Input;Enquiry,"{""bootstrap"": false, ""criterion"": ""squared_error"", ""max_features"": 1.0, ""min_samples_leaf"": 2, ""n_estimators"": 500}",,886353107,,
scale_fixed_et_sensitivity|strict6|Global|3|9|All,fixed_extra_trees,449,AFP;Input;Output;Enquiry;File;Interface,"{""bootstrap"": false, ""criterion"": ""squared_error"", ""max_features"": 1.0, ""min_samples_leaf"": 2, ""n_estimators"": 500}",,57503298,,
scale_fixed_et_sensitivity|strict6|Global + MI|3|9|All,fixed_extra_trees,449,AFP;Input;Enquiry,"{""bootstrap"": false, ""criterion"": ""squared_error"", ""max_features"": 1.0, ""min_samples_leaf"": 2, ""n_estimators"": 500}",,2601404036,,
scale_fixed_et_sensitivity|strict6|Quantile|3|9|Small,fixed_extra_trees,150,AFP;Input;Output;Enquiry;File;Interface,"{""bootstrap"": false, ""criterion"": ""squared_error"", ""max_features"": 1.0, ""min_samples_leaf"": 2, ""n_estimators"": 500}",,60365769,,
scale_fixed_et_sensitivity|strict6|Quantile|3|9|Medium,fixed_extra_trees,149,AFP;Input;Output;Enquiry;File;Interface,"{""bootstrap"": false, ""criterion"": ""squared_error"", ""max_features"": 1.0, ""min_samples_leaf"": 2, ""n_estimators"": 500}",,4142719769,,
scale_fixed_et_sensitivity|strict6|Quantile|3|9|Large,fixed_extra_trees,150,AFP;Input;Output;Enquiry;File;Interface,"{""bootstrap"": false, ""criterion"": ""squared_error"", ""max_features"": 1.0, ""min_samples_leaf"": 2, ""n_estimators"": 500}",,1526450997,,
scale_fixed_et_sensitivity|strict6|Quantile + MI|3|9|Small,fixed_extra_trees,150,AFP;Enquiry;File,"{""bootstrap"": false, ""criterion"": ""squared_error"", ""max_features"": 1.0, ""min_samples_leaf"": 2, ""n_estimators"": 500}",,428975087,,
scale_fixed_et_sensitivity|strict6|Quantile + MI|3|9|Medium,fixed_extra_trees,149,AFP;Input;Output,"{""bootstrap"": false, ""criterion"": ""squared_error"", ""max_features"": 1.0, ""min_samples_leaf"": 2, ""n_estimators"": 500}",,3012833670,,
scale_fixed_et_sensitivity|strict6|Quantile + MI|3|9|Large,fixed_extra_trees,150,AFP;Input;Enquiry,"{""bootstrap"": false, ""criterion"": ""squared_error"", ""max_features"": 1.0, ""min_samples_leaf"": 2, ""n_estimators"": 500}",,3158104684,,
scale_fixed_et_sensitivity|strict6|Global|3|10|All,fixed_extra_trees,450,AFP;Input;Output;Enquiry;File;Interface,"{""bootstrap"": false, ""criterion"": ""squared_error"", ""max_features"": 1.0, ""min_samples_leaf"": 2, ""n_estimators"": 500}",,906730330,,
scale_fixed_et_sensitivity|strict6|Global + MI|3|10|All,fixed_extra_trees,450,AFP;Input;Enquiry,"{""bootstrap"": false, ""criterion"": ""squared_error"", ""max_features"": 1.0, ""min_samples_leaf"": 2, ""n_estimators"": 500}",,145290892,,
scale_fixed_et_sensitivity|strict6|Quantile|3|10|Small,fixed_extra_trees,151,AFP;Input;Output;Enquiry;File;Interface,"{""bootstrap"": false, ""criterion"": ""squared_error"", ""max_features"": 1.0, ""min_samples_leaf"": 2, ""n_estimators"": 500}",,3472416378,,
scale_fixed_et_sensitivity|strict6|Quantile|3|10|Medium,fixed_extra_trees,150,AFP;Input;Output;Enquiry;File;Interface,"{""bootstrap"": false, ""criterion"": ""squared_error"", ""max_features"": 1.0, ""min_samples_leaf"": 2, ""n_estimators"": 500}",,3113000662,,
scale_fixed_et_sensitivity|strict6|Quantile|3|10|Large,fixed_extra_trees,149,AFP;Input;Output;Enquiry;File;Interface,"{""bootstrap"": false, ""criterion"": ""squared_error"", ""max_features"": 1.0, ""min_samples_leaf"": 2, ""n_estimators"": 500}",,3789999664,,
scale_fixed_et_sensitivity|strict6|Quantile + MI|3|10|Small,fixed_extra_trees,151,AFP;Output;Enquiry,"{""bootstrap"": false, ""criterion"": ""squared_error"", ""max_features"": 1.0, ""min_samples_leaf"": 2, ""n_estimators"": 500}",,39390816,,
scale_fixed_et_sensitivity|strict6|Quantile + MI|3|10|Medium,fixed_extra_trees,150,AFP;Output;Interface,"{""bootstrap"": false, ""criterion"": ""squared_error"", ""max_features"": 1.0, ""min_samples_leaf"": 2, ""n_estimators"": 500}",,1269361578,,
scale_fixed_et_sensitivity|strict6|Quantile + MI|3|10|Large,fixed_extra_trees,149,AFP;Input;Enquiry,"{""bootstrap"": false, ""criterion"": ""squared_error"", ""max_features"": 1.0, ""min_samples_leaf"": 2, ""n_estimators"": 500}",,1438327290,,
scale_fixed_et_sensitivity|strict6|Global|4|1|All,fixed_extra_trees,449,AFP;Input;Output;Enquiry;File;Interface,"{""bootstrap"": false, ""criterion"": ""squared_error"", ""max_features"": 1.0, ""min_samples_leaf"": 2, ""n_estimators"": 500}",,1248331386,,
scale_fixed_et_sensitivity|strict6|Global + MI|4|1|All,fixed_extra_trees,449,AFP;Input;Enquiry,"{""bootstrap"": false, ""criterion"": ""squared_error"", ""max_features"": 1.0, ""min_samples_leaf"": 2, ""n_estimators"": 500}",,255043034,,
scale_fixed_et_sensitivity|strict6|Quantile|4|1|Small,fixed_extra_trees,150,AFP;Input;Output;Enquiry;File;Interface,"{""bootstrap"": false, ""criterion"": ""squared_error"", ""max_features"": 1.0, ""min_samples_leaf"": 2, ""n_estimators"": 500}",,192188990,,
scale_fixed_et_sensitivity|strict6|Quantile|4|1|Medium,fixed_extra_trees,149,AFP;Input;Output;Enquiry;File;Interface,"{""bootstrap"": false, ""criterion"": ""squared_error"", ""max_features"": 1.0, ""min_samples_leaf"": 2, ""n_estimators"": 500}",,4151654488,,
scale_fixed_et_sensitivity|strict6|Quantile|4|1|Large,fixed_extra_trees,150,AFP;Input;Output;Enquiry;File;Interface,"{""bootstrap"": false, ""criterion"": ""squared_error"", ""max_features"": 1.0, ""min_samples_leaf"": 2, ""n_estimators"": 500}",,3128553536,,
scale_fixed_et_sensitivity|strict6|Quantile + MI|4|1|Small,fixed_extra_trees,150,AFP;Input;Enquiry,"{""bootstrap"": false, ""criterion"": ""squared_error"", ""max_features"": 1.0, ""min_samples_leaf"": 2, ""n_estimators"": 500}",,947263213,,
scale_fixed_et_sensitivity|strict6|Quantile + MI|4|1|Medium,fixed_extra_trees,149,AFP;Output;Interface,"{""bootstrap"": false, ""criterion"": ""squared_error"", ""max_features"": 1.0, ""min_samples_leaf"": 2, ""n_estimators"": 500}",,1198281244,,
scale_fixed_et_sensitivity|strict6|Quantile + MI|4|1|Large,fixed_extra_trees,150,AFP;Input;Enquiry,"{""bootstrap"": false, ""criterion"": ""squared_error"", ""max_features"": 1.0, ""min_samples_leaf"": 2, ""n_estimators"": 500}",,1515126106,,
scale_fixed_et_sensitivity|strict6|Global|4|2|All,fixed_extra_trees,449,AFP;Input;Output;Enquiry;File;Interface,"{""bootstrap"": false, ""criterion"": ""squared_error"", ""max_features"": 1.0, ""min_samples_leaf"": 2, ""n_estimators"": 500}",,3355098766,,
scale_fixed_et_sensitivity|strict6|Global + MI|4|2|All,fixed_extra_trees,449,AFP;Input;Enquiry,"{""bootstrap"": false, ""criterion"": ""squared_error"", ""max_features"": 1.0, ""min_samples_leaf"": 2, ""n_estimators"": 500}",,796793116,,
scale_fixed_et_sensitivity|strict6|Quantile|4|2|Small,fixed_extra_trees,150,AFP;Input;Output;Enquiry;File;Interface,"{""bootstrap"": false, ""criterion"": ""squared_error"", ""max_features"": 1.0, ""min_samples_leaf"": 2, ""n_estimators"": 500}",,2771254323,,
scale_fixed_et_sensitivity|strict6|Quantile|4|2|Medium,fixed_extra_trees,149,AFP;Input;Output;Enquiry;File;Interface,"{""bootstrap"": false, ""criterion"": ""squared_error"", ""max_features"": 1.0, ""min_samples_leaf"": 2, ""n_estimators"": 500}",,2659987273,,
scale_fixed_et_sensitivity|strict6|Quantile|4|2|Large,fixed_extra_trees,150,AFP;Input;Output;Enquiry;File;Interface,"{""bootstrap"": false, ""criterion"": ""squared_error"", ""max_features"": 1.0, ""min_samples_leaf"": 2, ""n_estimators"": 500}",,1348343672,,
scale_fixed_et_sensitivity|strict6|Quantile + MI|4|2|Small,fixed_extra_trees,150,AFP;Enquiry;Interface,"{""bootstrap"": false, ""criterion"": ""squared_error"", ""max_features"": 1.0, ""min_samples_leaf"": 2, ""n_estimators"": 500}",,414928214,,
scale_fixed_et_sensitivity|strict6|Quantile + MI|4|2|Medium,fixed_extra_trees,149,Output;File;Interface,"{""bootstrap"": false, ""criterion"": ""squared_error"", ""max_features"": 1.0, ""min_samples_leaf"": 2, ""n_estimators"": 500}",,3714387362,,
scale_fixed_et_sensitivity|strict6|Quantile + MI|4|2|Large,fixed_extra_trees,150,AFP;Input;Enquiry,"{""bootstrap"": false, ""criterion"": ""squared_error"", ""max_features"": 1.0, ""min_samples_leaf"": 2, ""n_estimators"": 500}",,3563140205,,
scale_fixed_et_sensitivity|strict6|Global|4|3|All,fixed_extra_trees,449,AFP;Input;Output;Enquiry;File;Interface,"{""bootstrap"": false, ""criterion"": ""squared_error"", ""max_features"": 1.0, ""min_samples_leaf"": 2, ""n_estimators"": 500}",,3099367526,,
scale_fixed_et_sensitivity|strict6|Global + MI|4|3|All,fixed_extra_trees,449,AFP;Input;Enquiry,"{""bootstrap"": false, ""criterion"": ""squared_error"", ""max_features"": 1.0, ""min_samples_leaf"": 2, ""n_estimators"": 500}",,708076934,,
scale_fixed_et_sensitivity|strict6|Quantile|4|3|Small,fixed_extra_trees,150,AFP;Input;Output;Enquiry;File;Interface,"{""bootstrap"": false, ""criterion"": ""squared_error"", ""max_features"": 1.0, ""min_samples_leaf"": 2, ""n_estimators"": 500}",,2430651743,,
scale_fixed_et_sensitivity|strict6|Quantile|4|3|Medium,fixed_extra_trees,149,AFP;Input;Output;Enquiry;File;Interface,"{""bootstrap"": false, ""criterion"": ""squared_error"", ""max_features"": 1.0, ""min_samples_leaf"": 2, ""n_estimators"": 500}",,1410440085,,
scale_fixed_et_sensitivity|strict6|Quantile|4|3|Large,fixed_extra_trees,150,AFP;Input;Output;Enquiry;File;Interface,"{""bootstrap"": false, ""criterion"": ""squared_error"", ""max_features"": 1.0, ""min_samples_leaf"": 2, ""n_estimators"": 500}",,4256349718,,
scale_fixed_et_sensitivity|strict6|Quantile + MI|4|3|Small,fixed_extra_trees,150,AFP;Enquiry;Interface,"{""bootstrap"": false, ""criterion"": ""squared_error"", ""max_features"": 1.0, ""min_samples_leaf"": 2, ""n_estimators"": 500}",,3905032396,,
scale_fixed_et_sensitivity|strict6|Quantile + MI|4|3|Medium,fixed_extra_trees,149,AFP;Input;Output,"{""bootstrap"": false, ""criterion"": ""squared_error"", ""max_features"": 1.0, ""min_samples_leaf"": 2, ""n_estimators"": 500}",,1035264110,,
scale_fixed_et_sensitivity|strict6|Quantile + MI|4|3|Large,fixed_extra_trees,150,AFP;Input;Enquiry,"{""bootstrap"": false, ""criterion"": ""squared_error"", ""max_features"": 1.0, ""min_samples_leaf"": 2, ""n_estimators"": 500}",,2265739393,,
scale_fixed_et_sensitivity|strict6|Global|4|4|All,fixed_extra_trees,449,AFP;Input;Output;Enquiry;File;Interface,"{""bootstrap"": false, ""criterion"": ""squared_error"", ""max_features"": 1.0, ""min_samples_leaf"": 2, ""n_estimators"": 500}",,227909554,,
scale_fixed_et_sensitivity|strict6|Global + MI|4|4|All,fixed_extra_trees,449,AFP;Enquiry;File,"{""bootstrap"": false, ""criterion"": ""squared_error"", ""max_features"": 1.0, ""min_samples_leaf"": 2, ""n_estimators"": 500}",,1570702692,,
scale_fixed_et_sensitivity|strict6|Quantile|4|4|Small,fixed_extra_trees,150,AFP;Input;Output;Enquiry;File;Interface,"{""bootstrap"": false, ""criterion"": ""squared_error"", ""max_features"": 1.0, ""min_samples_leaf"": 2, ""n_estimators"": 500}",,1778423397,,
scale_fixed_et_sensitivity|strict6|Quantile|4|4|Medium,fixed_extra_trees,149,AFP;Input;Output;Enquiry;File;Interface,"{""bootstrap"": false, ""criterion"": ""squared_error"", ""max_features"": 1.0, ""min_samples_leaf"": 2, ""n_estimators"": 500}",,3649239514,,
scale_fixed_et_sensitivity|strict6|Quantile|4|4|Large,fixed_extra_trees,150,AFP;Input;Output;Enquiry;File;Interface,"{""bootstrap"": false, ""criterion"": ""squared_error"", ""max_features"": 1.0, ""min_samples_leaf"": 2, ""n_estimators"": 500}",,1865920083,,
scale_fixed_et_sensitivity|strict6|Quantile + MI|4|4|Small,fixed_extra_trees,150,Output;Enquiry;File,"{""bootstrap"": false, ""criterion"": ""squared_error"", ""max_features"": 1.0, ""min_samples_leaf"": 2, ""n_estimators"": 500}",,3683278331,,
scale_fixed_et_sensitivity|strict6|Quantile + MI|4|4|Medium,fixed_extra_trees,149,AFP;Output;Interface,"{""bootstrap"": false, ""criterion"": ""squared_error"", ""max_features"": 1.0, ""min_samples_leaf"": 2, ""n_estimators"": 500}",,613376878,,
scale_fixed_et_sensitivity|strict6|Quantile + MI|4|4|Large,fixed_extra_trees,150,AFP;Input;Enquiry,"{""bootstrap"": false, ""criterion"": ""squared_error"", ""max_features"": 1.0, ""min_samples_leaf"": 2, ""n_estimators"": 500}",,774706275,,
scale_fixed_et_sensitivity|strict6|Global|4|5|All,fixed_extra_trees,449,AFP;Input;Output;Enquiry;File;Interface,"{""bootstrap"": false, ""criterion"": ""squared_error"", ""max_features"": 1.0, ""min_samples_leaf"": 2, ""n_estimators"": 500}",,3956861874,,
scale_fixed_et_sensitivity|strict6|Global + MI|4|5|All,fixed_extra_trees,449,AFP;Input;Enquiry,"{""bootstrap"": false, ""criterion"": ""squared_error"", ""max_features"": 1.0, ""min_samples_leaf"": 2, ""n_estimators"": 500}",,348861173,,
scale_fixed_et_sensitivity|strict6|Quantile|4|5|Small,fixed_extra_trees,150,AFP;Input;Output;Enquiry;File;Interface,"{""bootstrap"": false, ""criterion"": ""squared_error"", ""max_features"": 1.0, ""min_samples_leaf"": 2, ""n_estimators"": 500}",,1515579074,,
scale_fixed_et_sensitivity|strict6|Quantile|4|5|Medium,fixed_extra_trees,149,AFP;Input;Output;Enquiry;File;Interface,"{""bootstrap"": false, ""criterion"": ""squared_error"", ""max_features"": 1.0, ""min_samples_leaf"": 2, ""n_estimators"": 500}",,1278804716,,
scale_fixed_et_sensitivity|strict6|Quantile|4|5|Large,fixed_extra_trees,150,AFP;Input;Output;Enquiry;File;Interface,"{""bootstrap"": false, ""criterion"": ""squared_error"", ""max_features"": 1.0, ""min_samples_leaf"": 2, ""n_estimators"": 500}",,1006413820,,
scale_fixed_et_sensitivity|strict6|Quantile + MI|4|5|Small,fixed_extra_trees,150,AFP;Input;Enquiry,"{""bootstrap"": false, ""criterion"": ""squared_error"", ""max_features"": 1.0, ""min_samples_leaf"": 2, ""n_estimators"": 500}",,2684743922,,
scale_fixed_et_sensitivity|strict6|Quantile + MI|4|5|Medium,fixed_extra_trees,149,AFP;Output;Interface,"{""bootstrap"": false, ""criterion"": ""squared_error"", ""max_features"": 1.0, ""min_samples_leaf"": 2, ""n_estimators"": 500}",,4047583438,,
scale_fixed_et_sensitivity|strict6|Quantile + MI|4|5|Large,fixed_extra_trees,150,AFP;Input;Enquiry,"{""bootstrap"": false, ""criterion"": ""squared_error"", ""max_features"": 1.0, ""min_samples_leaf"": 2, ""n_estimators"": 500}",,2253804372,,
scale_fixed_et_sensitivity|strict6|Global|4|6|All,fixed_extra_trees,449,AFP;Input;Output;Enquiry;File;Interface,"{""bootstrap"": false, ""criterion"": ""squared_error"", ""max_features"": 1.0, ""min_samples_leaf"": 2, ""n_estimators"": 500}",,1554843336,,
scale_fixed_et_sensitivity|strict6|Global + MI|4|6|All,fixed_extra_trees,449,AFP;Input;Enquiry,"{""bootstrap"": false, ""criterion"": ""squared_error"", ""max_features"": 1.0, ""min_samples_leaf"": 2, ""n_estimators"": 500}",,408428533,,
scale_fixed_et_sensitivity|strict6|Quantile|4|6|Small,fixed_extra_trees,150,AFP;Input;Output;Enquiry;File;Interface,"{""bootstrap"": false, ""criterion"": ""squared_error"", ""max_features"": 1.0, ""min_samples_leaf"": 2, ""n_estimators"": 500}",,3239373695,,
scale_fixed_et_sensitivity|strict6|Quantile|4|6|Medium,fixed_extra_trees,149,AFP;Input;Output;Enquiry;File;Interface,"{""bootstrap"": false, ""criterion"": ""squared_error"", ""max_features"": 1.0, ""min_samples_leaf"": 2, ""n_estimators"": 500}",,3133155189,,
scale_fixed_et_sensitivity|strict6|Quantile|4|6|Large,fixed_extra_trees,150,AFP;Input;Output;Enquiry;File;Interface,"{""bootstrap"": false, ""criterion"": ""squared_error"", ""max_features"": 1.0, ""min_samples_leaf"": 2, ""n_estimators"": 500}",,1430759334,,
scale_fixed_et_sensitivity|strict6|Quantile + MI|4|6|Small,fixed_extra_trees,150,AFP;Output;Enquiry,"{""bootstrap"": false, ""criterion"": ""squared_error"", ""max_features"": 1.0, ""min_samples_leaf"": 2, ""n_estimators"": 500}",,3232623199,,
scale_fixed_et_sensitivity|strict6|Quantile + MI|4|6|Medium,fixed_extra_trees,149,AFP;Input;Output,"{""bootstrap"": false, ""criterion"": ""squared_error"", ""max_features"": 1.0, ""min_samples_leaf"": 2, ""n_estimators"": 500}",,12727152,,
scale_fixed_et_sensitivity|strict6|Quantile + MI|4|6|Large,fixed_extra_trees,150,AFP;Input;Enquiry,"{""bootstrap"": false, ""criterion"": ""squared_error"", ""max_features"": 1.0, ""min_samples_leaf"": 2, ""n_estimators"": 500}",,3374426926,,
scale_fixed_et_sensitivity|strict6|Global|4|7|All,fixed_extra_trees,449,AFP;Input;Output;Enquiry;File;Interface,"{""bootstrap"": false, ""criterion"": ""squared_error"", ""max_features"": 1.0, ""min_samples_leaf"": 2, ""n_estimators"": 500}",,4057039820,,
scale_fixed_et_sensitivity|strict6|Global + MI|4|7|All,fixed_extra_trees,449,AFP;Input;Enquiry,"{""bootstrap"": false, ""criterion"": ""squared_error"", ""max_features"": 1.0, ""min_samples_leaf"": 2, ""n_estimators"": 500}",,3034563527,,
scale_fixed_et_sensitivity|strict6|Quantile|4|7|Small,fixed_extra_trees,153,AFP;Input;Output;Enquiry;File;Interface,"{""bootstrap"": false, ""criterion"": ""squared_error"", ""max_features"": 1.0, ""min_samples_leaf"": 2, ""n_estimators"": 500}",,2594322476,,
scale_fixed_et_sensitivity|strict6|Quantile|4|7|Medium,fixed_extra_trees,146,AFP;Input;Output;Enquiry;File;Interface,"{""bootstrap"": false, ""criterion"": ""squared_error"", ""max_features"": 1.0, ""min_samples_leaf"": 2, ""n_estimators"": 500}",,3874351632,,
scale_fixed_et_sensitivity|strict6|Quantile|4|7|Large,fixed_extra_trees,150,AFP;Input;Output;Enquiry;File;Interface,"{""bootstrap"": false, ""criterion"": ""squared_error"", ""max_features"": 1.0, ""min_samples_leaf"": 2, ""n_estimators"": 500}",,3886156995,,
scale_fixed_et_sensitivity|strict6|Quantile + MI|4|7|Small,fixed_extra_trees,153,Output;Enquiry;Interface,"{""bootstrap"": false, ""criterion"": ""squared_error"", ""max_features"": 1.0, ""min_samples_leaf"": 2, ""n_estimators"": 500}",,1858278642,,
scale_fixed_et_sensitivity|strict6|Quantile + MI|4|7|Medium,fixed_extra_trees,146,AFP;Output;File,"{""bootstrap"": false, ""criterion"": ""squared_error"", ""max_features"": 1.0, ""min_samples_leaf"": 2, ""n_estimators"": 500}",,600164607,,
scale_fixed_et_sensitivity|strict6|Quantile + MI|4|7|Large,fixed_extra_trees,150,AFP;Input;Enquiry,"{""bootstrap"": false, ""criterion"": ""squared_error"", ""max_features"": 1.0, ""min_samples_leaf"": 2, ""n_estimators"": 500}",,3534967003,,
scale_fixed_et_sensitivity|strict6|Global|4|8|All,fixed_extra_trees,449,AFP;Input;Output;Enquiry;File;Interface,"{""bootstrap"": false, ""criterion"": ""squared_error"", ""max_features"": 1.0, ""min_samples_leaf"": 2, ""n_estimators"": 500}",,684092034,,
scale_fixed_et_sensitivity|strict6|Global + MI|4|8|All,fixed_extra_trees,449,AFP;Input;Enquiry,"{""bootstrap"": false, ""criterion"": ""squared_error"", ""max_features"": 1.0, ""min_samples_leaf"": 2, ""n_estimators"": 500}",,2017761347,,
scale_fixed_et_sensitivity|strict6|Quantile|4|8|Small,fixed_extra_trees,150,AFP;Input;Output;Enquiry;File;Interface,"{""bootstrap"": false, ""criterion"": ""squared_error"", ""max_features"": 1.0, ""min_samples_leaf"": 2, ""n_estimators"": 500}",,3192972571,,
scale_fixed_et_sensitivity|strict6|Quantile|4|8|Medium,fixed_extra_trees,149,AFP;Input;Output;Enquiry;File;Interface,"{""bootstrap"": false, ""criterion"": ""squared_error"", ""max_features"": 1.0, ""min_samples_leaf"": 2, ""n_estimators"": 500}",,75540500,,
scale_fixed_et_sensitivity|strict6|Quantile|4|8|Large,fixed_extra_trees,150,AFP;Input;Output;Enquiry;File;Interface,"{""bootstrap"": false, ""criterion"": ""squared_error"", ""max_features"": 1.0, ""min_samples_leaf"": 2, ""n_estimators"": 500}",,2094383483,,
scale_fixed_et_sensitivity|strict6|Quantile + MI|4|8|Small,fixed_extra_trees,150,AFP;Input;Enquiry,"{""bootstrap"": false, ""criterion"": ""squared_error"", ""max_features"": 1.0, ""min_samples_leaf"": 2, ""n_estimators"": 500}",,2996461822,,
scale_fixed_et_sensitivity|strict6|Quantile + MI|4|8|Medium,fixed_extra_trees,149,AFP;Output;Interface,"{""bootstrap"": false, ""criterion"": ""squared_error"", ""max_features"": 1.0, ""min_samples_leaf"": 2, ""n_estimators"": 500}",,1358854800,,
scale_fixed_et_sensitivity|strict6|Quantile + MI|4|8|Large,fixed_extra_trees,150,AFP;Input;Enquiry,"{""bootstrap"": false, ""criterion"": ""squared_error"", ""max_features"": 1.0, ""min_samples_leaf"": 2, ""n_estimators"": 500}",,1952474384,,
scale_fixed_et_sensitivity|strict6|Global|4|9|All,fixed_extra_trees,449,AFP;Input;Output;Enquiry;File;Interface,"{""bootstrap"": false, ""criterion"": ""squared_error"", ""max_features"": 1.0, ""min_samples_leaf"": 2, ""n_estimators"": 500}",,3612391593,,
scale_fixed_et_sensitivity|strict6|Global + MI|4|9|All,fixed_extra_trees,449,AFP;Input;Enquiry,"{""bootstrap"": false, ""criterion"": ""squared_error"", ""max_features"": 1.0, ""min_samples_leaf"": 2, ""n_estimators"": 500}",,4235016283,,
scale_fixed_et_sensitivity|strict6|Quantile|4|9|Small,fixed_extra_trees,152,AFP;Input;Output;Enquiry;File;Interface,"{""bootstrap"": false, ""criterion"": ""squared_error"", ""max_features"": 1.0, ""min_samples_leaf"": 2, ""n_estimators"": 500}",,1717704624,,
scale_fixed_et_sensitivity|strict6|Quantile|4|9|Medium,fixed_extra_trees,147,AFP;Input;Output;Enquiry;File;Interface,"{""bootstrap"": false, ""criterion"": ""squared_error"", ""max_features"": 1.0, ""min_samples_leaf"": 2, ""n_estimators"": 500}",,3982456297,,
scale_fixed_et_sensitivity|strict6|Quantile|4|9|Large,fixed_extra_trees,150,AFP;Input;Output;Enquiry;File;Interface,"{""bootstrap"": false, ""criterion"": ""squared_error"", ""max_features"": 1.0, ""min_samples_leaf"": 2, ""n_estimators"": 500}",,637992168,,
scale_fixed_et_sensitivity|strict6|Quantile + MI|4|9|Small,fixed_extra_trees,152,Input;Enquiry;Interface,"{""bootstrap"": false, ""criterion"": ""squared_error"", ""max_features"": 1.0, ""min_samples_leaf"": 2, ""n_estimators"": 500}",,3083075336,,
scale_fixed_et_sensitivity|strict6|Quantile + MI|4|9|Medium,fixed_extra_trees,147,Input;Output;Interface,"{""bootstrap"": false, ""criterion"": ""squared_error"", ""max_features"": 1.0, ""min_samples_leaf"": 2, ""n_estimators"": 500}",,3101794178,,
scale_fixed_et_sensitivity|strict6|Quantile + MI|4|9|Large,fixed_extra_trees,150,AFP;Input;Enquiry,"{""bootstrap"": false, ""criterion"": ""squared_error"", ""max_features"": 1.0, ""min_samples_leaf"": 2, ""n_estimators"": 500}",,2363257397,,
scale_fixed_et_sensitivity|strict6|Global|4|10|All,fixed_extra_trees,450,AFP;Input;Output;Enquiry;File;Interface,"{""bootstrap"": false, ""criterion"": ""squared_error"", ""max_features"": 1.0, ""min_samples_leaf"": 2, ""n_estimators"": 500}",,1757364791,,
scale_fixed_et_sensitivity|strict6|Global + MI|4|10|All,fixed_extra_trees,450,AFP;Input;Enquiry,"{""bootstrap"": false, ""criterion"": ""squared_error"", ""max_features"": 1.0, ""min_samples_leaf"": 2, ""n_estimators"": 500}",,1562013648,,
scale_fixed_et_sensitivity|strict6|Quantile|4|10|Small,fixed_extra_trees,152,AFP;Input;Output;Enquiry;File;Interface,"{""bootstrap"": false, ""criterion"": ""squared_error"", ""max_features"": 1.0, ""min_samples_leaf"": 2, ""n_estimators"": 500}",,3112702788,,
scale_fixed_et_sensitivity|strict6|Quantile|4|10|Medium,fixed_extra_trees,148,AFP;Input;Output;Enquiry;File;Interface,"{""bootstrap"": false, ""criterion"": ""squared_error"", ""max_features"": 1.0, ""min_samples_leaf"": 2, ""n_estimators"": 500}",,3359683460,,
scale_fixed_et_sensitivity|strict6|Quantile|4|10|Large,fixed_extra_trees,150,AFP;Input;Output;Enquiry;File;Interface,"{""bootstrap"": false, ""criterion"": ""squared_error"", ""max_features"": 1.0, ""min_samples_leaf"": 2, ""n_estimators"": 500}",,734778079,,
scale_fixed_et_sensitivity|strict6|Quantile + MI|4|10|Small,fixed_extra_trees,152,AFP;Input;Enquiry,"{""bootstrap"": false, ""criterion"": ""squared_error"", ""max_features"": 1.0, ""min_samples_leaf"": 2, ""n_estimators"": 500}",,1290107526,,
scale_fixed_et_sensitivity|strict6|Quantile + MI|4|10|Medium,fixed_extra_trees,148,AFP;Output;Interface,"{""bootstrap"": false, ""criterion"": ""squared_error"", ""max_features"": 1.0, ""min_samples_leaf"": 2, ""n_estimators"": 500}",,1887089160,,
scale_fixed_et_sensitivity|strict6|Quantile + MI|4|10|Large,fixed_extra_trees,150,AFP;Input;Enquiry,"{""bootstrap"": false, ""criterion"": ""squared_error"", ""max_features"": 1.0, ""min_samples_leaf"": 2, ""n_estimators"": 500}",,3074442124,,
scale_fixed_et_sensitivity|strict6|Global|5|1|All,fixed_extra_trees,449,AFP;Input;Output;Enquiry;File;Interface,"{""bootstrap"": false, ""criterion"": ""squared_error"", ""max_features"": 1.0, ""min_samples_leaf"": 2, ""n_estimators"": 500}",,1697373145,,
scale_fixed_et_sensitivity|strict6|Global + MI|5|1|All,fixed_extra_trees,449,AFP;Input;Enquiry,"{""bootstrap"": false, ""criterion"": ""squared_error"", ""max_features"": 1.0, ""min_samples_leaf"": 2, ""n_estimators"": 500}",,3293261939,,
scale_fixed_et_sensitivity|strict6|Quantile|5|1|Small,fixed_extra_trees,152,AFP;Input;Output;Enquiry;File;Interface,"{""bootstrap"": false, ""criterion"": ""squared_error"", ""max_features"": 1.0, ""min_samples_leaf"": 2, ""n_estimators"": 500}",,2745026761,,
scale_fixed_et_sensitivity|strict6|Quantile|5|1|Medium,fixed_extra_trees,147,AFP;Input;Output;Enquiry;File;Interface,"{""bootstrap"": false, ""criterion"": ""squared_error"", ""max_features"": 1.0, ""min_samples_leaf"": 2, ""n_estimators"": 500}",,2965748509,,
scale_fixed_et_sensitivity|strict6|Quantile|5|1|Large,fixed_extra_trees,150,AFP;Input;Output;Enquiry;File;Interface,"{""bootstrap"": false, ""criterion"": ""squared_error"", ""max_features"": 1.0, ""min_samples_leaf"": 2, ""n_estimators"": 500}",,3428275658,,
scale_fixed_et_sensitivity|strict6|Quantile + MI|5|1|Small,fixed_extra_trees,152,AFP;Input;Enquiry,"{""bootstrap"": false, ""criterion"": ""squared_error"", ""max_features"": 1.0, ""min_samples_leaf"": 2, ""n_estimators"": 500}",,3225865840,,
scale_fixed_et_sensitivity|strict6|Quantile + MI|5|1|Medium,fixed_extra_trees,147,AFP;Input;Output,"{""bootstrap"": false, ""criterion"": ""squared_error"", ""max_features"": 1.0, ""min_samples_leaf"": 2, ""n_estimators"": 500}",,1067091073,,
scale_fixed_et_sensitivity|strict6|Quantile + MI|5|1|Large,fixed_extra_trees,150,AFP;Input;Enquiry,"{""bootstrap"": false, ""criterion"": ""squared_error"", ""max_features"": 1.0, ""min_samples_leaf"": 2, ""n_estimators"": 500}",,1510372796,,
scale_fixed_et_sensitivity|strict6|Global|5|2|All,fixed_extra_trees,449,AFP;Input;Output;Enquiry;File;Interface,"{""bootstrap"": false, ""criterion"": ""squared_error"", ""max_features"": 1.0, ""min_samples_leaf"": 2, ""n_estimators"": 500}",,1033640273,,
scale_fixed_et_sensitivity|strict6|Global + MI|5|2|All,fixed_extra_trees,449,AFP;Input;Enquiry,"{""bootstrap"": false, ""criterion"": ""squared_error"", ""max_features"": 1.0, ""min_samples_leaf"": 2, ""n_estimators"": 500}",,739519354,,
scale_fixed_et_sensitivity|strict6|Quantile|5|2|Small,fixed_extra_trees,150,AFP;Input;Output;Enquiry;File;Interface,"{""bootstrap"": false, ""criterion"": ""squared_error"", ""max_features"": 1.0, ""min_samples_leaf"": 2, ""n_estimators"": 500}",,1394559696,,
scale_fixed_et_sensitivity|strict6|Quantile|5|2|Medium,fixed_extra_trees,149,AFP;Input;Output;Enquiry;File;Interface,"{""bootstrap"": false, ""criterion"": ""squared_error"", ""max_features"": 1.0, ""min_samples_leaf"": 2, ""n_estimators"": 500}",,1035299419,,
scale_fixed_et_sensitivity|strict6|Quantile|5|2|Large,fixed_extra_trees,150,AFP;Input;Output;Enquiry;File;Interface,"{""bootstrap"": false, ""criterion"": ""squared_error"", ""max_features"": 1.0, ""min_samples_leaf"": 2, ""n_estimators"": 500}",,2978365823,,
scale_fixed_et_sensitivity|strict6|Quantile + MI|5|2|Small,fixed_extra_trees,150,AFP;Input;Enquiry,"{""bootstrap"": false, ""criterion"": ""squared_error"", ""max_features"": 1.0, ""min_samples_leaf"": 2, ""n_estimators"": 500}",,3054198851,,
scale_fixed_et_sensitivity|strict6|Quantile + MI|5|2|Medium,fixed_extra_trees,149,AFP;Output;File,"{""bootstrap"": false, ""criterion"": ""squared_error"", ""max_features"": 1.0, ""min_samples_leaf"": 2, ""n_estimators"": 500}",,3217178748,,
scale_fixed_et_sensitivity|strict6|Quantile + MI|5|2|Large,fixed_extra_trees,150,AFP;Input;Enquiry,"{""bootstrap"": false, ""criterion"": ""squared_error"", ""max_features"": 1.0, ""min_samples_leaf"": 2, ""n_estimators"": 500}",,1493726927,,
scale_fixed_et_sensitivity|strict6|Global|5|3|All,fixed_extra_trees,449,AFP;Input;Output;Enquiry;File;Interface,"{""bootstrap"": false, ""criterion"": ""squared_error"", ""max_features"": 1.0, ""min_samples_leaf"": 2, ""n_estimators"": 500}",,1819786428,,
scale_fixed_et_sensitivity|strict6|Global + MI|5|3|All,fixed_extra_trees,449,AFP;Input;Enquiry,"{""bootstrap"": false, ""criterion"": ""squared_error"", ""max_features"": 1.0, ""min_samples_leaf"": 2, ""n_estimators"": 500}",,1420036258,,
scale_fixed_et_sensitivity|strict6|Quantile|5|3|Small,fixed_extra_trees,150,AFP;Input;Output;Enquiry;File;Interface,"{""bootstrap"": false, ""criterion"": ""squared_error"", ""max_features"": 1.0, ""min_samples_leaf"": 2, ""n_estimators"": 500}",,1970062452,,
scale_fixed_et_sensitivity|strict6|Quantile|5|3|Medium,fixed_extra_trees,149,AFP;Input;Output;Enquiry;File;Interface,"{""bootstrap"": false, ""criterion"": ""squared_error"", ""max_features"": 1.0, ""min_samples_leaf"": 2, ""n_estimators"": 500}",,3050886222,,
scale_fixed_et_sensitivity|strict6|Quantile|5|3|Large,fixed_extra_trees,150,AFP;Input;Output;Enquiry;File;Interface,"{""bootstrap"": false, ""criterion"": ""squared_error"", ""max_features"": 1.0, ""min_samples_leaf"": 2, ""n_estimators"": 500}",,3806224103,,
scale_fixed_et_sensitivity|strict6|Quantile + MI|5|3|Small,fixed_extra_trees,150,AFP;Output;Enquiry,"{""bootstrap"": false, ""criterion"": ""squared_error"", ""max_features"": 1.0, ""min_samples_leaf"": 2, ""n_estimators"": 500}",,2262566887,,
scale_fixed_et_sensitivity|strict6|Quantile + MI|5|3|Medium,fixed_extra_trees,149,AFP;Input;Output,"{""bootstrap"": false, ""criterion"": ""squared_error"", ""max_features"": 1.0, ""min_samples_leaf"": 2, ""n_estimators"": 500}",,1579074030,,
scale_fixed_et_sensitivity|strict6|Quantile + MI|5|3|Large,fixed_extra_trees,150,AFP;Input;Enquiry,"{""bootstrap"": false, ""criterion"": ""squared_error"", ""max_features"": 1.0, ""min_samples_leaf"": 2, ""n_estimators"": 500}",,1853083765,,
scale_fixed_et_sensitivity|strict6|Global|5|4|All,fixed_extra_trees,449,AFP;Input;Output;Enquiry;File;Interface,"{""bootstrap"": false, ""criterion"": ""squared_error"", ""max_features"": 1.0, ""min_samples_leaf"": 2, ""n_estimators"": 500}",,2543816587,,
scale_fixed_et_sensitivity|strict6|Global + MI|5|4|All,fixed_extra_trees,449,AFP;Input;Enquiry,"{""bootstrap"": false, ""criterion"": ""squared_error"", ""max_features"": 1.0, ""min_samples_leaf"": 2, ""n_estimators"": 500}",,1783001347,,
scale_fixed_et_sensitivity|strict6|Quantile|5|4|Small,fixed_extra_trees,152,AFP;Input;Output;Enquiry;File;Interface,"{""bootstrap"": false, ""criterion"": ""squared_error"", ""max_features"": 1.0, ""min_samples_leaf"": 2, ""n_estimators"": 500}",,2051678299,,
scale_fixed_et_sensitivity|strict6|Quantile|5|4|Medium,fixed_extra_trees,147,AFP;Input;Output;Enquiry;File;Interface,"{""bootstrap"": false, ""criterion"": ""squared_error"", ""max_features"": 1.0, ""min_samples_leaf"": 2, ""n_estimators"": 500}",,2632059085,,
scale_fixed_et_sensitivity|strict6|Quantile|5|4|Large,fixed_extra_trees,150,AFP;Input;Output;Enquiry;File;Interface,"{""bootstrap"": false, ""criterion"": ""squared_error"", ""max_features"": 1.0, ""min_samples_leaf"": 2, ""n_estimators"": 500}",,152295013,,
scale_fixed_et_sensitivity|strict6|Quantile + MI|5|4|Small,fixed_extra_trees,152,AFP;Output;Enquiry,"{""bootstrap"": false, ""criterion"": ""squared_error"", ""max_features"": 1.0, ""min_samples_leaf"": 2, ""n_estimators"": 500}",,4113281679,,
scale_fixed_et_sensitivity|strict6|Quantile + MI|5|4|Medium,fixed_extra_trees,147,AFP;Output;Interface,"{""bootstrap"": false, ""criterion"": ""squared_error"", ""max_features"": 1.0, ""min_samples_leaf"": 2, ""n_estimators"": 500}",,2054189363,,
scale_fixed_et_sensitivity|strict6|Quantile + MI|5|4|Large,fixed_extra_trees,150,AFP;Input;Enquiry,"{""bootstrap"": false, ""criterion"": ""squared_error"", ""max_features"": 1.0, ""min_samples_leaf"": 2, ""n_estimators"": 500}",,2833605048,,
scale_fixed_et_sensitivity|strict6|Global|5|5|All,fixed_extra_trees,449,AFP;Input;Output;Enquiry;File;Interface,"{""bootstrap"": false, ""criterion"": ""squared_error"", ""max_features"": 1.0, ""min_samples_leaf"": 2, ""n_estimators"": 500}",,3159890195,,
scale_fixed_et_sensitivity|strict6|Global + MI|5|5|All,fixed_extra_trees,449,AFP;Input;Enquiry,"{""bootstrap"": false, ""criterion"": ""squared_error"", ""max_features"": 1.0, ""min_samples_leaf"": 2, ""n_estimators"": 500}",,2553387649,,
scale_fixed_et_sensitivity|strict6|Quantile|5|5|Small,fixed_extra_trees,151,AFP;Input;Output;Enquiry;File;Interface,"{""bootstrap"": false, ""criterion"": ""squared_error"", ""max_features"": 1.0, ""min_samples_leaf"": 2, ""n_estimators"": 500}",,3763386172,,
scale_fixed_et_sensitivity|strict6|Quantile|5|5|Medium,fixed_extra_trees,148,AFP;Input;Output;Enquiry;File;Interface,"{""bootstrap"": false, ""criterion"": ""squared_error"", ""max_features"": 1.0, ""min_samples_leaf"": 2, ""n_estimators"": 500}",,1500409687,,
scale_fixed_et_sensitivity|strict6|Quantile|5|5|Large,fixed_extra_trees,150,AFP;Input;Output;Enquiry;File;Interface,"{""bootstrap"": false, ""criterion"": ""squared_error"", ""max_features"": 1.0, ""min_samples_leaf"": 2, ""n_estimators"": 500}",,805271377,,
scale_fixed_et_sensitivity|strict6|Quantile + MI|5|5|Small,fixed_extra_trees,151,AFP;Output;Enquiry,"{""bootstrap"": false, ""criterion"": ""squared_error"", ""max_features"": 1.0, ""min_samples_leaf"": 2, ""n_estimators"": 500}",,632315388,,
scale_fixed_et_sensitivity|strict6|Quantile + MI|5|5|Medium,fixed_extra_trees,148,Output;File;Interface,"{""bootstrap"": false, ""criterion"": ""squared_error"", ""max_features"": 1.0, ""min_samples_leaf"": 2, ""n_estimators"": 500}",,1754417679,,
scale_fixed_et_sensitivity|strict6|Quantile + MI|5|5|Large,fixed_extra_trees,150,AFP;Input;Enquiry,"{""bootstrap"": false, ""criterion"": ""squared_error"", ""max_features"": 1.0, ""min_samples_leaf"": 2, ""n_estimators"": 500}",,3431062126,,
scale_fixed_et_sensitivity|strict6|Global|5|6|All,fixed_extra_trees,449,AFP;Input;Output;Enquiry;File;Interface,"{""bootstrap"": false, ""criterion"": ""squared_error"", ""max_features"": 1.0, ""min_samples_leaf"": 2, ""n_estimators"": 500}",,260362690,,
scale_fixed_et_sensitivity|strict6|Global + MI|5|6|All,fixed_extra_trees,449,AFP;Input;Enquiry,"{""bootstrap"": false, ""criterion"": ""squared_error"", ""max_features"": 1.0, ""min_samples_leaf"": 2, ""n_estimators"": 500}",,2135665862,,
scale_fixed_et_sensitivity|strict6|Quantile|5|6|Small,fixed_extra_trees,152,AFP;Input;Output;Enquiry;File;Interface,"{""bootstrap"": false, ""criterion"": ""squared_error"", ""max_features"": 1.0, ""min_samples_leaf"": 2, ""n_estimators"": 500}",,679198072,,
scale_fixed_et_sensitivity|strict6|Quantile|5|6|Medium,fixed_extra_trees,147,AFP;Input;Output;Enquiry;File;Interface,"{""bootstrap"": false, ""criterion"": ""squared_error"", ""max_features"": 1.0, ""min_samples_leaf"": 2, ""n_estimators"": 500}",,2130560137,,
scale_fixed_et_sensitivity|strict6|Quantile|5|6|Large,fixed_extra_trees,150,AFP;Input;Output;Enquiry;File;Interface,"{""bootstrap"": false, ""criterion"": ""squared_error"", ""max_features"": 1.0, ""min_samples_leaf"": 2, ""n_estimators"": 500}",,3051893158,,
scale_fixed_et_sensitivity|strict6|Quantile + MI|5|6|Small,fixed_extra_trees,152,AFP;Input;Enquiry,"{""bootstrap"": false, ""criterion"": ""squared_error"", ""max_features"": 1.0, ""min_samples_leaf"": 2, ""n_estimators"": 500}",,664786321,,
scale_fixed_et_sensitivity|strict6|Quantile + MI|5|6|Medium,fixed_extra_trees,147,AFP;Input;Output,"{""bootstrap"": false, ""criterion"": ""squared_error"", ""max_features"": 1.0, ""min_samples_leaf"": 2, ""n_estimators"": 500}",,850664382,,
scale_fixed_et_sensitivity|strict6|Quantile + MI|5|6|Large,fixed_extra_trees,150,AFP;Input;Enquiry,"{""bootstrap"": false, ""criterion"": ""squared_error"", ""max_features"": 1.0, ""min_samples_leaf"": 2, ""n_estimators"": 500}",,4174820616,,
scale_fixed_et_sensitivity|strict6|Global|5|7|All,fixed_extra_trees,449,AFP;Input;Output;Enquiry;File;Interface,"{""bootstrap"": false, ""criterion"": ""squared_error"", ""max_features"": 1.0, ""min_samples_leaf"": 2, ""n_estimators"": 500}",,117124536,,
scale_fixed_et_sensitivity|strict6|Global + MI|5|7|All,fixed_extra_trees,449,AFP;Input;File,"{""bootstrap"": false, ""criterion"": ""squared_error"", ""max_features"": 1.0, ""min_samples_leaf"": 2, ""n_estimators"": 500}",,600439841,,
scale_fixed_et_sensitivity|strict6|Quantile|5|7|Small,fixed_extra_trees,150,AFP;Input;Output;Enquiry;File;Interface,"{""bootstrap"": false, ""criterion"": ""squared_error"", ""max_features"": 1.0, ""min_samples_leaf"": 2, ""n_estimators"": 500}",,483985431,,
scale_fixed_et_sensitivity|strict6|Quantile|5|7|Medium,fixed_extra_trees,149,AFP;Input;Output;Enquiry;File;Interface,"{""bootstrap"": false, ""criterion"": ""squared_error"", ""max_features"": 1.0, ""min_samples_leaf"": 2, ""n_estimators"": 500}",,2080204700,,
scale_fixed_et_sensitivity|strict6|Quantile|5|7|Large,fixed_extra_trees,150,AFP;Input;Output;Enquiry;File;Interface,"{""bootstrap"": false, ""criterion"": ""squared_error"", ""max_features"": 1.0, ""min_samples_leaf"": 2, ""n_estimators"": 500}",,4007164800,,
scale_fixed_et_sensitivity|strict6|Quantile + MI|5|7|Small,fixed_extra_trees,150,AFP;Input;Enquiry,"{""bootstrap"": false, ""criterion"": ""squared_error"", ""max_features"": 1.0, ""min_samples_leaf"": 2, ""n_estimators"": 500}",,3491722967,,
scale_fixed_et_sensitivity|strict6|Quantile + MI|5|7|Medium,fixed_extra_trees,149,AFP;Output;Interface,"{""bootstrap"": false, ""criterion"": ""squared_error"", ""max_features"": 1.0, ""min_samples_leaf"": 2, ""n_estimators"": 500}",,2880263919,,
scale_fixed_et_sensitivity|strict6|Quantile + MI|5|7|Large,fixed_extra_trees,150,AFP;Input;Enquiry,"{""bootstrap"": false, ""criterion"": ""squared_error"", ""max_features"": 1.0, ""min_samples_leaf"": 2, ""n_estimators"": 500}",,2137185971,,
scale_fixed_et_sensitivity|strict6|Global|5|8|All,fixed_extra_trees,449,AFP;Input;Output;Enquiry;File;Interface,"{""bootstrap"": false, ""criterion"": ""squared_error"", ""max_features"": 1.0, ""min_samples_leaf"": 2, ""n_estimators"": 500}",,2600401989,,
scale_fixed_et_sensitivity|strict6|Global + MI|5|8|All,fixed_extra_trees,449,AFP;Input;Enquiry,"{""bootstrap"": false, ""criterion"": ""squared_error"", ""max_features"": 1.0, ""min_samples_leaf"": 2, ""n_estimators"": 500}",,1791956771,,
scale_fixed_et_sensitivity|strict6|Quantile|5|8|Small,fixed_extra_trees,153,AFP;Input;Output;Enquiry;File;Interface,"{""bootstrap"": false, ""criterion"": ""squared_error"", ""max_features"": 1.0, ""min_samples_leaf"": 2, ""n_estimators"": 500}",,4088401201,,
scale_fixed_et_sensitivity|strict6|Quantile|5|8|Medium,fixed_extra_trees,146,AFP;Input;Output;Enquiry;File;Interface,"{""bootstrap"": false, ""criterion"": ""squared_error"", ""max_features"": 1.0, ""min_samples_leaf"": 2, ""n_estimators"": 500}",,2774540068,,
scale_fixed_et_sensitivity|strict6|Quantile|5|8|Large,fixed_extra_trees,150,AFP;Input;Output;Enquiry;File;Interface,"{""bootstrap"": false, ""criterion"": ""squared_error"", ""max_features"": 1.0, ""min_samples_leaf"": 2, ""n_estimators"": 500}",,4192992433,,
scale_fixed_et_sensitivity|strict6|Quantile + MI|5|8|Small,fixed_extra_trees,153,AFP;Input;Enquiry,"{""bootstrap"": false, ""criterion"": ""squared_error"", ""max_features"": 1.0, ""min_samples_leaf"": 2, ""n_estimators"": 500}",,2947301650,,
scale_fixed_et_sensitivity|strict6|Quantile + MI|5|8|Medium,fixed_extra_trees,146,AFP;Output;File,"{""bootstrap"": false, ""criterion"": ""squared_error"", ""max_features"": 1.0, ""min_samples_leaf"": 2, ""n_estimators"": 500}",,822911753,,
scale_fixed_et_sensitivity|strict6|Quantile + MI|5|8|Large,fixed_extra_trees,150,AFP;Input;Enquiry,"{""bootstrap"": false, ""criterion"": ""squared_error"", ""max_features"": 1.0, ""min_samples_leaf"": 2, ""n_estimators"": 500}",,1427263271,,
scale_fixed_et_sensitivity|strict6|Global|5|9|All,fixed_extra_trees,449,AFP;Input;Output;Enquiry;File;Interface,"{""bootstrap"": false, ""criterion"": ""squared_error"", ""max_features"": 1.0, ""min_samples_leaf"": 2, ""n_estimators"": 500}",,3379330657,,
scale_fixed_et_sensitivity|strict6|Global + MI|5|9|All,fixed_extra_trees,449,AFP;Input;Enquiry,"{""bootstrap"": false, ""criterion"": ""squared_error"", ""max_features"": 1.0, ""min_samples_leaf"": 2, ""n_estimators"": 500}",,494080227,,
scale_fixed_et_sensitivity|strict6|Quantile|5|9|Small,fixed_extra_trees,151,AFP;Input;Output;Enquiry;File;Interface,"{""bootstrap"": false, ""criterion"": ""squared_error"", ""max_features"": 1.0, ""min_samples_leaf"": 2, ""n_estimators"": 500}",,1476672233,,
scale_fixed_et_sensitivity|strict6|Quantile|5|9|Medium,fixed_extra_trees,148,AFP;Input;Output;Enquiry;File;Interface,"{""bootstrap"": false, ""criterion"": ""squared_error"", ""max_features"": 1.0, ""min_samples_leaf"": 2, ""n_estimators"": 500}",,1963019359,,
scale_fixed_et_sensitivity|strict6|Quantile|5|9|Large,fixed_extra_trees,150,AFP;Input;Output;Enquiry;File;Interface,"{""bootstrap"": false, ""criterion"": ""squared_error"", ""max_features"": 1.0, ""min_samples_leaf"": 2, ""n_estimators"": 500}",,3884570847,,
scale_fixed_et_sensitivity|strict6|Quantile + MI|5|9|Small,fixed_extra_trees,151,AFP;Input;Enquiry,"{""bootstrap"": false, ""criterion"": ""squared_error"", ""max_features"": 1.0, ""min_samples_leaf"": 2, ""n_estimators"": 500}",,2965860462,,
scale_fixed_et_sensitivity|strict6|Quantile + MI|5|9|Medium,fixed_extra_trees,148,AFP;Input;Output,"{""bootstrap"": false, ""criterion"": ""squared_error"", ""max_features"": 1.0, ""min_samples_leaf"": 2, ""n_estimators"": 500}",,3607339327,,
scale_fixed_et_sensitivity|strict6|Quantile + MI|5|9|Large,fixed_extra_trees,150,AFP;Input;Enquiry,"{""bootstrap"": false, ""criterion"": ""squared_error"", ""max_features"": 1.0, ""min_samples_leaf"": 2, ""n_estimators"": 500}",,4167554785,,
scale_fixed_et_sensitivity|strict6|Global|5|10|All,fixed_extra_trees,450,AFP;Input;Output;Enquiry;File;Interface,"{""bootstrap"": false, ""criterion"": ""squared_error"", ""max_features"": 1.0, ""min_samples_leaf"": 2, ""n_estimators"": 500}",,929924859,,
scale_fixed_et_sensitivity|strict6|Global + MI|5|10|All,fixed_extra_trees,450,AFP;Input;Enquiry,"{""bootstrap"": false, ""criterion"": ""squared_error"", ""max_features"": 1.0, ""min_samples_leaf"": 2, ""n_estimators"": 500}",,896089979,,
scale_fixed_et_sensitivity|strict6|Quantile|5|10|Small,fixed_extra_trees,152,AFP;Input;Output;Enquiry;File;Interface,"{""bootstrap"": false, ""criterion"": ""squared_error"", ""max_features"": 1.0, ""min_samples_leaf"": 2, ""n_estimators"": 500}",,671255091,,
scale_fixed_et_sensitivity|strict6|Quantile|5|10|Medium,fixed_extra_trees,148,AFP;Input;Output;Enquiry;File;Interface,"{""bootstrap"": false, ""criterion"": ""squared_error"", ""max_features"": 1.0, ""min_samples_leaf"": 2, ""n_estimators"": 500}",,1085446112,,
scale_fixed_et_sensitivity|strict6|Quantile|5|10|Large,fixed_extra_trees,150,AFP;Input;Output;Enquiry;File;Interface,"{""bootstrap"": false, ""criterion"": ""squared_error"", ""max_features"": 1.0, ""min_samples_leaf"": 2, ""n_estimators"": 500}",,2444923868,,
scale_fixed_et_sensitivity|strict6|Quantile + MI|5|10|Small,fixed_extra_trees,152,AFP;Output;Enquiry,"{""bootstrap"": false, ""criterion"": ""squared_error"", ""max_features"": 1.0, ""min_samples_leaf"": 2, ""n_estimators"": 500}",,1898332702,,
scale_fixed_et_sensitivity|strict6|Quantile + MI|5|10|Medium,fixed_extra_trees,148,AFP;Output;File,"{""bootstrap"": false, ""criterion"": ""squared_error"", ""max_features"": 1.0, ""min_samples_leaf"": 2, ""n_estimators"": 500}",,423053289,,
scale_fixed_et_sensitivity|strict6|Quantile + MI|5|10|Large,fixed_extra_trees,150,AFP;Input;Enquiry,"{""bootstrap"": false, ""criterion"": ""squared_error"", ""max_features"": 1.0, ""min_samples_leaf"": 2, ""n_estimators"": 500}",,120618993,,
scale_fixed_et_sensitivity|uncertain9|Global|1|1|All,fixed_extra_trees,449,AFP;Input;Output;Enquiry;File;Interface;Added;Changed;Deleted,"{""bootstrap"": false, ""criterion"": ""squared_error"", ""max_features"": 1.0, ""min_samples_leaf"": 2, ""n_estimators"": 500}",,1069313263,,
scale_fixed_et_sensitivity|uncertain9|Global + MI|1|1|All,fixed_extra_trees,449,AFP;Input;Enquiry;File;Added,"{""bootstrap"": false, ""criterion"": ""squared_error"", ""max_features"": 1.0, ""min_samples_leaf"": 2, ""n_estimators"": 500}",,1263773427,,
scale_fixed_et_sensitivity|uncertain9|Quantile|1|1|Small,fixed_extra_trees,152,AFP;Input;Output;Enquiry;File;Interface;Added;Changed;Deleted,"{""bootstrap"": false, ""criterion"": ""squared_error"", ""max_features"": 1.0, ""min_samples_leaf"": 2, ""n_estimators"": 500}",,3512919878,,
scale_fixed_et_sensitivity|uncertain9|Quantile|1|1|Medium,fixed_extra_trees,147,AFP;Input;Output;Enquiry;File;Interface;Added;Changed;Deleted,"{""bootstrap"": false, ""criterion"": ""squared_error"", ""max_features"": 1.0, ""min_samples_leaf"": 2, ""n_estimators"": 500}",,1949636291,,
scale_fixed_et_sensitivity|uncertain9|Quantile|1|1|Large,fixed_extra_trees,150,AFP;Input;Output;Enquiry;File;Interface;Added;Changed;Deleted,"{""bootstrap"": false, ""criterion"": ""squared_error"", ""max_features"": 1.0, ""min_samples_leaf"": 2, ""n_estimators"": 500}",,4072580238,,
scale_fixed_et_sensitivity|uncertain9|Quantile + MI|1|1|Small,fixed_extra_trees,152,AFP;Enquiry;Interface;Added;Deleted,"{""bootstrap"": false, ""criterion"": ""squared_error"", ""max_features"": 1.0, ""min_samples_leaf"": 2, ""n_estimators"": 500}",,873893384,,
scale_fixed_et_sensitivity|uncertain9|Quantile + MI|1|1|Medium,fixed_extra_trees,147,AFP;Output;File;Interface;Deleted,"{""bootstrap"": false, ""criterion"": ""squared_error"", ""max_features"": 1.0, ""min_samples_leaf"": 2, ""n_estimators"": 500}",,1610018762,,
scale_fixed_et_sensitivity|uncertain9|Quantile + MI|1|1|Large,fixed_extra_trees,150,AFP;Input;Enquiry;Added;Deleted,"{""bootstrap"": false, ""criterion"": ""squared_error"", ""max_features"": 1.0, ""min_samples_leaf"": 2, ""n_estimators"": 500}",,4010306476,,
scale_fixed_et_sensitivity|uncertain9|Global|1|2|All,fixed_extra_trees,449,AFP;Input;Output;Enquiry;File;Interface;Added;Changed;Deleted,"{""bootstrap"": false, ""criterion"": ""squared_error"", ""max_features"": 1.0, ""min_samples_leaf"": 2, ""n_estimators"": 500}",,1967943739,,
scale_fixed_et_sensitivity|uncertain9|Global + MI|1|2|All,fixed_extra_trees,449,AFP;Input;Enquiry;File;Added,"{""bootstrap"": false, ""criterion"": ""squared_error"", ""max_features"": 1.0, ""min_samples_leaf"": 2, ""n_estimators"": 500}",,3901391803,,
scale_fixed_et_sensitivity|uncertain9|Quantile|1|2|Small,fixed_extra_trees,150,AFP;Input;Output;Enquiry;File;Interface;Added;Changed;Deleted,"{""bootstrap"": false, ""criterion"": ""squared_error"", ""max_features"": 1.0, ""min_samples_leaf"": 2, ""n_estimators"": 500}",,3482081101,,
scale_fixed_et_sensitivity|uncertain9|Quantile|1|2|Medium,fixed_extra_trees,149,AFP;Input;Output;Enquiry;File;Interface;Added;Changed;Deleted,"{""bootstrap"": false, ""criterion"": ""squared_error"", ""max_features"": 1.0, ""min_samples_leaf"": 2, ""n_estimators"": 500}",,508333901,,
scale_fixed_et_sensitivity|uncertain9|Quantile|1|2|Large,fixed_extra_trees,150,AFP;Input;Output;Enquiry;File;Interface;Added;Changed;Deleted,"{""bootstrap"": false, ""criterion"": ""squared_error"", ""max_features"": 1.0, ""min_samples_leaf"": 2, ""n_estimators"": 500}",,1475159346,,
scale_fixed_et_sensitivity|uncertain9|Quantile + MI|1|2|Small,fixed_extra_trees,150,Input;Output;Enquiry;Added;Deleted,"{""bootstrap"": false, ""criterion"": ""squared_error"", ""max_features"": 1.0, ""min_samples_leaf"": 2, ""n_estimators"": 500}",,3059550217,,
scale_fixed_et_sensitivity|uncertain9|Quantile + MI|1|2|Medium,fixed_extra_trees,149,AFP;Input;Output;Added;Deleted,"{""bootstrap"": false, ""criterion"": ""squared_error"", ""max_features"": 1.0, ""min_samples_leaf"": 2, ""n_estimators"": 500}",,3699995647,,
scale_fixed_et_sensitivity|uncertain9|Quantile + MI|1|2|Large,fixed_extra_trees,150,AFP;Input;Enquiry;Added;Changed,"{""bootstrap"": false, ""criterion"": ""squared_error"", ""max_features"": 1.0, ""min_samples_leaf"": 2, ""n_estimators"": 500}",,1213035968,,
scale_fixed_et_sensitivity|uncertain9|Global|1|3|All,fixed_extra_trees,449,AFP;Input;Output;Enquiry;File;Interface;Added;Changed;Deleted,"{""bootstrap"": false, ""criterion"": ""squared_error"", ""max_features"": 1.0, ""min_samples_leaf"": 2, ""n_estimators"": 500}",,1258554712,,
scale_fixed_et_sensitivity|uncertain9|Global + MI|1|3|All,fixed_extra_trees,449,AFP;Input;Enquiry;File;Added,"{""bootstrap"": false, ""criterion"": ""squared_error"", ""max_features"": 1.0, ""min_samples_leaf"": 2, ""n_estimators"": 500}",,3246533177,,
scale_fixed_et_sensitivity|uncertain9|Quantile|1|3|Small,fixed_extra_trees,150,AFP;Input;Output;Enquiry;File;Interface;Added;Changed;Deleted,"{""bootstrap"": false, ""criterion"": ""squared_error"", ""max_features"": 1.0, ""min_samples_leaf"": 2, ""n_estimators"": 500}",,52837179,,
scale_fixed_et_sensitivity|uncertain9|Quantile|1|3|Medium,fixed_extra_trees,149,AFP;Input;Output;Enquiry;File;Interface;Added;Changed;Deleted,"{""bootstrap"": false, ""criterion"": ""squared_error"", ""max_features"": 1.0, ""min_samples_leaf"": 2, ""n_estimators"": 500}",,4211515672,,
scale_fixed_et_sensitivity|uncertain9|Quantile|1|3|Large,fixed_extra_trees,150,AFP;Input;Output;Enquiry;File;Interface;Added;Changed;Deleted,"{""bootstrap"": false, ""criterion"": ""squared_error"", ""max_features"": 1.0, ""min_samples_leaf"": 2, ""n_estimators"": 500}",,2647644357,,
scale_fixed_et_sensitivity|uncertain9|Quantile + MI|1|3|Small,fixed_extra_trees,150,Output;Enquiry;File;Added;Deleted,"{""bootstrap"": false, ""criterion"": ""squared_error"", ""max_features"": 1.0, ""min_samples_leaf"": 2, ""n_estimators"": 500}",,3016127396,,
scale_fixed_et_sensitivity|uncertain9|Quantile + MI|1|3|Medium,fixed_extra_trees,149,AFP;Input;Output;Interface;Deleted,"{""bootstrap"": false, ""criterion"": ""squared_error"", ""max_features"": 1.0, ""min_samples_leaf"": 2, ""n_estimators"": 500}",,3701378942,,
scale_fixed_et_sensitivity|uncertain9|Quantile + MI|1|3|Large,fixed_extra_trees,150,AFP;Input;Enquiry;Added;Deleted,"{""bootstrap"": false, ""criterion"": ""squared_error"", ""max_features"": 1.0, ""min_samples_leaf"": 2, ""n_estimators"": 500}",,715065664,,
scale_fixed_et_sensitivity|uncertain9|Global|1|4|All,fixed_extra_trees,449,AFP;Input;Output;Enquiry;File;Interface;Added;Changed;Deleted,"{""bootstrap"": false, ""criterion"": ""squared_error"", ""max_features"": 1.0, ""min_samples_leaf"": 2, ""n_estimators"": 500}",,2267684367,,
scale_fixed_et_sensitivity|uncertain9|Global + MI|1|4|All,fixed_extra_trees,449,AFP;Input;Enquiry;File;Added,"{""bootstrap"": false, ""criterion"": ""squared_error"", ""max_features"": 1.0, ""min_samples_leaf"": 2, ""n_estimators"": 500}",,4100454819,,
scale_fixed_et_sensitivity|uncertain9|Quantile|1|4|Small,fixed_extra_trees,152,AFP;Input;Output;Enquiry;File;Interface;Added;Changed;Deleted,"{""bootstrap"": false, ""criterion"": ""squared_error"", ""max_features"": 1.0, ""min_samples_leaf"": 2, ""n_estimators"": 500}",,399680735,,
scale_fixed_et_sensitivity|uncertain9|Quantile|1|4|Medium,fixed_extra_trees,147,AFP;Input;Output;Enquiry;File;Interface;Added;Changed;Deleted,"{""bootstrap"": false, ""criterion"": ""squared_error"", ""max_features"": 1.0, ""min_samples_leaf"": 2, ""n_estimators"": 500}",,2879123421,,
scale_fixed_et_sensitivity|uncertain9|Quantile|1|4|Large,fixed_extra_trees,150,AFP;Input;Output;Enquiry;File;Interface;Added;Changed;Deleted,"{""bootstrap"": false, ""criterion"": ""squared_error"", ""max_features"": 1.0, ""min_samples_leaf"": 2, ""n_estimators"": 500}",,1218633342,,
scale_fixed_et_sensitivity|uncertain9|Quantile + MI|1|4|Small,fixed_extra_trees,152,AFP;Input;Enquiry;Added;Deleted,"{""bootstrap"": false, ""criterion"": ""squared_error"", ""max_features"": 1.0, ""min_samples_leaf"": 2, ""n_estimators"": 500}",,2067539003,,
scale_fixed_et_sensitivity|uncertain9|Quantile + MI|1|4|Medium,fixed_extra_trees,147,AFP;Input;Output;Enquiry;Deleted,"{""bootstrap"": false, ""criterion"": ""squared_error"", ""max_features"": 1.0, ""min_samples_leaf"": 2, ""n_estimators"": 500}",,721901629,,
scale_fixed_et_sensitivity|uncertain9|Quantile + MI|1|4|Large,fixed_extra_trees,150,AFP;Input;Enquiry;Added;Deleted,"{""bootstrap"": false, ""criterion"": ""squared_error"", ""max_features"": 1.0, ""min_samples_leaf"": 2, ""n_estimators"": 500}",,2476525354,,
scale_fixed_et_sensitivity|uncertain9|Global|1|5|All,fixed_extra_trees,449,AFP;Input;Output;Enquiry;File;Interface;Added;Changed;Deleted,"{""bootstrap"": false, ""criterion"": ""squared_error"", ""max_features"": 1.0, ""min_samples_leaf"": 2, ""n_estimators"": 500}",,1743261879,,
scale_fixed_et_sensitivity|uncertain9|Global + MI|1|5|All,fixed_extra_trees,449,AFP;Input;Enquiry;File;Added,"{""bootstrap"": false, ""criterion"": ""squared_error"", ""max_features"": 1.0, ""min_samples_leaf"": 2, ""n_estimators"": 500}",,3851418692,,
scale_fixed_et_sensitivity|uncertain9|Quantile|1|5|Small,fixed_extra_trees,150,AFP;Input;Output;Enquiry;File;Interface;Added;Changed;Deleted,"{""bootstrap"": false, ""criterion"": ""squared_error"", ""max_features"": 1.0, ""min_samples_leaf"": 2, ""n_estimators"": 500}",,3065758517,,
scale_fixed_et_sensitivity|uncertain9|Quantile|1|5|Medium,fixed_extra_trees,149,AFP;Input;Output;Enquiry;File;Interface;Added;Changed;Deleted,"{""bootstrap"": false, ""criterion"": ""squared_error"", ""max_features"": 1.0, ""min_samples_leaf"": 2, ""n_estimators"": 500}",,1185377839,,
scale_fixed_et_sensitivity|uncertain9|Quantile|1|5|Large,fixed_extra_trees,150,AFP;Input;Output;Enquiry;File;Interface;Added;Changed;Deleted,"{""bootstrap"": false, ""criterion"": ""squared_error"", ""max_features"": 1.0, ""min_samples_leaf"": 2, ""n_estimators"": 500}",,2012580151,,
scale_fixed_et_sensitivity|uncertain9|Quantile + MI|1|5|Small,fixed_extra_trees,150,AFP;Output;Interface;Added;Deleted,"{""bootstrap"": false, ""criterion"": ""squared_error"", ""max_features"": 1.0, ""min_samples_leaf"": 2, ""n_estimators"": 500}",,1246494886,,
scale_fixed_et_sensitivity|uncertain9|Quantile + MI|1|5|Medium,fixed_extra_trees,149,AFP;Output;File;Interface;Deleted,"{""bootstrap"": false, ""criterion"": ""squared_error"", ""max_features"": 1.0, ""min_samples_leaf"": 2, ""n_estimators"": 500}",,2180433974,,
scale_fixed_et_sensitivity|uncertain9|Quantile + MI|1|5|Large,fixed_extra_trees,150,AFP;Input;Enquiry;Added;Changed,"{""bootstrap"": false, ""criterion"": ""squared_error"", ""max_features"": 1.0, ""min_samples_leaf"": 2, ""n_estimators"": 500}",,3957323858,,
scale_fixed_et_sensitivity|uncertain9|Global|1|6|All,fixed_extra_trees,449,AFP;Input;Output;Enquiry;File;Interface;Added;Changed;Deleted,"{""bootstrap"": false, ""criterion"": ""squared_error"", ""max_features"": 1.0, ""min_samples_leaf"": 2, ""n_estimators"": 500}",,784876725,,
scale_fixed_et_sensitivity|uncertain9|Global + MI|1|6|All,fixed_extra_trees,449,AFP;Input;Enquiry;File;Added,"{""bootstrap"": false, ""criterion"": ""squared_error"", ""max_features"": 1.0, ""min_samples_leaf"": 2, ""n_estimators"": 500}",,2203689952,,
scale_fixed_et_sensitivity|uncertain9|Quantile|1|6|Small,fixed_extra_trees,151,AFP;Input;Output;Enquiry;File;Interface;Added;Changed;Deleted,"{""bootstrap"": false, ""criterion"": ""squared_error"", ""max_features"": 1.0, ""min_samples_leaf"": 2, ""n_estimators"": 500}",,574074530,,
scale_fixed_et_sensitivity|uncertain9|Quantile|1|6|Medium,fixed_extra_trees,148,AFP;Input;Output;Enquiry;File;Interface;Added;Changed;Deleted,"{""bootstrap"": false, ""criterion"": ""squared_error"", ""max_features"": 1.0, ""min_samples_leaf"": 2, ""n_estimators"": 500}",,2850807310,,
scale_fixed_et_sensitivity|uncertain9|Quantile|1|6|Large,fixed_extra_trees,150,AFP;Input;Output;Enquiry;File;Interface;Added;Changed;Deleted,"{""bootstrap"": false, ""criterion"": ""squared_error"", ""max_features"": 1.0, ""min_samples_leaf"": 2, ""n_estimators"": 500}",,1917332290,,
scale_fixed_et_sensitivity|uncertain9|Quantile + MI|1|6|Small,fixed_extra_trees,151,AFP;Output;Enquiry;Added;Deleted,"{""bootstrap"": false, ""criterion"": ""squared_error"", ""max_features"": 1.0, ""min_samples_leaf"": 2, ""n_estimators"": 500}",,211772036,,
scale_fixed_et_sensitivity|uncertain9|Quantile + MI|1|6|Medium,fixed_extra_trees,148,AFP;Input;Output;Changed;Deleted,"{""bootstrap"": false, ""criterion"": ""squared_error"", ""max_features"": 1.0, ""min_samples_leaf"": 2, ""n_estimators"": 500}",,890032147,,
scale_fixed_et_sensitivity|uncertain9|Quantile + MI|1|6|Large,fixed_extra_trees,150,AFP;Input;Enquiry;Added;Deleted,"{""bootstrap"": false, ""criterion"": ""squared_error"", ""max_features"": 1.0, ""min_samples_leaf"": 2, ""n_estimators"": 500}",,2440877854,,
scale_fixed_et_sensitivity|uncertain9|Global|1|7|All,fixed_extra_trees,449,AFP;Input;Output;Enquiry;File;Interface;Added;Changed;Deleted,"{""bootstrap"": false, ""criterion"": ""squared_error"", ""max_features"": 1.0, ""min_samples_leaf"": 2, ""n_estimators"": 500}",,3174026790,,
scale_fixed_et_sensitivity|uncertain9|Global + MI|1|7|All,fixed_extra_trees,449,AFP;Input;Enquiry;File;Added,"{""bootstrap"": false, ""criterion"": ""squared_error"", ""max_features"": 1.0, ""min_samples_leaf"": 2, ""n_estimators"": 500}",,1906839883,,
scale_fixed_et_sensitivity|uncertain9|Quantile|1|7|Small,fixed_extra_trees,152,AFP;Input;Output;Enquiry;File;Interface;Added;Changed;Deleted,"{""bootstrap"": false, ""criterion"": ""squared_error"", ""max_features"": 1.0, ""min_samples_leaf"": 2, ""n_estimators"": 500}",,2021106909,,
scale_fixed_et_sensitivity|uncertain9|Quantile|1|7|Medium,fixed_extra_trees,147,AFP;Input;Output;Enquiry;File;Interface;Added;Changed;Deleted,"{""bootstrap"": false, ""criterion"": ""squared_error"", ""max_features"": 1.0, ""min_samples_leaf"": 2, ""n_estimators"": 500}",,4241095354,,
scale_fixed_et_sensitivity|uncertain9|Quantile|1|7|Large,fixed_extra_trees,150,AFP;Input;Output;Enquiry;File;Interface;Added;Changed;Deleted,"{""bootstrap"": false, ""criterion"": ""squared_error"", ""max_features"": 1.0, ""min_samples_leaf"": 2, ""n_estimators"": 500}",,458825535,,
scale_fixed_et_sensitivity|uncertain9|Quantile + MI|1|7|Small,fixed_extra_trees,152,Input;Enquiry;Added;Changed;Deleted,"{""bootstrap"": false, ""criterion"": ""squared_error"", ""max_features"": 1.0, ""min_samples_leaf"": 2, ""n_estimators"": 500}",,613937034,,
scale_fixed_et_sensitivity|uncertain9|Quantile + MI|1|7|Medium,fixed_extra_trees,147,AFP;Output;File;Interface;Deleted,"{""bootstrap"": false, ""criterion"": ""squared_error"", ""max_features"": 1.0, ""min_samples_leaf"": 2, ""n_estimators"": 500}",,3011641079,,
scale_fixed_et_sensitivity|uncertain9|Quantile + MI|1|7|Large,fixed_extra_trees,150,Input;Enquiry;File;Added;Deleted,"{""bootstrap"": false, ""criterion"": ""squared_error"", ""max_features"": 1.0, ""min_samples_leaf"": 2, ""n_estimators"": 500}",,1388950725,,
scale_fixed_et_sensitivity|uncertain9|Global|1|8|All,fixed_extra_trees,449,AFP;Input;Output;Enquiry;File;Interface;Added;Changed;Deleted,"{""bootstrap"": false, ""criterion"": ""squared_error"", ""max_features"": 1.0, ""min_samples_leaf"": 2, ""n_estimators"": 500}",,2325147141,,
scale_fixed_et_sensitivity|uncertain9|Global + MI|1|8|All,fixed_extra_trees,449,AFP;Input;Enquiry;File;Added,"{""bootstrap"": false, ""criterion"": ""squared_error"", ""max_features"": 1.0, ""min_samples_leaf"": 2, ""n_estimators"": 500}",,2700735635,,
scale_fixed_et_sensitivity|uncertain9|Quantile|1|8|Small,fixed_extra_trees,152,AFP;Input;Output;Enquiry;File;Interface;Added;Changed;Deleted,"{""bootstrap"": false, ""criterion"": ""squared_error"", ""max_features"": 1.0, ""min_samples_leaf"": 2, ""n_estimators"": 500}",,2307025712,,
scale_fixed_et_sensitivity|uncertain9|Quantile|1|8|Medium,fixed_extra_trees,147,AFP;Input;Output;Enquiry;File;Interface;Added;Changed;Deleted,"{""bootstrap"": false, ""criterion"": ""squared_error"", ""max_features"": 1.0, ""min_samples_leaf"": 2, ""n_estimators"": 500}",,631095994,,
scale_fixed_et_sensitivity|uncertain9|Quantile|1|8|Large,fixed_extra_trees,150,AFP;Input;Output;Enquiry;File;Interface;Added;Changed;Deleted,"{""bootstrap"": false, ""criterion"": ""squared_error"", ""max_features"": 1.0, ""min_samples_leaf"": 2, ""n_estimators"": 500}",,78056243,,
scale_fixed_et_sensitivity|uncertain9|Quantile + MI|1|8|Small,fixed_extra_trees,152,AFP;Input;Enquiry;Added;Changed,"{""bootstrap"": false, ""criterion"": ""squared_error"", ""max_features"": 1.0, ""min_samples_leaf"": 2, ""n_estimators"": 500}",,3504883402,,
scale_fixed_et_sensitivity|uncertain9|Quantile + MI|1|8|Medium,fixed_extra_trees,147,AFP;Input;Output;Enquiry;Deleted,"{""bootstrap"": false, ""criterion"": ""squared_error"", ""max_features"": 1.0, ""min_samples_leaf"": 2, ""n_estimators"": 500}",,3427408166,,
scale_fixed_et_sensitivity|uncertain9|Quantile + MI|1|8|Large,fixed_extra_trees,150,AFP;Input;Enquiry;Added;Deleted,"{""bootstrap"": false, ""criterion"": ""squared_error"", ""max_features"": 1.0, ""min_samples_leaf"": 2, ""n_estimators"": 500}",,4084368102,,
scale_fixed_et_sensitivity|uncertain9|Global|1|9|All,fixed_extra_trees,449,AFP;Input;Output;Enquiry;File;Interface;Added;Changed;Deleted,"{""bootstrap"": false, ""criterion"": ""squared_error"", ""max_features"": 1.0, ""min_samples_leaf"": 2, ""n_estimators"": 500}",,1071302133,,
scale_fixed_et_sensitivity|uncertain9|Global + MI|1|9|All,fixed_extra_trees,449,AFP;Input;Enquiry;File;Added,"{""bootstrap"": false, ""criterion"": ""squared_error"", ""max_features"": 1.0, ""min_samples_leaf"": 2, ""n_estimators"": 500}",,2906749184,,
scale_fixed_et_sensitivity|uncertain9|Quantile|1|9|Small,fixed_extra_trees,150,AFP;Input;Output;Enquiry;File;Interface;Added;Changed;Deleted,"{""bootstrap"": false, ""criterion"": ""squared_error"", ""max_features"": 1.0, ""min_samples_leaf"": 2, ""n_estimators"": 500}",,4085036951,,
scale_fixed_et_sensitivity|uncertain9|Quantile|1|9|Medium,fixed_extra_trees,149,AFP;Input;Output;Enquiry;File;Interface;Added;Changed;Deleted,"{""bootstrap"": false, ""criterion"": ""squared_error"", ""max_features"": 1.0, ""min_samples_leaf"": 2, ""n_estimators"": 500}",,535546304,,
scale_fixed_et_sensitivity|uncertain9|Quantile|1|9|Large,fixed_extra_trees,150,AFP;Input;Output;Enquiry;File;Interface;Added;Changed;Deleted,"{""bootstrap"": false, ""criterion"": ""squared_error"", ""max_features"": 1.0, ""min_samples_leaf"": 2, ""n_estimators"": 500}",,2207599148,,
scale_fixed_et_sensitivity|uncertain9|Quantile + MI|1|9|Small,fixed_extra_trees,150,AFP;Output;Enquiry;Added;Deleted,"{""bootstrap"": false, ""criterion"": ""squared_error"", ""max_features"": 1.0, ""min_samples_leaf"": 2, ""n_estimators"": 500}",,3603682091,,
scale_fixed_et_sensitivity|uncertain9|Quantile + MI|1|9|Medium,fixed_extra_trees,149,AFP;Output;Interface;Added;Deleted,"{""bootstrap"": false, ""criterion"": ""squared_error"", ""max_features"": 1.0, ""min_samples_leaf"": 2, ""n_estimators"": 500}",,1129062208,,
scale_fixed_et_sensitivity|uncertain9|Quantile + MI|1|9|Large,fixed_extra_trees,150,Input;Enquiry;File;Added;Deleted,"{""bootstrap"": false, ""criterion"": ""squared_error"", ""max_features"": 1.0, ""min_samples_leaf"": 2, ""n_estimators"": 500}",,3477254818,,
scale_fixed_et_sensitivity|uncertain9|Global|1|10|All,fixed_extra_trees,450,AFP;Input;Output;Enquiry;File;Interface;Added;Changed;Deleted,"{""bootstrap"": false, ""criterion"": ""squared_error"", ""max_features"": 1.0, ""min_samples_leaf"": 2, ""n_estimators"": 500}",,3398844232,,
scale_fixed_et_sensitivity|uncertain9|Global + MI|1|10|All,fixed_extra_trees,450,AFP;Input;Enquiry;Added;Changed,"{""bootstrap"": false, ""criterion"": ""squared_error"", ""max_features"": 1.0, ""min_samples_leaf"": 2, ""n_estimators"": 500}",,3631928655,,
scale_fixed_et_sensitivity|uncertain9|Quantile|1|10|Small,fixed_extra_trees,150,AFP;Input;Output;Enquiry;File;Interface;Added;Changed;Deleted,"{""bootstrap"": false, ""criterion"": ""squared_error"", ""max_features"": 1.0, ""min_samples_leaf"": 2, ""n_estimators"": 500}",,2847728515,,
scale_fixed_et_sensitivity|uncertain9|Quantile|1|10|Medium,fixed_extra_trees,150,AFP;Input;Output;Enquiry;File;Interface;Added;Changed;Deleted,"{""bootstrap"": false, ""criterion"": ""squared_error"", ""max_features"": 1.0, ""min_samples_leaf"": 2, ""n_estimators"": 500}",,1395442211,,
scale_fixed_et_sensitivity|uncertain9|Quantile|1|10|Large,fixed_extra_trees,150,AFP;Input;Output;Enquiry;File;Interface;Added;Changed;Deleted,"{""bootstrap"": false, ""criterion"": ""squared_error"", ""max_features"": 1.0, ""min_samples_leaf"": 2, ""n_estimators"": 500}",,1125251853,,
scale_fixed_et_sensitivity|uncertain9|Quantile + MI|1|10|Small,fixed_extra_trees,150,Input;Output;Enquiry;Interface;Added,"{""bootstrap"": false, ""criterion"": ""squared_error"", ""max_features"": 1.0, ""min_samples_leaf"": 2, ""n_estimators"": 500}",,1936342547,,
scale_fixed_et_sensitivity|uncertain9|Quantile + MI|1|10|Medium,fixed_extra_trees,150,AFP;Input;Output;Enquiry;Deleted,"{""bootstrap"": false, ""criterion"": ""squared_error"", ""max_features"": 1.0, ""min_samples_leaf"": 2, ""n_estimators"": 500}",,815213242,,
scale_fixed_et_sensitivity|uncertain9|Quantile + MI|1|10|Large,fixed_extra_trees,150,AFP;Input;Enquiry;Added;Deleted,"{""bootstrap"": false, ""criterion"": ""squared_error"", ""max_features"": 1.0, ""min_samples_leaf"": 2, ""n_estimators"": 500}",,2246965457,,
scale_fixed_et_sensitivity|uncertain9|Global|2|1|All,fixed_extra_trees,449,AFP;Input;Output;Enquiry;File;Interface;Added;Changed;Deleted,"{""bootstrap"": false, ""criterion"": ""squared_error"", ""max_features"": 1.0, ""min_samples_leaf"": 2, ""n_estimators"": 500}",,1155747164,,
scale_fixed_et_sensitivity|uncertain9|Global + MI|2|1|All,fixed_extra_trees,449,AFP;Input;Enquiry;File;Added,"{""bootstrap"": false, ""criterion"": ""squared_error"", ""max_features"": 1.0, ""min_samples_leaf"": 2, ""n_estimators"": 500}",,230531333,,
scale_fixed_et_sensitivity|uncertain9|Quantile|2|1|Small,fixed_extra_trees,152,AFP;Input;Output;Enquiry;File;Interface;Added;Changed;Deleted,"{""bootstrap"": false, ""criterion"": ""squared_error"", ""max_features"": 1.0, ""min_samples_leaf"": 2, ""n_estimators"": 500}",,2598184084,,
scale_fixed_et_sensitivity|uncertain9|Quantile|2|1|Medium,fixed_extra_trees,147,AFP;Input;Output;Enquiry;File;Interface;Added;Changed;Deleted,"{""bootstrap"": false, ""criterion"": ""squared_error"", ""max_features"": 1.0, ""min_samples_leaf"": 2, ""n_estimators"": 500}",,829349891,,
scale_fixed_et_sensitivity|uncertain9|Quantile|2|1|Large,fixed_extra_trees,150,AFP;Input;Output;Enquiry;File;Interface;Added;Changed;Deleted,"{""bootstrap"": false, ""criterion"": ""squared_error"", ""max_features"": 1.0, ""min_samples_leaf"": 2, ""n_estimators"": 500}",,2347424097,,
scale_fixed_et_sensitivity|uncertain9|Quantile + MI|2|1|Small,fixed_extra_trees,152,AFP;Enquiry;Interface;Added;Deleted,"{""bootstrap"": false, ""criterion"": ""squared_error"", ""max_features"": 1.0, ""min_samples_leaf"": 2, ""n_estimators"": 500}",,2591273342,,
scale_fixed_et_sensitivity|uncertain9|Quantile + MI|2|1|Medium,fixed_extra_trees,147,AFP;Output;File;Interface;Deleted,"{""bootstrap"": false, ""criterion"": ""squared_error"", ""max_features"": 1.0, ""min_samples_leaf"": 2, ""n_estimators"": 500}",,1783434345,,
scale_fixed_et_sensitivity|uncertain9|Quantile + MI|2|1|Large,fixed_extra_trees,150,AFP;Input;Enquiry;Added;Deleted,"{""bootstrap"": false, ""criterion"": ""squared_error"", ""max_features"": 1.0, ""min_samples_leaf"": 2, ""n_estimators"": 500}",,1671148494,,
scale_fixed_et_sensitivity|uncertain9|Global|2|2|All,fixed_extra_trees,449,AFP;Input;Output;Enquiry;File;Interface;Added;Changed;Deleted,"{""bootstrap"": false, ""criterion"": ""squared_error"", ""max_features"": 1.0, ""min_samples_leaf"": 2, ""n_estimators"": 500}",,1025147196,,
scale_fixed_et_sensitivity|uncertain9|Global + MI|2|2|All,fixed_extra_trees,449,AFP;Input;Enquiry;File;Added,"{""bootstrap"": false, ""criterion"": ""squared_error"", ""max_features"": 1.0, ""min_samples_leaf"": 2, ""n_estimators"": 500}",,3941852521,,
scale_fixed_et_sensitivity|uncertain9|Quantile|2|2|Small,fixed_extra_trees,150,AFP;Input;Output;Enquiry;File;Interface;Added;Changed;Deleted,"{""bootstrap"": false, ""criterion"": ""squared_error"", ""max_features"": 1.0, ""min_samples_leaf"": 2, ""n_estimators"": 500}",,1539647481,,
scale_fixed_et_sensitivity|uncertain9|Quantile|2|2|Medium,fixed_extra_trees,149,AFP;Input;Output;Enquiry;File;Interface;Added;Changed;Deleted,"{""bootstrap"": false, ""criterion"": ""squared_error"", ""max_features"": 1.0, ""min_samples_leaf"": 2, ""n_estimators"": 500}",,3903596510,,
scale_fixed_et_sensitivity|uncertain9|Quantile|2|2|Large,fixed_extra_trees,150,AFP;Input;Output;Enquiry;File;Interface;Added;Changed;Deleted,"{""bootstrap"": false, ""criterion"": ""squared_error"", ""max_features"": 1.0, ""min_samples_leaf"": 2, ""n_estimators"": 500}",,1346911631,,
scale_fixed_et_sensitivity|uncertain9|Quantile + MI|2|2|Small,fixed_extra_trees,150,AFP;Enquiry;Interface;Added;Deleted,"{""bootstrap"": false, ""criterion"": ""squared_error"", ""max_features"": 1.0, ""min_samples_leaf"": 2, ""n_estimators"": 500}",,1160710478,,
scale_fixed_et_sensitivity|uncertain9|Quantile + MI|2|2|Medium,fixed_extra_trees,149,AFP;Input;Output;File;Deleted,"{""bootstrap"": false, ""criterion"": ""squared_error"", ""max_features"": 1.0, ""min_samples_leaf"": 2, ""n_estimators"": 500}",,3829909799,,
scale_fixed_et_sensitivity|uncertain9|Quantile + MI|2|2|Large,fixed_extra_trees,150,AFP;Input;Enquiry;Added;Deleted,"{""bootstrap"": false, ""criterion"": ""squared_error"", ""max_features"": 1.0, ""min_samples_leaf"": 2, ""n_estimators"": 500}",,355600768,,
scale_fixed_et_sensitivity|uncertain9|Global|2|3|All,fixed_extra_trees,449,AFP;Input;Output;Enquiry;File;Interface;Added;Changed;Deleted,"{""bootstrap"": false, ""criterion"": ""squared_error"", ""max_features"": 1.0, ""min_samples_leaf"": 2, ""n_estimators"": 500}",,4026525643,,
scale_fixed_et_sensitivity|uncertain9|Global + MI|2|3|All,fixed_extra_trees,449,AFP;Input;Enquiry;File;Added,"{""bootstrap"": false, ""criterion"": ""squared_error"", ""max_features"": 1.0, ""min_samples_leaf"": 2, ""n_estimators"": 500}",,2150902565,,
scale_fixed_et_sensitivity|uncertain9|Quantile|2|3|Small,fixed_extra_trees,150,AFP;Input;Output;Enquiry;File;Interface;Added;Changed;Deleted,"{""bootstrap"": false, ""criterion"": ""squared_error"", ""max_features"": 1.0, ""min_samples_leaf"": 2, ""n_estimators"": 500}",,4025610223,,
scale_fixed_et_sensitivity|uncertain9|Quantile|2|3|Medium,fixed_extra_trees,149,AFP;Input;Output;Enquiry;File;Interface;Added;Changed;Deleted,"{""bootstrap"": false, ""criterion"": ""squared_error"", ""max_features"": 1.0, ""min_samples_leaf"": 2, ""n_estimators"": 500}",,1172828692,,
scale_fixed_et_sensitivity|uncertain9|Quantile|2|3|Large,fixed_extra_trees,150,AFP;Input;Output;Enquiry;File;Interface;Added;Changed;Deleted,"{""bootstrap"": false, ""criterion"": ""squared_error"", ""max_features"": 1.0, ""min_samples_leaf"": 2, ""n_estimators"": 500}",,3170824724,,
scale_fixed_et_sensitivity|uncertain9|Quantile + MI|2|3|Small,fixed_extra_trees,150,AFP;Input;Output;Enquiry;Added,"{""bootstrap"": false, ""criterion"": ""squared_error"", ""max_features"": 1.0, ""min_samples_leaf"": 2, ""n_estimators"": 500}",,3145783327,,
scale_fixed_et_sensitivity|uncertain9|Quantile + MI|2|3|Medium,fixed_extra_trees,149,AFP;Output;File;Added;Deleted,"{""bootstrap"": false, ""criterion"": ""squared_error"", ""max_features"": 1.0, ""min_samples_leaf"": 2, ""n_estimators"": 500}",,2257973511,,
scale_fixed_et_sensitivity|uncertain9|Quantile + MI|2|3|Large,fixed_extra_trees,150,AFP;Input;Enquiry;Added;Deleted,"{""bootstrap"": false, ""criterion"": ""squared_error"", ""max_features"": 1.0, ""min_samples_leaf"": 2, ""n_estimators"": 500}",,1877451843,,
scale_fixed_et_sensitivity|uncertain9|Global|2|4|All,fixed_extra_trees,449,AFP;Input;Output;Enquiry;File;Interface;Added;Changed;Deleted,"{""bootstrap"": false, ""criterion"": ""squared_error"", ""max_features"": 1.0, ""min_samples_leaf"": 2, ""n_estimators"": 500}",,4202467962,,
scale_fixed_et_sensitivity|uncertain9|Global + MI|2|4|All,fixed_extra_trees,449,AFP;Input;Enquiry;File;Added,"{""bootstrap"": false, ""criterion"": ""squared_error"", ""max_features"": 1.0, ""min_samples_leaf"": 2, ""n_estimators"": 500}",,414688182,,
scale_fixed_et_sensitivity|uncertain9|Quantile|2|4|Small,fixed_extra_trees,150,AFP;Input;Output;Enquiry;File;Interface;Added;Changed;Deleted,"{""bootstrap"": false, ""criterion"": ""squared_error"", ""max_features"": 1.0, ""min_samples_leaf"": 2, ""n_estimators"": 500}",,3162244108,,
scale_fixed_et_sensitivity|uncertain9|Quantile|2|4|Medium,fixed_extra_trees,149,AFP;Input;Output;Enquiry;File;Interface;Added;Changed;Deleted,"{""bootstrap"": false, ""criterion"": ""squared_error"", ""max_features"": 1.0, ""min_samples_leaf"": 2, ""n_estimators"": 500}",,2586379398,,
scale_fixed_et_sensitivity|uncertain9|Quantile|2|4|Large,fixed_extra_trees,150,AFP;Input;Output;Enquiry;File;Interface;Added;Changed;Deleted,"{""bootstrap"": false, ""criterion"": ""squared_error"", ""max_features"": 1.0, ""min_samples_leaf"": 2, ""n_estimators"": 500}",,3264811009,,
scale_fixed_et_sensitivity|uncertain9|Quantile + MI|2|4|Small,fixed_extra_trees,150,AFP;Input;Enquiry;Added;Deleted,"{""bootstrap"": false, ""criterion"": ""squared_error"", ""max_features"": 1.0, ""min_samples_leaf"": 2, ""n_estimators"": 500}",,411338384,,
scale_fixed_et_sensitivity|uncertain9|Quantile + MI|2|4|Medium,fixed_extra_trees,149,AFP;Input;Output;Enquiry;Deleted,"{""bootstrap"": false, ""criterion"": ""squared_error"", ""max_features"": 1.0, ""min_samples_leaf"": 2, ""n_estimators"": 500}",,3181669020,,
scale_fixed_et_sensitivity|uncertain9|Quantile + MI|2|4|Large,fixed_extra_trees,150,AFP;Input;Enquiry;Added;Deleted,"{""bootstrap"": false, ""criterion"": ""squared_error"", ""max_features"": 1.0, ""min_samples_leaf"": 2, ""n_estimators"": 500}",,3656926714,,
scale_fixed_et_sensitivity|uncertain9|Global|2|5|All,fixed_extra_trees,449,AFP;Input;Output;Enquiry;File;Interface;Added;Changed;Deleted,"{""bootstrap"": false, ""criterion"": ""squared_error"", ""max_features"": 1.0, ""min_samples_leaf"": 2, ""n_estimators"": 500}",,266086276,,
scale_fixed_et_sensitivity|uncertain9|Global + MI|2|5|All,fixed_extra_trees,449,AFP;Input;Enquiry;File;Added,"{""bootstrap"": false, ""criterion"": ""squared_error"", ""max_features"": 1.0, ""min_samples_leaf"": 2, ""n_estimators"": 500}",,4160131202,,
scale_fixed_et_sensitivity|uncertain9|Quantile|2|5|Small,fixed_extra_trees,152,AFP;Input;Output;Enquiry;File;Interface;Added;Changed;Deleted,"{""bootstrap"": false, ""criterion"": ""squared_error"", ""max_features"": 1.0, ""min_samples_leaf"": 2, ""n_estimators"": 500}",,1452297302,,
scale_fixed_et_sensitivity|uncertain9|Quantile|2|5|Medium,fixed_extra_trees,147,AFP;Input;Output;Enquiry;File;Interface;Added;Changed;Deleted,"{""bootstrap"": false, ""criterion"": ""squared_error"", ""max_features"": 1.0, ""min_samples_leaf"": 2, ""n_estimators"": 500}",,1057269494,,
scale_fixed_et_sensitivity|uncertain9|Quantile|2|5|Large,fixed_extra_trees,150,AFP;Input;Output;Enquiry;File;Interface;Added;Changed;Deleted,"{""bootstrap"": false, ""criterion"": ""squared_error"", ""max_features"": 1.0, ""min_samples_leaf"": 2, ""n_estimators"": 500}",,1058934870,,
scale_fixed_et_sensitivity|uncertain9|Quantile + MI|2|5|Small,fixed_extra_trees,152,AFP;Enquiry;Added;Changed;Deleted,"{""bootstrap"": false, ""criterion"": ""squared_error"", ""max_features"": 1.0, ""min_samples_leaf"": 2, ""n_estimators"": 500}",,3625776421,,
scale_fixed_et_sensitivity|uncertain9|Quantile + MI|2|5|Medium,fixed_extra_trees,147,AFP;Output;File;Changed;Deleted,"{""bootstrap"": false, ""criterion"": ""squared_error"", ""max_features"": 1.0, ""min_samples_leaf"": 2, ""n_estimators"": 500}",,4054366775,,
scale_fixed_et_sensitivity|uncertain9|Quantile + MI|2|5|Large,fixed_extra_trees,150,AFP;Input;Enquiry;Added;Changed,"{""bootstrap"": false, ""criterion"": ""squared_error"", ""max_features"": 1.0, ""min_samples_leaf"": 2, ""n_estimators"": 500}",,2565420888,,
scale_fixed_et_sensitivity|uncertain9|Global|2|6|All,fixed_extra_trees,449,AFP;Input;Output;Enquiry;File;Interface;Added;Changed;Deleted,"{""bootstrap"": false, ""criterion"": ""squared_error"", ""max_features"": 1.0, ""min_samples_leaf"": 2, ""n_estimators"": 500}",,3295319262,,
scale_fixed_et_sensitivity|uncertain9|Global + MI|2|6|All,fixed_extra_trees,449,AFP;Input;Enquiry;File;Added,"{""bootstrap"": false, ""criterion"": ""squared_error"", ""max_features"": 1.0, ""min_samples_leaf"": 2, ""n_estimators"": 500}",,3632290110,,
scale_fixed_et_sensitivity|uncertain9|Quantile|2|6|Small,fixed_extra_trees,152,AFP;Input;Output;Enquiry;File;Interface;Added;Changed;Deleted,"{""bootstrap"": false, ""criterion"": ""squared_error"", ""max_features"": 1.0, ""min_samples_leaf"": 2, ""n_estimators"": 500}",,1925152826,,
scale_fixed_et_sensitivity|uncertain9|Quantile|2|6|Medium,fixed_extra_trees,147,AFP;Input;Output;Enquiry;File;Interface;Added;Changed;Deleted,"{""bootstrap"": false, ""criterion"": ""squared_error"", ""max_features"": 1.0, ""min_samples_leaf"": 2, ""n_estimators"": 500}",,3427553657,,
scale_fixed_et_sensitivity|uncertain9|Quantile|2|6|Large,fixed_extra_trees,150,AFP;Input;Output;Enquiry;File;Interface;Added;Changed;Deleted,"{""bootstrap"": false, ""criterion"": ""squared_error"", ""max_features"": 1.0, ""min_samples_leaf"": 2, ""n_estimators"": 500}",,272135002,,
scale_fixed_et_sensitivity|uncertain9|Quantile + MI|2|6|Small,fixed_extra_trees,152,AFP;Input;Enquiry;Added;Deleted,"{""bootstrap"": false, ""criterion"": ""squared_error"", ""max_features"": 1.0, ""min_samples_leaf"": 2, ""n_estimators"": 500}",,2862121414,,
scale_fixed_et_sensitivity|uncertain9|Quantile + MI|2|6|Medium,fixed_extra_trees,147,AFP;Input;Output;Interface;Deleted,"{""bootstrap"": false, ""criterion"": ""squared_error"", ""max_features"": 1.0, ""min_samples_leaf"": 2, ""n_estimators"": 500}",,471696881,,
scale_fixed_et_sensitivity|uncertain9|Quantile + MI|2|6|Large,fixed_extra_trees,150,AFP;Input;Enquiry;Added;Changed,"{""bootstrap"": false, ""criterion"": ""squared_error"", ""max_features"": 1.0, ""min_samples_leaf"": 2, ""n_estimators"": 500}",,3795864815,,
scale_fixed_et_sensitivity|uncertain9|Global|2|7|All,fixed_extra_trees,449,AFP;Input;Output;Enquiry;File;Interface;Added;Changed;Deleted,"{""bootstrap"": false, ""criterion"": ""squared_error"", ""max_features"": 1.0, ""min_samples_leaf"": 2, ""n_estimators"": 500}",,3168661198,,
scale_fixed_et_sensitivity|uncertain9|Global + MI|2|7|All,fixed_extra_trees,449,AFP;Input;Enquiry;File;Added,"{""bootstrap"": false, ""criterion"": ""squared_error"", ""max_features"": 1.0, ""min_samples_leaf"": 2, ""n_estimators"": 500}",,1982920642,,
scale_fixed_et_sensitivity|uncertain9|Quantile|2|7|Small,fixed_extra_trees,150,AFP;Input;Output;Enquiry;File;Interface;Added;Changed;Deleted,"{""bootstrap"": false, ""criterion"": ""squared_error"", ""max_features"": 1.0, ""min_samples_leaf"": 2, ""n_estimators"": 500}",,4027175608,,
scale_fixed_et_sensitivity|uncertain9|Quantile|2|7|Medium,fixed_extra_trees,149,AFP;Input;Output;Enquiry;File;Interface;Added;Changed;Deleted,"{""bootstrap"": false, ""criterion"": ""squared_error"", ""max_features"": 1.0, ""min_samples_leaf"": 2, ""n_estimators"": 500}",,3289237708,,
scale_fixed_et_sensitivity|uncertain9|Quantile|2|7|Large,fixed_extra_trees,150,AFP;Input;Output;Enquiry;File;Interface;Added;Changed;Deleted,"{""bootstrap"": false, ""criterion"": ""squared_error"", ""max_features"": 1.0, ""min_samples_leaf"": 2, ""n_estimators"": 500}",,2870033601,,
scale_fixed_et_sensitivity|uncertain9|Quantile + MI|2|7|Small,fixed_extra_trees,150,AFP;Enquiry;File;Interface;Added,"{""bootstrap"": false, ""criterion"": ""squared_error"", ""max_features"": 1.0, ""min_samples_leaf"": 2, ""n_estimators"": 500}",,1314888818,,
scale_fixed_et_sensitivity|uncertain9|Quantile + MI|2|7|Medium,fixed_extra_trees,149,AFP;Input;Output;Changed;Deleted,"{""bootstrap"": false, ""criterion"": ""squared_error"", ""max_features"": 1.0, ""min_samples_leaf"": 2, ""n_estimators"": 500}",,4254802231,,
scale_fixed_et_sensitivity|uncertain9|Quantile + MI|2|7|Large,fixed_extra_trees,150,AFP;Input;Enquiry;File;Added,"{""bootstrap"": false, ""criterion"": ""squared_error"", ""max_features"": 1.0, ""min_samples_leaf"": 2, ""n_estimators"": 500}",,4251721676,,
scale_fixed_et_sensitivity|uncertain9|Global|2|8|All,fixed_extra_trees,449,AFP;Input;Output;Enquiry;File;Interface;Added;Changed;Deleted,"{""bootstrap"": false, ""criterion"": ""squared_error"", ""max_features"": 1.0, ""min_samples_leaf"": 2, ""n_estimators"": 500}",,3473119529,,
scale_fixed_et_sensitivity|uncertain9|Global + MI|2|8|All,fixed_extra_trees,449,AFP;Input;Enquiry;File;Added,"{""bootstrap"": false, ""criterion"": ""squared_error"", ""max_features"": 1.0, ""min_samples_leaf"": 2, ""n_estimators"": 500}",,1081559227,,
scale_fixed_et_sensitivity|uncertain9|Quantile|2|8|Small,fixed_extra_trees,150,AFP;Input;Output;Enquiry;File;Interface;Added;Changed;Deleted,"{""bootstrap"": false, ""criterion"": ""squared_error"", ""max_features"": 1.0, ""min_samples_leaf"": 2, ""n_estimators"": 500}",,311206054,,
scale_fixed_et_sensitivity|uncertain9|Quantile|2|8|Medium,fixed_extra_trees,149,AFP;Input;Output;Enquiry;File;Interface;Added;Changed;Deleted,"{""bootstrap"": false, ""criterion"": ""squared_error"", ""max_features"": 1.0, ""min_samples_leaf"": 2, ""n_estimators"": 500}",,2850500129,,
scale_fixed_et_sensitivity|uncertain9|Quantile|2|8|Large,fixed_extra_trees,150,AFP;Input;Output;Enquiry;File;Interface;Added;Changed;Deleted,"{""bootstrap"": false, ""criterion"": ""squared_error"", ""max_features"": 1.0, ""min_samples_leaf"": 2, ""n_estimators"": 500}",,3403504356,,
scale_fixed_et_sensitivity|uncertain9|Quantile + MI|2|8|Small,fixed_extra_trees,150,Input;Output;Enquiry;Interface;Added,"{""bootstrap"": false, ""criterion"": ""squared_error"", ""max_features"": 1.0, ""min_samples_leaf"": 2, ""n_estimators"": 500}",,53048032,,
scale_fixed_et_sensitivity|uncertain9|Quantile + MI|2|8|Medium,fixed_extra_trees,149,AFP;Input;Output;Enquiry;Deleted,"{""bootstrap"": false, ""criterion"": ""squared_error"", ""max_features"": 1.0, ""min_samples_leaf"": 2, ""n_estimators"": 500}",,3038570195,,
scale_fixed_et_sensitivity|uncertain9|Quantile + MI|2|8|Large,fixed_extra_trees,150,AFP;Input;Enquiry;Added;Deleted,"{""bootstrap"": false, ""criterion"": ""squared_error"", ""max_features"": 1.0, ""min_samples_leaf"": 2, ""n_estimators"": 500}",,1034911177,,
scale_fixed_et_sensitivity|uncertain9|Global|2|9|All,fixed_extra_trees,449,AFP;Input;Output;Enquiry;File;Interface;Added;Changed;Deleted,"{""bootstrap"": false, ""criterion"": ""squared_error"", ""max_features"": 1.0, ""min_samples_leaf"": 2, ""n_estimators"": 500}",,1417194297,,
scale_fixed_et_sensitivity|uncertain9|Global + MI|2|9|All,fixed_extra_trees,449,AFP;Input;Enquiry;File;Added,"{""bootstrap"": false, ""criterion"": ""squared_error"", ""max_features"": 1.0, ""min_samples_leaf"": 2, ""n_estimators"": 500}",,4061817517,,
scale_fixed_et_sensitivity|uncertain9|Quantile|2|9|Small,fixed_extra_trees,150,AFP;Input;Output;Enquiry;File;Interface;Added;Changed;Deleted,"{""bootstrap"": false, ""criterion"": ""squared_error"", ""max_features"": 1.0, ""min_samples_leaf"": 2, ""n_estimators"": 500}",,1999359177,,
scale_fixed_et_sensitivity|uncertain9|Quantile|2|9|Medium,fixed_extra_trees,149,AFP;Input;Output;Enquiry;File;Interface;Added;Changed;Deleted,"{""bootstrap"": false, ""criterion"": ""squared_error"", ""max_features"": 1.0, ""min_samples_leaf"": 2, ""n_estimators"": 500}",,600569245,,
scale_fixed_et_sensitivity|uncertain9|Quantile|2|9|Large,fixed_extra_trees,150,AFP;Input;Output;Enquiry;File;Interface;Added;Changed;Deleted,"{""bootstrap"": false, ""criterion"": ""squared_error"", ""max_features"": 1.0, ""min_samples_leaf"": 2, ""n_estimators"": 500}",,963078156,,
scale_fixed_et_sensitivity|uncertain9|Quantile + MI|2|9|Small,fixed_extra_trees,150,AFP;Output;Enquiry;Added;Deleted,"{""bootstrap"": false, ""criterion"": ""squared_error"", ""max_features"": 1.0, ""min_samples_leaf"": 2, ""n_estimators"": 500}",,4221986781,,
scale_fixed_et_sensitivity|uncertain9|Quantile + MI|2|9|Medium,fixed_extra_trees,149,AFP;Input;Output;Interface;Deleted,"{""bootstrap"": false, ""criterion"": ""squared_error"", ""max_features"": 1.0, ""min_samples_leaf"": 2, ""n_estimators"": 500}",,3936921555,,
scale_fixed_et_sensitivity|uncertain9|Quantile + MI|2|9|Large,fixed_extra_trees,150,AFP;Input;Enquiry;File;Added,"{""bootstrap"": false, ""criterion"": ""squared_error"", ""max_features"": 1.0, ""min_samples_leaf"": 2, ""n_estimators"": 500}",,1411354824,,
scale_fixed_et_sensitivity|uncertain9|Global|2|10|All,fixed_extra_trees,450,AFP;Input;Output;Enquiry;File;Interface;Added;Changed;Deleted,"{""bootstrap"": false, ""criterion"": ""squared_error"", ""max_features"": 1.0, ""min_samples_leaf"": 2, ""n_estimators"": 500}",,483700104,,
scale_fixed_et_sensitivity|uncertain9|Global + MI|2|10|All,fixed_extra_trees,450,AFP;Input;Enquiry;File;Added,"{""bootstrap"": false, ""criterion"": ""squared_error"", ""max_features"": 1.0, ""min_samples_leaf"": 2, ""n_estimators"": 500}",,1259730667,,
scale_fixed_et_sensitivity|uncertain9|Quantile|2|10|Small,fixed_extra_trees,150,AFP;Input;Output;Enquiry;File;Interface;Added;Changed;Deleted,"{""bootstrap"": false, ""criterion"": ""squared_error"", ""max_features"": 1.0, ""min_samples_leaf"": 2, ""n_estimators"": 500}",,2421988537,,
scale_fixed_et_sensitivity|uncertain9|Quantile|2|10|Medium,fixed_extra_trees,150,AFP;Input;Output;Enquiry;File;Interface;Added;Changed;Deleted,"{""bootstrap"": false, ""criterion"": ""squared_error"", ""max_features"": 1.0, ""min_samples_leaf"": 2, ""n_estimators"": 500}",,2615622402,,
scale_fixed_et_sensitivity|uncertain9|Quantile|2|10|Large,fixed_extra_trees,150,AFP;Input;Output;Enquiry;File;Interface;Added;Changed;Deleted,"{""bootstrap"": false, ""criterion"": ""squared_error"", ""max_features"": 1.0, ""min_samples_leaf"": 2, ""n_estimators"": 500}",,471275702,,
scale_fixed_et_sensitivity|uncertain9|Quantile + MI|2|10|Small,fixed_extra_trees,150,AFP;Output;Enquiry;Added;Deleted,"{""bootstrap"": false, ""criterion"": ""squared_error"", ""max_features"": 1.0, ""min_samples_leaf"": 2, ""n_estimators"": 500}",,2439984377,,
scale_fixed_et_sensitivity|uncertain9|Quantile + MI|2|10|Medium,fixed_extra_trees,150,AFP;Input;Output;Interface;Deleted,"{""bootstrap"": false, ""criterion"": ""squared_error"", ""max_features"": 1.0, ""min_samples_leaf"": 2, ""n_estimators"": 500}",,1442754481,,
scale_fixed_et_sensitivity|uncertain9|Quantile + MI|2|10|Large,fixed_extra_trees,150,AFP;Input;Enquiry;Added;Deleted,"{""bootstrap"": false, ""criterion"": ""squared_error"", ""max_features"": 1.0, ""min_samples_leaf"": 2, ""n_estimators"": 500}",,2385553227,,
scale_fixed_et_sensitivity|uncertain9|Global|3|1|All,fixed_extra_trees,449,AFP;Input;Output;Enquiry;File;Interface;Added;Changed;Deleted,"{""bootstrap"": false, ""criterion"": ""squared_error"", ""max_features"": 1.0, ""min_samples_leaf"": 2, ""n_estimators"": 500}",,788177118,,
scale_fixed_et_sensitivity|uncertain9|Global + MI|3|1|All,fixed_extra_trees,449,AFP;Input;Enquiry;File;Added,"{""bootstrap"": false, ""criterion"": ""squared_error"", ""max_features"": 1.0, ""min_samples_leaf"": 2, ""n_estimators"": 500}",,3664844171,,
scale_fixed_et_sensitivity|uncertain9|Quantile|3|1|Small,fixed_extra_trees,150,AFP;Input;Output;Enquiry;File;Interface;Added;Changed;Deleted,"{""bootstrap"": false, ""criterion"": ""squared_error"", ""max_features"": 1.0, ""min_samples_leaf"": 2, ""n_estimators"": 500}",,3932631180,,
scale_fixed_et_sensitivity|uncertain9|Quantile|3|1|Medium,fixed_extra_trees,149,AFP;Input;Output;Enquiry;File;Interface;Added;Changed;Deleted,"{""bootstrap"": false, ""criterion"": ""squared_error"", ""max_features"": 1.0, ""min_samples_leaf"": 2, ""n_estimators"": 500}",,3040870717,,
scale_fixed_et_sensitivity|uncertain9|Quantile|3|1|Large,fixed_extra_trees,150,AFP;Input;Output;Enquiry;File;Interface;Added;Changed;Deleted,"{""bootstrap"": false, ""criterion"": ""squared_error"", ""max_features"": 1.0, ""min_samples_leaf"": 2, ""n_estimators"": 500}",,1138659557,,
scale_fixed_et_sensitivity|uncertain9|Quantile + MI|3|1|Small,fixed_extra_trees,150,Output;Enquiry;Interface;Added;Deleted,"{""bootstrap"": false, ""criterion"": ""squared_error"", ""max_features"": 1.0, ""min_samples_leaf"": 2, ""n_estimators"": 500}",,2260770336,,
scale_fixed_et_sensitivity|uncertain9|Quantile + MI|3|1|Medium,fixed_extra_trees,149,AFP;Input;Output;Interface;Deleted,"{""bootstrap"": false, ""criterion"": ""squared_error"", ""max_features"": 1.0, ""min_samples_leaf"": 2, ""n_estimators"": 500}",,3557898022,,
scale_fixed_et_sensitivity|uncertain9|Quantile + MI|3|1|Large,fixed_extra_trees,150,Input;Enquiry;File;Added;Changed,"{""bootstrap"": false, ""criterion"": ""squared_error"", ""max_features"": 1.0, ""min_samples_leaf"": 2, ""n_estimators"": 500}",,3457116746,,
scale_fixed_et_sensitivity|uncertain9|Global|3|2|All,fixed_extra_trees,449,AFP;Input;Output;Enquiry;File;Interface;Added;Changed;Deleted,"{""bootstrap"": false, ""criterion"": ""squared_error"", ""max_features"": 1.0, ""min_samples_leaf"": 2, ""n_estimators"": 500}",,1966757225,,
scale_fixed_et_sensitivity|uncertain9|Global + MI|3|2|All,fixed_extra_trees,449,AFP;Input;Enquiry;File;Added,"{""bootstrap"": false, ""criterion"": ""squared_error"", ""max_features"": 1.0, ""min_samples_leaf"": 2, ""n_estimators"": 500}",,3462556278,,
scale_fixed_et_sensitivity|uncertain9|Quantile|3|2|Small,fixed_extra_trees,152,AFP;Input;Output;Enquiry;File;Interface;Added;Changed;Deleted,"{""bootstrap"": false, ""criterion"": ""squared_error"", ""max_features"": 1.0, ""min_samples_leaf"": 2, ""n_estimators"": 500}",,346776630,,
scale_fixed_et_sensitivity|uncertain9|Quantile|3|2|Medium,fixed_extra_trees,147,AFP;Input;Output;Enquiry;File;Interface;Added;Changed;Deleted,"{""bootstrap"": false, ""criterion"": ""squared_error"", ""max_features"": 1.0, ""min_samples_leaf"": 2, ""n_estimators"": 500}",,3727971929,,
scale_fixed_et_sensitivity|uncertain9|Quantile|3|2|Large,fixed_extra_trees,150,AFP;Input;Output;Enquiry;File;Interface;Added;Changed;Deleted,"{""bootstrap"": false, ""criterion"": ""squared_error"", ""max_features"": 1.0, ""min_samples_leaf"": 2, ""n_estimators"": 500}",,4021827930,,
scale_fixed_et_sensitivity|uncertain9|Quantile + MI|3|2|Small,fixed_extra_trees,152,AFP;Input;Enquiry;Interface;Added,"{""bootstrap"": false, ""criterion"": ""squared_error"", ""max_features"": 1.0, ""min_samples_leaf"": 2, ""n_estimators"": 500}",,1754478907,,
scale_fixed_et_sensitivity|uncertain9|Quantile + MI|3|2|Medium,fixed_extra_trees,147,AFP;Input;Output;Enquiry;Deleted,"{""bootstrap"": false, ""criterion"": ""squared_error"", ""max_features"": 1.0, ""min_samples_leaf"": 2, ""n_estimators"": 500}",,2586380502,,
scale_fixed_et_sensitivity|uncertain9|Quantile + MI|3|2|Large,fixed_extra_trees,150,AFP;Input;Enquiry;Added;Deleted,"{""bootstrap"": false, ""criterion"": ""squared_error"", ""max_features"": 1.0, ""min_samples_leaf"": 2, ""n_estimators"": 500}",,3480349397,,
scale_fixed_et_sensitivity|uncertain9|Global|3|3|All,fixed_extra_trees,449,AFP;Input;Output;Enquiry;File;Interface;Added;Changed;Deleted,"{""bootstrap"": false, ""criterion"": ""squared_error"", ""max_features"": 1.0, ""min_samples_leaf"": 2, ""n_estimators"": 500}",,491457868,,
scale_fixed_et_sensitivity|uncertain9|Global + MI|3|3|All,fixed_extra_trees,449,AFP;Input;Enquiry;File;Added,"{""bootstrap"": false, ""criterion"": ""squared_error"", ""max_features"": 1.0, ""min_samples_leaf"": 2, ""n_estimators"": 500}",,1164877473,,
scale_fixed_et_sensitivity|uncertain9|Quantile|3|3|Small,fixed_extra_trees,152,AFP;Input;Output;Enquiry;File;Interface;Added;Changed;Deleted,"{""bootstrap"": false, ""criterion"": ""squared_error"", ""max_features"": 1.0, ""min_samples_leaf"": 2, ""n_estimators"": 500}",,4290562211,,
scale_fixed_et_sensitivity|uncertain9|Quantile|3|3|Medium,fixed_extra_trees,147,AFP;Input;Output;Enquiry;File;Interface;Added;Changed;Deleted,"{""bootstrap"": false, ""criterion"": ""squared_error"", ""max_features"": 1.0, ""min_samples_leaf"": 2, ""n_estimators"": 500}",,4258857334,,
scale_fixed_et_sensitivity|uncertain9|Quantile|3|3|Large,fixed_extra_trees,150,AFP;Input;Output;Enquiry;File;Interface;Added;Changed;Deleted,"{""bootstrap"": false, ""criterion"": ""squared_error"", ""max_features"": 1.0, ""min_samples_leaf"": 2, ""n_estimators"": 500}",,2379067186,,
scale_fixed_et_sensitivity|uncertain9|Quantile + MI|3|3|Small,fixed_extra_trees,152,AFP;Enquiry;File;Added;Deleted,"{""bootstrap"": false, ""criterion"": ""squared_error"", ""max_features"": 1.0, ""min_samples_leaf"": 2, ""n_estimators"": 500}",,2812918646,,
scale_fixed_et_sensitivity|uncertain9|Quantile + MI|3|3|Medium,fixed_extra_trees,147,AFP;Output;File;Interface;Deleted,"{""bootstrap"": false, ""criterion"": ""squared_error"", ""max_features"": 1.0, ""min_samples_leaf"": 2, ""n_estimators"": 500}",,2033133077,,
scale_fixed_et_sensitivity|uncertain9|Quantile + MI|3|3|Large,fixed_extra_trees,150,AFP;Input;Enquiry;Added;Deleted,"{""bootstrap"": false, ""criterion"": ""squared_error"", ""max_features"": 1.0, ""min_samples_leaf"": 2, ""n_estimators"": 500}",,702879728,,
scale_fixed_et_sensitivity|uncertain9|Global|3|4|All,fixed_extra_trees,449,AFP;Input;Output;Enquiry;File;Interface;Added;Changed;Deleted,"{""bootstrap"": false, ""criterion"": ""squared_error"", ""max_features"": 1.0, ""min_samples_leaf"": 2, ""n_estimators"": 500}",,85589759,,
scale_fixed_et_sensitivity|uncertain9|Global + MI|3|4|All,fixed_extra_trees,449,AFP;Input;Enquiry;File;Added,"{""bootstrap"": false, ""criterion"": ""squared_error"", ""max_features"": 1.0, ""min_samples_leaf"": 2, ""n_estimators"": 500}",,1794812563,,
scale_fixed_et_sensitivity|uncertain9|Quantile|3|4|Small,fixed_extra_trees,151,AFP;Input;Output;Enquiry;File;Interface;Added;Changed;Deleted,"{""bootstrap"": false, ""criterion"": ""squared_error"", ""max_features"": 1.0, ""min_samples_leaf"": 2, ""n_estimators"": 500}",,3653663512,,
scale_fixed_et_sensitivity|uncertain9|Quantile|3|4|Medium,fixed_extra_trees,148,AFP;Input;Output;Enquiry;File;Interface;Added;Changed;Deleted,"{""bootstrap"": false, ""criterion"": ""squared_error"", ""max_features"": 1.0, ""min_samples_leaf"": 2, ""n_estimators"": 500}",,2737309196,,
scale_fixed_et_sensitivity|uncertain9|Quantile|3|4|Large,fixed_extra_trees,150,AFP;Input;Output;Enquiry;File;Interface;Added;Changed;Deleted,"{""bootstrap"": false, ""criterion"": ""squared_error"", ""max_features"": 1.0, ""min_samples_leaf"": 2, ""n_estimators"": 500}",,1602414413,,
scale_fixed_et_sensitivity|uncertain9|Quantile + MI|3|4|Small,fixed_extra_trees,151,AFP;Input;Enquiry;Interface;Added,"{""bootstrap"": false, ""criterion"": ""squared_error"", ""max_features"": 1.0, ""min_samples_leaf"": 2, ""n_estimators"": 500}",,2382657340,,
scale_fixed_et_sensitivity|uncertain9|Quantile + MI|3|4|Medium,fixed_extra_trees,148,AFP;Output;File;Interface;Deleted,"{""bootstrap"": false, ""criterion"": ""squared_error"", ""max_features"": 1.0, ""min_samples_leaf"": 2, ""n_estimators"": 500}",,935469247,,
scale_fixed_et_sensitivity|uncertain9|Quantile + MI|3|4|Large,fixed_extra_trees,150,AFP;Input;Enquiry;Added;Deleted,"{""bootstrap"": false, ""criterion"": ""squared_error"", ""max_features"": 1.0, ""min_samples_leaf"": 2, ""n_estimators"": 500}",,2626885357,,
scale_fixed_et_sensitivity|uncertain9|Global|3|5|All,fixed_extra_trees,449,AFP;Input;Output;Enquiry;File;Interface;Added;Changed;Deleted,"{""bootstrap"": false, ""criterion"": ""squared_error"", ""max_features"": 1.0, ""min_samples_leaf"": 2, ""n_estimators"": 500}",,1807172000,,
scale_fixed_et_sensitivity|uncertain9|Global + MI|3|5|All,fixed_extra_trees,449,AFP;Input;Enquiry;File;Added,"{""bootstrap"": false, ""criterion"": ""squared_error"", ""max_features"": 1.0, ""min_samples_leaf"": 2, ""n_estimators"": 500}",,3186635698,,
scale_fixed_et_sensitivity|uncertain9|Quantile|3|5|Small,fixed_extra_trees,150,AFP;Input;Output;Enquiry;File;Interface;Added;Changed;Deleted,"{""bootstrap"": false, ""criterion"": ""squared_error"", ""max_features"": 1.0, ""min_samples_leaf"": 2, ""n_estimators"": 500}",,2906916644,,
scale_fixed_et_sensitivity|uncertain9|Quantile|3|5|Medium,fixed_extra_trees,149,AFP;Input;Output;Enquiry;File;Interface;Added;Changed;Deleted,"{""bootstrap"": false, ""criterion"": ""squared_error"", ""max_features"": 1.0, ""min_samples_leaf"": 2, ""n_estimators"": 500}",,3617355739,,
scale_fixed_et_sensitivity|uncertain9|Quantile|3|5|Large,fixed_extra_trees,150,AFP;Input;Output;Enquiry;File;Interface;Added;Changed;Deleted,"{""bootstrap"": false, ""criterion"": ""squared_error"", ""max_features"": 1.0, ""min_samples_leaf"": 2, ""n_estimators"": 500}",,1706371711,,
scale_fixed_et_sensitivity|uncertain9|Quantile + MI|3|5|Small,fixed_extra_trees,150,AFP;Enquiry;Interface;Added;Deleted,"{""bootstrap"": false, ""criterion"": ""squared_error"", ""max_features"": 1.0, ""min_samples_leaf"": 2, ""n_estimators"": 500}",,952567392,,
scale_fixed_et_sensitivity|uncertain9|Quantile + MI|3|5|Medium,fixed_extra_trees,149,AFP;Output;Interface;Changed;Deleted,"{""bootstrap"": false, ""criterion"": ""squared_error"", ""max_features"": 1.0, ""min_samples_leaf"": 2, ""n_estimators"": 500}",,2638519474,,
scale_fixed_et_sensitivity|uncertain9|Quantile + MI|3|5|Large,fixed_extra_trees,150,AFP;Input;Enquiry;Added;Deleted,"{""bootstrap"": false, ""criterion"": ""squared_error"", ""max_features"": 1.0, ""min_samples_leaf"": 2, ""n_estimators"": 500}",,3106870107,,
scale_fixed_et_sensitivity|uncertain9|Global|3|6|All,fixed_extra_trees,449,AFP;Input;Output;Enquiry;File;Interface;Added;Changed;Deleted,"{""bootstrap"": false, ""criterion"": ""squared_error"", ""max_features"": 1.0, ""min_samples_leaf"": 2, ""n_estimators"": 500}",,3597769350,,
scale_fixed_et_sensitivity|uncertain9|Global + MI|3|6|All,fixed_extra_trees,449,AFP;Input;Enquiry;File;Added,"{""bootstrap"": false, ""criterion"": ""squared_error"", ""max_features"": 1.0, ""min_samples_leaf"": 2, ""n_estimators"": 500}",,4252609116,,
scale_fixed_et_sensitivity|uncertain9|Quantile|3|6|Small,fixed_extra_trees,150,AFP;Input;Output;Enquiry;File;Interface;Added;Changed;Deleted,"{""bootstrap"": false, ""criterion"": ""squared_error"", ""max_features"": 1.0, ""min_samples_leaf"": 2, ""n_estimators"": 500}",,2000764254,,
scale_fixed_et_sensitivity|uncertain9|Quantile|3|6|Medium,fixed_extra_trees,149,AFP;Input;Output;Enquiry;File;Interface;Added;Changed;Deleted,"{""bootstrap"": false, ""criterion"": ""squared_error"", ""max_features"": 1.0, ""min_samples_leaf"": 2, ""n_estimators"": 500}",,1124243100,,
scale_fixed_et_sensitivity|uncertain9|Quantile|3|6|Large,fixed_extra_trees,150,AFP;Input;Output;Enquiry;File;Interface;Added;Changed;Deleted,"{""bootstrap"": false, ""criterion"": ""squared_error"", ""max_features"": 1.0, ""min_samples_leaf"": 2, ""n_estimators"": 500}",,2979747100,,
scale_fixed_et_sensitivity|uncertain9|Quantile + MI|3|6|Small,fixed_extra_trees,150,AFP;Input;Output;Enquiry;Added,"{""bootstrap"": false, ""criterion"": ""squared_error"", ""max_features"": 1.0, ""min_samples_leaf"": 2, ""n_estimators"": 500}",,3847780727,,
scale_fixed_et_sensitivity|uncertain9|Quantile + MI|3|6|Medium,fixed_extra_trees,149,AFP;Input;Output;Enquiry;Deleted,"{""bootstrap"": false, ""criterion"": ""squared_error"", ""max_features"": 1.0, ""min_samples_leaf"": 2, ""n_estimators"": 500}",,811379314,,
scale_fixed_et_sensitivity|uncertain9|Quantile + MI|3|6|Large,fixed_extra_trees,150,AFP;Input;Enquiry;Added;Deleted,"{""bootstrap"": false, ""criterion"": ""squared_error"", ""max_features"": 1.0, ""min_samples_leaf"": 2, ""n_estimators"": 500}",,2388004412,,
scale_fixed_et_sensitivity|uncertain9|Global|3|7|All,fixed_extra_trees,449,AFP;Input;Output;Enquiry;File;Interface;Added;Changed;Deleted,"{""bootstrap"": false, ""criterion"": ""squared_error"", ""max_features"": 1.0, ""min_samples_leaf"": 2, ""n_estimators"": 500}",,757608036,,
scale_fixed_et_sensitivity|uncertain9|Global + MI|3|7|All,fixed_extra_trees,449,AFP;Input;Enquiry;File;Added,"{""bootstrap"": false, ""criterion"": ""squared_error"", ""max_features"": 1.0, ""min_samples_leaf"": 2, ""n_estimators"": 500}",,2149283979,,
scale_fixed_et_sensitivity|uncertain9|Quantile|3|7|Small,fixed_extra_trees,150,AFP;Input;Output;Enquiry;File;Interface;Added;Changed;Deleted,"{""bootstrap"": false, ""criterion"": ""squared_error"", ""max_features"": 1.0, ""min_samples_leaf"": 2, ""n_estimators"": 500}",,2645646451,,
scale_fixed_et_sensitivity|uncertain9|Quantile|3|7|Medium,fixed_extra_trees,149,AFP;Input;Output;Enquiry;File;Interface;Added;Changed;Deleted,"{""bootstrap"": false, ""criterion"": ""squared_error"", ""max_features"": 1.0, ""min_samples_leaf"": 2, ""n_estimators"": 500}",,742718340,,
scale_fixed_et_sensitivity|uncertain9|Quantile|3|7|Large,fixed_extra_trees,150,AFP;Input;Output;Enquiry;File;Interface;Added;Changed;Deleted,"{""bootstrap"": false, ""criterion"": ""squared_error"", ""max_features"": 1.0, ""min_samples_leaf"": 2, ""n_estimators"": 500}",,486296931,,
scale_fixed_et_sensitivity|uncertain9|Quantile + MI|3|7|Small,fixed_extra_trees,150,Input;Output;Enquiry;Added;Deleted,"{""bootstrap"": false, ""criterion"": ""squared_error"", ""max_features"": 1.0, ""min_samples_leaf"": 2, ""n_estimators"": 500}",,3463201684,,
scale_fixed_et_sensitivity|uncertain9|Quantile + MI|3|7|Medium,fixed_extra_trees,149,AFP;Input;Output;Interface;Deleted,"{""bootstrap"": false, ""criterion"": ""squared_error"", ""max_features"": 1.0, ""min_samples_leaf"": 2, ""n_estimators"": 500}",,739955851,,
scale_fixed_et_sensitivity|uncertain9|Quantile + MI|3|7|Large,fixed_extra_trees,150,AFP;Input;Enquiry;Added;Deleted,"{""bootstrap"": false, ""criterion"": ""squared_error"", ""max_features"": 1.0, ""min_samples_leaf"": 2, ""n_estimators"": 500}",,3996655207,,
scale_fixed_et_sensitivity|uncertain9|Global|3|8|All,fixed_extra_trees,449,AFP;Input;Output;Enquiry;File;Interface;Added;Changed;Deleted,"{""bootstrap"": false, ""criterion"": ""squared_error"", ""max_features"": 1.0, ""min_samples_leaf"": 2, ""n_estimators"": 500}",,3743941312,,
scale_fixed_et_sensitivity|uncertain9|Global + MI|3|8|All,fixed_extra_trees,449,AFP;Input;Enquiry;File;Added,"{""bootstrap"": false, ""criterion"": ""squared_error"", ""max_features"": 1.0, ""min_samples_leaf"": 2, ""n_estimators"": 500}",,265571353,,
scale_fixed_et_sensitivity|uncertain9|Quantile|3|8|Small,fixed_extra_trees,150,AFP;Input;Output;Enquiry;File;Interface;Added;Changed;Deleted,"{""bootstrap"": false, ""criterion"": ""squared_error"", ""max_features"": 1.0, ""min_samples_leaf"": 2, ""n_estimators"": 500}",,1330005001,,
scale_fixed_et_sensitivity|uncertain9|Quantile|3|8|Medium,fixed_extra_trees,149,AFP;Input;Output;Enquiry;File;Interface;Added;Changed;Deleted,"{""bootstrap"": false, ""criterion"": ""squared_error"", ""max_features"": 1.0, ""min_samples_leaf"": 2, ""n_estimators"": 500}",,1705511748,,
scale_fixed_et_sensitivity|uncertain9|Quantile|3|8|Large,fixed_extra_trees,150,AFP;Input;Output;Enquiry;File;Interface;Added;Changed;Deleted,"{""bootstrap"": false, ""criterion"": ""squared_error"", ""max_features"": 1.0, ""min_samples_leaf"": 2, ""n_estimators"": 500}",,1559987227,,
scale_fixed_et_sensitivity|uncertain9|Quantile + MI|3|8|Small,fixed_extra_trees,150,Input;Enquiry;Added;Changed;Deleted,"{""bootstrap"": false, ""criterion"": ""squared_error"", ""max_features"": 1.0, ""min_samples_leaf"": 2, ""n_estimators"": 500}",,2811173622,,
scale_fixed_et_sensitivity|uncertain9|Quantile + MI|3|8|Medium,fixed_extra_trees,149,AFP;Output;File;Changed;Deleted,"{""bootstrap"": false, ""criterion"": ""squared_error"", ""max_features"": 1.0, ""min_samples_leaf"": 2, ""n_estimators"": 500}",,846864696,,
scale_fixed_et_sensitivity|uncertain9|Quantile + MI|3|8|Large,fixed_extra_trees,150,AFP;Input;Enquiry;Added;Deleted,"{""bootstrap"": false, ""criterion"": ""squared_error"", ""max_features"": 1.0, ""min_samples_leaf"": 2, ""n_estimators"": 500}",,640624101,,
scale_fixed_et_sensitivity|uncertain9|Global|3|9|All,fixed_extra_trees,449,AFP;Input;Output;Enquiry;File;Interface;Added;Changed;Deleted,"{""bootstrap"": false, ""criterion"": ""squared_error"", ""max_features"": 1.0, ""min_samples_leaf"": 2, ""n_estimators"": 500}",,3153577762,,
scale_fixed_et_sensitivity|uncertain9|Global + MI|3|9|All,fixed_extra_trees,449,AFP;Input;Enquiry;File;Added,"{""bootstrap"": false, ""criterion"": ""squared_error"", ""max_features"": 1.0, ""min_samples_leaf"": 2, ""n_estimators"": 500}",,3011636839,,
scale_fixed_et_sensitivity|uncertain9|Quantile|3|9|Small,fixed_extra_trees,150,AFP;Input;Output;Enquiry;File;Interface;Added;Changed;Deleted,"{""bootstrap"": false, ""criterion"": ""squared_error"", ""max_features"": 1.0, ""min_samples_leaf"": 2, ""n_estimators"": 500}",,3914288783,,
scale_fixed_et_sensitivity|uncertain9|Quantile|3|9|Medium,fixed_extra_trees,149,AFP;Input;Output;Enquiry;File;Interface;Added;Changed;Deleted,"{""bootstrap"": false, ""criterion"": ""squared_error"", ""max_features"": 1.0, ""min_samples_leaf"": 2, ""n_estimators"": 500}",,3031100657,,
scale_fixed_et_sensitivity|uncertain9|Quantile|3|9|Large,fixed_extra_trees,150,AFP;Input;Output;Enquiry;File;Interface;Added;Changed;Deleted,"{""bootstrap"": false, ""criterion"": ""squared_error"", ""max_features"": 1.0, ""min_samples_leaf"": 2, ""n_estimators"": 500}",,2216570291,,
scale_fixed_et_sensitivity|uncertain9|Quantile + MI|3|9|Small,fixed_extra_trees,150,AFP;Enquiry;Added;Changed;Deleted,"{""bootstrap"": false, ""criterion"": ""squared_error"", ""max_features"": 1.0, ""min_samples_leaf"": 2, ""n_estimators"": 500}",,2606296250,,
scale_fixed_et_sensitivity|uncertain9|Quantile + MI|3|9|Medium,fixed_extra_trees,149,AFP;Input;Output;Enquiry;Interface,"{""bootstrap"": false, ""criterion"": ""squared_error"", ""max_features"": 1.0, ""min_samples_leaf"": 2, ""n_estimators"": 500}",,1190986324,,
scale_fixed_et_sensitivity|uncertain9|Quantile + MI|3|9|Large,fixed_extra_trees,150,AFP;Input;Enquiry;Added;Deleted,"{""bootstrap"": false, ""criterion"": ""squared_error"", ""max_features"": 1.0, ""min_samples_leaf"": 2, ""n_estimators"": 500}",,3156196138,,
scale_fixed_et_sensitivity|uncertain9|Global|3|10|All,fixed_extra_trees,450,AFP;Input;Output;Enquiry;File;Interface;Added;Changed;Deleted,"{""bootstrap"": false, ""criterion"": ""squared_error"", ""max_features"": 1.0, ""min_samples_leaf"": 2, ""n_estimators"": 500}",,1387162408,,
scale_fixed_et_sensitivity|uncertain9|Global + MI|3|10|All,fixed_extra_trees,450,AFP;Input;Enquiry;File;Added,"{""bootstrap"": false, ""criterion"": ""squared_error"", ""max_features"": 1.0, ""min_samples_leaf"": 2, ""n_estimators"": 500}",,120330764,,
scale_fixed_et_sensitivity|uncertain9|Quantile|3|10|Small,fixed_extra_trees,151,AFP;Input;Output;Enquiry;File;Interface;Added;Changed;Deleted,"{""bootstrap"": false, ""criterion"": ""squared_error"", ""max_features"": 1.0, ""min_samples_leaf"": 2, ""n_estimators"": 500}",,645809413,,
scale_fixed_et_sensitivity|uncertain9|Quantile|3|10|Medium,fixed_extra_trees,150,AFP;Input;Output;Enquiry;File;Interface;Added;Changed;Deleted,"{""bootstrap"": false, ""criterion"": ""squared_error"", ""max_features"": 1.0, ""min_samples_leaf"": 2, ""n_estimators"": 500}",,317419129,,
scale_fixed_et_sensitivity|uncertain9|Quantile|3|10|Large,fixed_extra_trees,149,AFP;Input;Output;Enquiry;File;Interface;Added;Changed;Deleted,"{""bootstrap"": false, ""criterion"": ""squared_error"", ""max_features"": 1.0, ""min_samples_leaf"": 2, ""n_estimators"": 500}",,393576023,,
scale_fixed_et_sensitivity|uncertain9|Quantile + MI|3|10|Small,fixed_extra_trees,151,AFP;Output;Enquiry;Added;Deleted,"{""bootstrap"": false, ""criterion"": ""squared_error"", ""max_features"": 1.0, ""min_samples_leaf"": 2, ""n_estimators"": 500}",,3574277514,,
scale_fixed_et_sensitivity|uncertain9|Quantile + MI|3|10|Medium,fixed_extra_trees,150,AFP;Input;Output;Interface;Deleted,"{""bootstrap"": false, ""criterion"": ""squared_error"", ""max_features"": 1.0, ""min_samples_leaf"": 2, ""n_estimators"": 500}",,3961245119,,
scale_fixed_et_sensitivity|uncertain9|Quantile + MI|3|10|Large,fixed_extra_trees,149,AFP;Input;Enquiry;File;Added,"{""bootstrap"": false, ""criterion"": ""squared_error"", ""max_features"": 1.0, ""min_samples_leaf"": 2, ""n_estimators"": 500}",,2226375819,,
scale_fixed_et_sensitivity|uncertain9|Global|4|1|All,fixed_extra_trees,449,AFP;Input;Output;Enquiry;File;Interface;Added;Changed;Deleted,"{""bootstrap"": false, ""criterion"": ""squared_error"", ""max_features"": 1.0, ""min_samples_leaf"": 2, ""n_estimators"": 500}",,490836698,,
scale_fixed_et_sensitivity|uncertain9|Global + MI|4|1|All,fixed_extra_trees,449,AFP;Input;Enquiry;File;Added,"{""bootstrap"": false, ""criterion"": ""squared_error"", ""max_features"": 1.0, ""min_samples_leaf"": 2, ""n_estimators"": 500}",,1712874916,,
scale_fixed_et_sensitivity|uncertain9|Quantile|4|1|Small,fixed_extra_trees,150,AFP;Input;Output;Enquiry;File;Interface;Added;Changed;Deleted,"{""bootstrap"": false, ""criterion"": ""squared_error"", ""max_features"": 1.0, ""min_samples_leaf"": 2, ""n_estimators"": 500}",,2037823584,,
scale_fixed_et_sensitivity|uncertain9|Quantile|4|1|Medium,fixed_extra_trees,149,AFP;Input;Output;Enquiry;File;Interface;Added;Changed;Deleted,"{""bootstrap"": false, ""criterion"": ""squared_error"", ""max_features"": 1.0, ""min_samples_leaf"": 2, ""n_estimators"": 500}",,142323980,,
scale_fixed_et_sensitivity|uncertain9|Quantile|4|1|Large,fixed_extra_trees,150,AFP;Input;Output;Enquiry;File;Interface;Added;Changed;Deleted,"{""bootstrap"": false, ""criterion"": ""squared_error"", ""max_features"": 1.0, ""min_samples_leaf"": 2, ""n_estimators"": 500}",,2596240814,,
scale_fixed_et_sensitivity|uncertain9|Quantile + MI|4|1|Small,fixed_extra_trees,150,AFP;Enquiry;Added;Changed;Deleted,"{""bootstrap"": false, ""criterion"": ""squared_error"", ""max_features"": 1.0, ""min_samples_leaf"": 2, ""n_estimators"": 500}",,2957227916,,
scale_fixed_et_sensitivity|uncertain9|Quantile + MI|4|1|Medium,fixed_extra_trees,149,AFP;Output;Interface;Added;Deleted,"{""bootstrap"": false, ""criterion"": ""squared_error"", ""max_features"": 1.0, ""min_samples_leaf"": 2, ""n_estimators"": 500}",,1876915267,,
scale_fixed_et_sensitivity|uncertain9|Quantile + MI|4|1|Large,fixed_extra_trees,150,AFP;Input;Enquiry;File;Added,"{""bootstrap"": false, ""criterion"": ""squared_error"", ""max_features"": 1.0, ""min_samples_leaf"": 2, ""n_estimators"": 500}",,827093031,,
scale_fixed_et_sensitivity|uncertain9|Global|4|2|All,fixed_extra_trees,449,AFP;Input;Output;Enquiry;File;Interface;Added;Changed;Deleted,"{""bootstrap"": false, ""criterion"": ""squared_error"", ""max_features"": 1.0, ""min_samples_leaf"": 2, ""n_estimators"": 500}",,1854930720,,
scale_fixed_et_sensitivity|uncertain9|Global + MI|4|2|All,fixed_extra_trees,449,AFP;Input;Enquiry;File;Added,"{""bootstrap"": false, ""criterion"": ""squared_error"", ""max_features"": 1.0, ""min_samples_leaf"": 2, ""n_estimators"": 500}",,798996020,,
scale_fixed_et_sensitivity|uncertain9|Quantile|4|2|Small,fixed_extra_trees,150,AFP;Input;Output;Enquiry;File;Interface;Added;Changed;Deleted,"{""bootstrap"": false, ""criterion"": ""squared_error"", ""max_features"": 1.0, ""min_samples_leaf"": 2, ""n_estimators"": 500}",,1077860414,,
scale_fixed_et_sensitivity|uncertain9|Quantile|4|2|Medium,fixed_extra_trees,149,AFP;Input;Output;Enquiry;File;Interface;Added;Changed;Deleted,"{""bootstrap"": false, ""criterion"": ""squared_error"", ""max_features"": 1.0, ""min_samples_leaf"": 2, ""n_estimators"": 500}",,1579493139,,
scale_fixed_et_sensitivity|uncertain9|Quantile|4|2|Large,fixed_extra_trees,150,AFP;Input;Output;Enquiry;File;Interface;Added;Changed;Deleted,"{""bootstrap"": false, ""criterion"": ""squared_error"", ""max_features"": 1.0, ""min_samples_leaf"": 2, ""n_estimators"": 500}",,2223951395,,
scale_fixed_et_sensitivity|uncertain9|Quantile + MI|4|2|Small,fixed_extra_trees,150,AFP;Input;Interface;Added;Deleted,"{""bootstrap"": false, ""criterion"": ""squared_error"", ""max_features"": 1.0, ""min_samples_leaf"": 2, ""n_estimators"": 500}",,1004827727,,
scale_fixed_et_sensitivity|uncertain9|Quantile + MI|4|2|Medium,fixed_extra_trees,149,AFP;Output;File;Interface;Deleted,"{""bootstrap"": false, ""criterion"": ""squared_error"", ""max_features"": 1.0, ""min_samples_leaf"": 2, ""n_estimators"": 500}",,351217885,,
scale_fixed_et_sensitivity|uncertain9|Quantile + MI|4|2|Large,fixed_extra_trees,150,AFP;Input;Enquiry;Added;Deleted,"{""bootstrap"": false, ""criterion"": ""squared_error"", ""max_features"": 1.0, ""min_samples_leaf"": 2, ""n_estimators"": 500}",,2913090491,,
scale_fixed_et_sensitivity|uncertain9|Global|4|3|All,fixed_extra_trees,449,AFP;Input;Output;Enquiry;File;Interface;Added;Changed;Deleted,"{""bootstrap"": false, ""criterion"": ""squared_error"", ""max_features"": 1.0, ""min_samples_leaf"": 2, ""n_estimators"": 500}",,3515051509,,
scale_fixed_et_sensitivity|uncertain9|Global + MI|4|3|All,fixed_extra_trees,449,AFP;Input;Enquiry;File;Added,"{""bootstrap"": false, ""criterion"": ""squared_error"", ""max_features"": 1.0, ""min_samples_leaf"": 2, ""n_estimators"": 500}",,1915673488,,
scale_fixed_et_sensitivity|uncertain9|Quantile|4|3|Small,fixed_extra_trees,150,AFP;Input;Output;Enquiry;File;Interface;Added;Changed;Deleted,"{""bootstrap"": false, ""criterion"": ""squared_error"", ""max_features"": 1.0, ""min_samples_leaf"": 2, ""n_estimators"": 500}",,1927947388,,
scale_fixed_et_sensitivity|uncertain9|Quantile|4|3|Medium,fixed_extra_trees,149,AFP;Input;Output;Enquiry;File;Interface;Added;Changed;Deleted,"{""bootstrap"": false, ""criterion"": ""squared_error"", ""max_features"": 1.0, ""min_samples_leaf"": 2, ""n_estimators"": 500}",,190009023,,
scale_fixed_et_sensitivity|uncertain9|Quantile|4|3|Large,fixed_extra_trees,150,AFP;Input;Output;Enquiry;File;Interface;Added;Changed;Deleted,"{""bootstrap"": false, ""criterion"": ""squared_error"", ""max_features"": 1.0, ""min_samples_leaf"": 2, ""n_estimators"": 500}",,3533563290,,
scale_fixed_et_sensitivity|uncertain9|Quantile + MI|4|3|Small,fixed_extra_trees,150,AFP;Input;Enquiry;Interface;Added,"{""bootstrap"": false, ""criterion"": ""squared_error"", ""max_features"": 1.0, ""min_samples_leaf"": 2, ""n_estimators"": 500}",,2642795231,,
scale_fixed_et_sensitivity|uncertain9|Quantile + MI|4|3|Medium,fixed_extra_trees,149,AFP;Input;Output;Changed;Deleted,"{""bootstrap"": false, ""criterion"": ""squared_error"", ""max_features"": 1.0, ""min_samples_leaf"": 2, ""n_estimators"": 500}",,3764324977,,
scale_fixed_et_sensitivity|uncertain9|Quantile + MI|4|3|Large,fixed_extra_trees,150,AFP;Input;Enquiry;File;Added,"{""bootstrap"": false, ""criterion"": ""squared_error"", ""max_features"": 1.0, ""min_samples_leaf"": 2, ""n_estimators"": 500}",,3208980384,,
scale_fixed_et_sensitivity|uncertain9|Global|4|4|All,fixed_extra_trees,449,AFP;Input;Output;Enquiry;File;Interface;Added;Changed;Deleted,"{""bootstrap"": false, ""criterion"": ""squared_error"", ""max_features"": 1.0, ""min_samples_leaf"": 2, ""n_estimators"": 500}",,250391012,,
scale_fixed_et_sensitivity|uncertain9|Global + MI|4|4|All,fixed_extra_trees,449,AFP;Input;Enquiry;File;Added,"{""bootstrap"": false, ""criterion"": ""squared_error"", ""max_features"": 1.0, ""min_samples_leaf"": 2, ""n_estimators"": 500}",,266365522,,
scale_fixed_et_sensitivity|uncertain9|Quantile|4|4|Small,fixed_extra_trees,150,AFP;Input;Output;Enquiry;File;Interface;Added;Changed;Deleted,"{""bootstrap"": false, ""criterion"": ""squared_error"", ""max_features"": 1.0, ""min_samples_leaf"": 2, ""n_estimators"": 500}",,1939887482,,
scale_fixed_et_sensitivity|uncertain9|Quantile|4|4|Medium,fixed_extra_trees,149,AFP;Input;Output;Enquiry;File;Interface;Added;Changed;Deleted,"{""bootstrap"": false, ""criterion"": ""squared_error"", ""max_features"": 1.0, ""min_samples_leaf"": 2, ""n_estimators"": 500}",,4003691736,,
scale_fixed_et_sensitivity|uncertain9|Quantile|4|4|Large,fixed_extra_trees,150,AFP;Input;Output;Enquiry;File;Interface;Added;Changed;Deleted,"{""bootstrap"": false, ""criterion"": ""squared_error"", ""max_features"": 1.0, ""min_samples_leaf"": 2, ""n_estimators"": 500}",,165757100,,
scale_fixed_et_sensitivity|uncertain9|Quantile + MI|4|4|Small,fixed_extra_trees,150,AFP;Output;Enquiry;Added;Deleted,"{""bootstrap"": false, ""criterion"": ""squared_error"", ""max_features"": 1.0, ""min_samples_leaf"": 2, ""n_estimators"": 500}",,3162618483,,
scale_fixed_et_sensitivity|uncertain9|Quantile + MI|4|4|Medium,fixed_extra_trees,149,AFP;Input;Output;Interface;Deleted,"{""bootstrap"": false, ""criterion"": ""squared_error"", ""max_features"": 1.0, ""min_samples_leaf"": 2, ""n_estimators"": 500}",,1689932659,,
scale_fixed_et_sensitivity|uncertain9|Quantile + MI|4|4|Large,fixed_extra_trees,150,AFP;Input;Enquiry;Added;Deleted,"{""bootstrap"": false, ""criterion"": ""squared_error"", ""max_features"": 1.0, ""min_samples_leaf"": 2, ""n_estimators"": 500}",,1357800185,,
scale_fixed_et_sensitivity|uncertain9|Global|4|5|All,fixed_extra_trees,449,AFP;Input;Output;Enquiry;File;Interface;Added;Changed;Deleted,"{""bootstrap"": false, ""criterion"": ""squared_error"", ""max_features"": 1.0, ""min_samples_leaf"": 2, ""n_estimators"": 500}",,3122799295,,
scale_fixed_et_sensitivity|uncertain9|Global + MI|4|5|All,fixed_extra_trees,449,AFP;Input;Enquiry;File;Added,"{""bootstrap"": false, ""criterion"": ""squared_error"", ""max_features"": 1.0, ""min_samples_leaf"": 2, ""n_estimators"": 500}",,2258983602,,
scale_fixed_et_sensitivity|uncertain9|Quantile|4|5|Small,fixed_extra_trees,150,AFP;Input;Output;Enquiry;File;Interface;Added;Changed;Deleted,"{""bootstrap"": false, ""criterion"": ""squared_error"", ""max_features"": 1.0, ""min_samples_leaf"": 2, ""n_estimators"": 500}",,498355579,,
scale_fixed_et_sensitivity|uncertain9|Quantile|4|5|Medium,fixed_extra_trees,149,AFP;Input;Output;Enquiry;File;Interface;Added;Changed;Deleted,"{""bootstrap"": false, ""criterion"": ""squared_error"", ""max_features"": 1.0, ""min_samples_leaf"": 2, ""n_estimators"": 500}",,626908091,,
scale_fixed_et_sensitivity|uncertain9|Quantile|4|5|Large,fixed_extra_trees,150,AFP;Input;Output;Enquiry;File;Interface;Added;Changed;Deleted,"{""bootstrap"": false, ""criterion"": ""squared_error"", ""max_features"": 1.0, ""min_samples_leaf"": 2, ""n_estimators"": 500}",,667869821,,
scale_fixed_et_sensitivity|uncertain9|Quantile + MI|4|5|Small,fixed_extra_trees,150,AFP;Input;Output;Enquiry;Added,"{""bootstrap"": false, ""criterion"": ""squared_error"", ""max_features"": 1.0, ""min_samples_leaf"": 2, ""n_estimators"": 500}",,2205769896,,
scale_fixed_et_sensitivity|uncertain9|Quantile + MI|4|5|Medium,fixed_extra_trees,149,AFP;Output;File;Interface;Deleted,"{""bootstrap"": false, ""criterion"": ""squared_error"", ""max_features"": 1.0, ""min_samples_leaf"": 2, ""n_estimators"": 500}",,56894241,,
scale_fixed_et_sensitivity|uncertain9|Quantile + MI|4|5|Large,fixed_extra_trees,150,AFP;Input;Enquiry;Added;Changed,"{""bootstrap"": false, ""criterion"": ""squared_error"", ""max_features"": 1.0, ""min_samples_leaf"": 2, ""n_estimators"": 500}",,1223617102,,
scale_fixed_et_sensitivity|uncertain9|Global|4|6|All,fixed_extra_trees,449,AFP;Input;Output;Enquiry;File;Interface;Added;Changed;Deleted,"{""bootstrap"": false, ""criterion"": ""squared_error"", ""max_features"": 1.0, ""min_samples_leaf"": 2, ""n_estimators"": 500}",,1552616839,,
scale_fixed_et_sensitivity|uncertain9|Global + MI|4|6|All,fixed_extra_trees,449,AFP;Input;Enquiry;File;Added,"{""bootstrap"": false, ""criterion"": ""squared_error"", ""max_features"": 1.0, ""min_samples_leaf"": 2, ""n_estimators"": 500}",,561780488,,
scale_fixed_et_sensitivity|uncertain9|Quantile|4|6|Small,fixed_extra_trees,150,AFP;Input;Output;Enquiry;File;Interface;Added;Changed;Deleted,"{""bootstrap"": false, ""criterion"": ""squared_error"", ""max_features"": 1.0, ""min_samples_leaf"": 2, ""n_estimators"": 500}",,3962962477,,
scale_fixed_et_sensitivity|uncertain9|Quantile|4|6|Medium,fixed_extra_trees,149,AFP;Input;Output;Enquiry;File;Interface;Added;Changed;Deleted,"{""bootstrap"": false, ""criterion"": ""squared_error"", ""max_features"": 1.0, ""min_samples_leaf"": 2, ""n_estimators"": 500}",,3662002721,,
scale_fixed_et_sensitivity|uncertain9|Quantile|4|6|Large,fixed_extra_trees,150,AFP;Input;Output;Enquiry;File;Interface;Added;Changed;Deleted,"{""bootstrap"": false, ""criterion"": ""squared_error"", ""max_features"": 1.0, ""min_samples_leaf"": 2, ""n_estimators"": 500}",,123580484,,
scale_fixed_et_sensitivity|uncertain9|Quantile + MI|4|6|Small,fixed_extra_trees,150,AFP;Input;Output;Enquiry;Added,"{""bootstrap"": false, ""criterion"": ""squared_error"", ""max_features"": 1.0, ""min_samples_leaf"": 2, ""n_estimators"": 500}",,3187544811,,
scale_fixed_et_sensitivity|uncertain9|Quantile + MI|4|6|Medium,fixed_extra_trees,149,AFP;Input;Output;Enquiry;Deleted,"{""bootstrap"": false, ""criterion"": ""squared_error"", ""max_features"": 1.0, ""min_samples_leaf"": 2, ""n_estimators"": 500}",,477994070,,
scale_fixed_et_sensitivity|uncertain9|Quantile + MI|4|6|Large,fixed_extra_trees,150,AFP;Input;Enquiry;Added;Deleted,"{""bootstrap"": false, ""criterion"": ""squared_error"", ""max_features"": 1.0, ""min_samples_leaf"": 2, ""n_estimators"": 500}",,1117189961,,
scale_fixed_et_sensitivity|uncertain9|Global|4|7|All,fixed_extra_trees,449,AFP;Input;Output;Enquiry;File;Interface;Added;Changed;Deleted,"{""bootstrap"": false, ""criterion"": ""squared_error"", ""max_features"": 1.0, ""min_samples_leaf"": 2, ""n_estimators"": 500}",,92858054,,
scale_fixed_et_sensitivity|uncertain9|Global + MI|4|7|All,fixed_extra_trees,449,AFP;Input;Enquiry;File;Added,"{""bootstrap"": false, ""criterion"": ""squared_error"", ""max_features"": 1.0, ""min_samples_leaf"": 2, ""n_estimators"": 500}",,2434593571,,
scale_fixed_et_sensitivity|uncertain9|Quantile|4|7|Small,fixed_extra_trees,153,AFP;Input;Output;Enquiry;File;Interface;Added;Changed;Deleted,"{""bootstrap"": false, ""criterion"": ""squared_error"", ""max_features"": 1.0, ""min_samples_leaf"": 2, ""n_estimators"": 500}",,1201369813,,
scale_fixed_et_sensitivity|uncertain9|Quantile|4|7|Medium,fixed_extra_trees,146,AFP;Input;Output;Enquiry;File;Interface;Added;Changed;Deleted,"{""bootstrap"": false, ""criterion"": ""squared_error"", ""max_features"": 1.0, ""min_samples_leaf"": 2, ""n_estimators"": 500}",,2518575758,,
scale_fixed_et_sensitivity|uncertain9|Quantile|4|7|Large,fixed_extra_trees,150,AFP;Input;Output;Enquiry;File;Interface;Added;Changed;Deleted,"{""bootstrap"": false, ""criterion"": ""squared_error"", ""max_features"": 1.0, ""min_samples_leaf"": 2, ""n_estimators"": 500}",,2855252284,,
scale_fixed_et_sensitivity|uncertain9|Quantile + MI|4|7|Small,fixed_extra_trees,153,Output;Enquiry;Interface;Added;Changed,"{""bootstrap"": false, ""criterion"": ""squared_error"", ""max_features"": 1.0, ""min_samples_leaf"": 2, ""n_estimators"": 500}",,1419122004,,
scale_fixed_et_sensitivity|uncertain9|Quantile + MI|4|7|Medium,fixed_extra_trees,146,AFP;Input;Output;File;Deleted,"{""bootstrap"": false, ""criterion"": ""squared_error"", ""max_features"": 1.0, ""min_samples_leaf"": 2, ""n_estimators"": 500}",,1669359494,,
scale_fixed_et_sensitivity|uncertain9|Quantile + MI|4|7|Large,fixed_extra_trees,150,AFP;Input;Enquiry;Added;Deleted,"{""bootstrap"": false, ""criterion"": ""squared_error"", ""max_features"": 1.0, ""min_samples_leaf"": 2, ""n_estimators"": 500}",,4226771860,,
scale_fixed_et_sensitivity|uncertain9|Global|4|8|All,fixed_extra_trees,449,AFP;Input;Output;Enquiry;File;Interface;Added;Changed;Deleted,"{""bootstrap"": false, ""criterion"": ""squared_error"", ""max_features"": 1.0, ""min_samples_leaf"": 2, ""n_estimators"": 500}",,184143542,,
scale_fixed_et_sensitivity|uncertain9|Global + MI|4|8|All,fixed_extra_trees,449,AFP;Input;Enquiry;File;Added,"{""bootstrap"": false, ""criterion"": ""squared_error"", ""max_features"": 1.0, ""min_samples_leaf"": 2, ""n_estimators"": 500}",,758385439,,
scale_fixed_et_sensitivity|uncertain9|Quantile|4|8|Small,fixed_extra_trees,150,AFP;Input;Output;Enquiry;File;Interface;Added;Changed;Deleted,"{""bootstrap"": false, ""criterion"": ""squared_error"", ""max_features"": 1.0, ""min_samples_leaf"": 2, ""n_estimators"": 500}",,448381383,,
scale_fixed_et_sensitivity|uncertain9|Quantile|4|8|Medium,fixed_extra_trees,149,AFP;Input;Output;Enquiry;File;Interface;Added;Changed;Deleted,"{""bootstrap"": false, ""criterion"": ""squared_error"", ""max_features"": 1.0, ""min_samples_leaf"": 2, ""n_estimators"": 500}",,3930447486,,
scale_fixed_et_sensitivity|uncertain9|Quantile|4|8|Large,fixed_extra_trees,150,AFP;Input;Output;Enquiry;File;Interface;Added;Changed;Deleted,"{""bootstrap"": false, ""criterion"": ""squared_error"", ""max_features"": 1.0, ""min_samples_leaf"": 2, ""n_estimators"": 500}",,3104276953,,
scale_fixed_et_sensitivity|uncertain9|Quantile + MI|4|8|Small,fixed_extra_trees,150,AFP;Input;Output;Enquiry;Added,"{""bootstrap"": false, ""criterion"": ""squared_error"", ""max_features"": 1.0, ""min_samples_leaf"": 2, ""n_estimators"": 500}",,3960592057,,
scale_fixed_et_sensitivity|uncertain9|Quantile + MI|4|8|Medium,fixed_extra_trees,149,AFP;Output;Interface;Changed;Deleted,"{""bootstrap"": false, ""criterion"": ""squared_error"", ""max_features"": 1.0, ""min_samples_leaf"": 2, ""n_estimators"": 500}",,3374599192,,
scale_fixed_et_sensitivity|uncertain9|Quantile + MI|4|8|Large,fixed_extra_trees,150,Input;Enquiry;Added;Changed;Deleted,"{""bootstrap"": false, ""criterion"": ""squared_error"", ""max_features"": 1.0, ""min_samples_leaf"": 2, ""n_estimators"": 500}",,2016807742,,
scale_fixed_et_sensitivity|uncertain9|Global|4|9|All,fixed_extra_trees,449,AFP;Input;Output;Enquiry;File;Interface;Added;Changed;Deleted,"{""bootstrap"": false, ""criterion"": ""squared_error"", ""max_features"": 1.0, ""min_samples_leaf"": 2, ""n_estimators"": 500}",,2196003183,,
scale_fixed_et_sensitivity|uncertain9|Global + MI|4|9|All,fixed_extra_trees,449,AFP;Input;Enquiry;File;Added,"{""bootstrap"": false, ""criterion"": ""squared_error"", ""max_features"": 1.0, ""min_samples_leaf"": 2, ""n_estimators"": 500}",,2283771552,,
scale_fixed_et_sensitivity|uncertain9|Quantile|4|9|Small,fixed_extra_trees,152,AFP;Input;Output;Enquiry;File;Interface;Added;Changed;Deleted,"{""bootstrap"": false, ""criterion"": ""squared_error"", ""max_features"": 1.0, ""min_samples_leaf"": 2, ""n_estimators"": 500}",,2426601200,,
scale_fixed_et_sensitivity|uncertain9|Quantile|4|9|Medium,fixed_extra_trees,147,AFP;Input;Output;Enquiry;File;Interface;Added;Changed;Deleted,"{""bootstrap"": false, ""criterion"": ""squared_error"", ""max_features"": 1.0, ""min_samples_leaf"": 2, ""n_estimators"": 500}",,1453738632,,
scale_fixed_et_sensitivity|uncertain9|Quantile|4|9|Large,fixed_extra_trees,150,AFP;Input;Output;Enquiry;File;Interface;Added;Changed;Deleted,"{""bootstrap"": false, ""criterion"": ""squared_error"", ""max_features"": 1.0, ""min_samples_leaf"": 2, ""n_estimators"": 500}",,64974448,,
scale_fixed_et_sensitivity|uncertain9|Quantile + MI|4|9|Small,fixed_extra_trees,152,Input;Enquiry;Interface;Added;Deleted,"{""bootstrap"": false, ""criterion"": ""squared_error"", ""max_features"": 1.0, ""min_samples_leaf"": 2, ""n_estimators"": 500}",,2284080228,,
scale_fixed_et_sensitivity|uncertain9|Quantile + MI|4|9|Medium,fixed_extra_trees,147,AFP;Input;Output;Interface;Deleted,"{""bootstrap"": false, ""criterion"": ""squared_error"", ""max_features"": 1.0, ""min_samples_leaf"": 2, ""n_estimators"": 500}",,450855994,,
scale_fixed_et_sensitivity|uncertain9|Quantile + MI|4|9|Large,fixed_extra_trees,150,AFP;Input;Enquiry;Added;Changed,"{""bootstrap"": false, ""criterion"": ""squared_error"", ""max_features"": 1.0, ""min_samples_leaf"": 2, ""n_estimators"": 500}",,1711363866,,
scale_fixed_et_sensitivity|uncertain9|Global|4|10|All,fixed_extra_trees,450,AFP;Input;Output;Enquiry;File;Interface;Added;Changed;Deleted,"{""bootstrap"": false, ""criterion"": ""squared_error"", ""max_features"": 1.0, ""min_samples_leaf"": 2, ""n_estimators"": 500}",,2108918110,,
scale_fixed_et_sensitivity|uncertain9|Global + MI|4|10|All,fixed_extra_trees,450,AFP;Input;Enquiry;File;Added,"{""bootstrap"": false, ""criterion"": ""squared_error"", ""max_features"": 1.0, ""min_samples_leaf"": 2, ""n_estimators"": 500}",,3411167209,,
scale_fixed_et_sensitivity|uncertain9|Quantile|4|10|Small,fixed_extra_trees,152,AFP;Input;Output;Enquiry;File;Interface;Added;Changed;Deleted,"{""bootstrap"": false, ""criterion"": ""squared_error"", ""max_features"": 1.0, ""min_samples_leaf"": 2, ""n_estimators"": 500}",,1426515644,,
scale_fixed_et_sensitivity|uncertain9|Quantile|4|10|Medium,fixed_extra_trees,148,AFP;Input;Output;Enquiry;File;Interface;Added;Changed;Deleted,"{""bootstrap"": false, ""criterion"": ""squared_error"", ""max_features"": 1.0, ""min_samples_leaf"": 2, ""n_estimators"": 500}",,271375134,,
scale_fixed_et_sensitivity|uncertain9|Quantile|4|10|Large,fixed_extra_trees,150,AFP;Input;Output;Enquiry;File;Interface;Added;Changed;Deleted,"{""bootstrap"": false, ""criterion"": ""squared_error"", ""max_features"": 1.0, ""min_samples_leaf"": 2, ""n_estimators"": 500}",,140473223,,
scale_fixed_et_sensitivity|uncertain9|Quantile + MI|4|10|Small,fixed_extra_trees,152,Input;Enquiry;Added;Changed;Deleted,"{""bootstrap"": false, ""criterion"": ""squared_error"", ""max_features"": 1.0, ""min_samples_leaf"": 2, ""n_estimators"": 500}",,1238310139,,
scale_fixed_et_sensitivity|uncertain9|Quantile + MI|4|10|Medium,fixed_extra_trees,148,AFP;Output;Interface;Changed;Deleted,"{""bootstrap"": false, ""criterion"": ""squared_error"", ""max_features"": 1.0, ""min_samples_leaf"": 2, ""n_estimators"": 500}",,1932708948,,
scale_fixed_et_sensitivity|uncertain9|Quantile + MI|4|10|Large,fixed_extra_trees,150,AFP;Input;Enquiry;Added;Deleted,"{""bootstrap"": false, ""criterion"": ""squared_error"", ""max_features"": 1.0, ""min_samples_leaf"": 2, ""n_estimators"": 500}",,276396129,,
scale_fixed_et_sensitivity|uncertain9|Global|5|1|All,fixed_extra_trees,449,AFP;Input;Output;Enquiry;File;Interface;Added;Changed;Deleted,"{""bootstrap"": false, ""criterion"": ""squared_error"", ""max_features"": 1.0, ""min_samples_leaf"": 2, ""n_estimators"": 500}",,676021543,,
scale_fixed_et_sensitivity|uncertain9|Global + MI|5|1|All,fixed_extra_trees,449,AFP;Input;Enquiry;File;Added,"{""bootstrap"": false, ""criterion"": ""squared_error"", ""max_features"": 1.0, ""min_samples_leaf"": 2, ""n_estimators"": 500}",,3930239511,,
scale_fixed_et_sensitivity|uncertain9|Quantile|5|1|Small,fixed_extra_trees,152,AFP;Input;Output;Enquiry;File;Interface;Added;Changed;Deleted,"{""bootstrap"": false, ""criterion"": ""squared_error"", ""max_features"": 1.0, ""min_samples_leaf"": 2, ""n_estimators"": 500}",,2709825469,,
scale_fixed_et_sensitivity|uncertain9|Quantile|5|1|Medium,fixed_extra_trees,147,AFP;Input;Output;Enquiry;File;Interface;Added;Changed;Deleted,"{""bootstrap"": false, ""criterion"": ""squared_error"", ""max_features"": 1.0, ""min_samples_leaf"": 2, ""n_estimators"": 500}",,3392976501,,
scale_fixed_et_sensitivity|uncertain9|Quantile|5|1|Large,fixed_extra_trees,150,AFP;Input;Output;Enquiry;File;Interface;Added;Changed;Deleted,"{""bootstrap"": false, ""criterion"": ""squared_error"", ""max_features"": 1.0, ""min_samples_leaf"": 2, ""n_estimators"": 500}",,1228418083,,
scale_fixed_et_sensitivity|uncertain9|Quantile + MI|5|1|Small,fixed_extra_trees,152,AFP;Input;Enquiry;Interface;Added,"{""bootstrap"": false, ""criterion"": ""squared_error"", ""max_features"": 1.0, ""min_samples_leaf"": 2, ""n_estimators"": 500}",,1433685120,,
scale_fixed_et_sensitivity|uncertain9|Quantile + MI|5|1|Medium,fixed_extra_trees,147,AFP;Input;Output;Enquiry;Deleted,"{""bootstrap"": false, ""criterion"": ""squared_error"", ""max_features"": 1.0, ""min_samples_leaf"": 2, ""n_estimators"": 500}",,867458271,,
scale_fixed_et_sensitivity|uncertain9|Quantile + MI|5|1|Large,fixed_extra_trees,150,AFP;Input;Enquiry;Added;Deleted,"{""bootstrap"": false, ""criterion"": ""squared_error"", ""max_features"": 1.0, ""min_samples_leaf"": 2, ""n_estimators"": 500}",,1283562155,,
scale_fixed_et_sensitivity|uncertain9|Global|5|2|All,fixed_extra_trees,449,AFP;Input;Output;Enquiry;File;Interface;Added;Changed;Deleted,"{""bootstrap"": false, ""criterion"": ""squared_error"", ""max_features"": 1.0, ""min_samples_leaf"": 2, ""n_estimators"": 500}",,3013499038,,
scale_fixed_et_sensitivity|uncertain9|Global + MI|5|2|All,fixed_extra_trees,449,AFP;Input;Enquiry;File;Added,"{""bootstrap"": false, ""criterion"": ""squared_error"", ""max_features"": 1.0, ""min_samples_leaf"": 2, ""n_estimators"": 500}",,1976993615,,
scale_fixed_et_sensitivity|uncertain9|Quantile|5|2|Small,fixed_extra_trees,150,AFP;Input;Output;Enquiry;File;Interface;Added;Changed;Deleted,"{""bootstrap"": false, ""criterion"": ""squared_error"", ""max_features"": 1.0, ""min_samples_leaf"": 2, ""n_estimators"": 500}",,1633606457,,
scale_fixed_et_sensitivity|uncertain9|Quantile|5|2|Medium,fixed_extra_trees,149,AFP;Input;Output;Enquiry;File;Interface;Added;Changed;Deleted,"{""bootstrap"": false, ""criterion"": ""squared_error"", ""max_features"": 1.0, ""min_samples_leaf"": 2, ""n_estimators"": 500}",,2186382370,,
scale_fixed_et_sensitivity|uncertain9|Quantile|5|2|Large,fixed_extra_trees,150,AFP;Input;Output;Enquiry;File;Interface;Added;Changed;Deleted,"{""bootstrap"": false, ""criterion"": ""squared_error"", ""max_features"": 1.0, ""min_samples_leaf"": 2, ""n_estimators"": 500}",,3880196078,,
scale_fixed_et_sensitivity|uncertain9|Quantile + MI|5|2|Small,fixed_extra_trees,150,AFP;Input;Enquiry;Added;Deleted,"{""bootstrap"": false, ""criterion"": ""squared_error"", ""max_features"": 1.0, ""min_samples_leaf"": 2, ""n_estimators"": 500}",,1177939847,,
scale_fixed_et_sensitivity|uncertain9|Quantile + MI|5|2|Medium,fixed_extra_trees,149,AFP;Input;Output;File;Deleted,"{""bootstrap"": false, ""criterion"": ""squared_error"", ""max_features"": 1.0, ""min_samples_leaf"": 2, ""n_estimators"": 500}",,3454136205,,
scale_fixed_et_sensitivity|uncertain9|Quantile + MI|5|2|Large,fixed_extra_trees,150,AFP;Input;Enquiry;Added;Deleted,"{""bootstrap"": false, ""criterion"": ""squared_error"", ""max_features"": 1.0, ""min_samples_leaf"": 2, ""n_estimators"": 500}",,2044520193,,
scale_fixed_et_sensitivity|uncertain9|Global|5|3|All,fixed_extra_trees,449,AFP;Input;Output;Enquiry;File;Interface;Added;Changed;Deleted,"{""bootstrap"": false, ""criterion"": ""squared_error"", ""max_features"": 1.0, ""min_samples_leaf"": 2, ""n_estimators"": 500}",,3249452555,,
scale_fixed_et_sensitivity|uncertain9|Global + MI|5|3|All,fixed_extra_trees,449,AFP;Input;Enquiry;File;Added,"{""bootstrap"": false, ""criterion"": ""squared_error"", ""max_features"": 1.0, ""min_samples_leaf"": 2, ""n_estimators"": 500}",,3121964783,,
scale_fixed_et_sensitivity|uncertain9|Quantile|5|3|Small,fixed_extra_trees,150,AFP;Input;Output;Enquiry;File;Interface;Added;Changed;Deleted,"{""bootstrap"": false, ""criterion"": ""squared_error"", ""max_features"": 1.0, ""min_samples_leaf"": 2, ""n_estimators"": 500}",,2915017777,,
scale_fixed_et_sensitivity|uncertain9|Quantile|5|3|Medium,fixed_extra_trees,149,AFP;Input;Output;Enquiry;File;Interface;Added;Changed;Deleted,"{""bootstrap"": false, ""criterion"": ""squared_error"", ""max_features"": 1.0, ""min_samples_leaf"": 2, ""n_estimators"": 500}",,1465765969,,
scale_fixed_et_sensitivity|uncertain9|Quantile|5|3|Large,fixed_extra_trees,150,AFP;Input;Output;Enquiry;File;Interface;Added;Changed;Deleted,"{""bootstrap"": false, ""criterion"": ""squared_error"", ""max_features"": 1.0, ""min_samples_leaf"": 2, ""n_estimators"": 500}",,1247683917,,
scale_fixed_et_sensitivity|uncertain9|Quantile + MI|5|3|Small,fixed_extra_trees,150,AFP;Input;Output;Enquiry;Added,"{""bootstrap"": false, ""criterion"": ""squared_error"", ""max_features"": 1.0, ""min_samples_leaf"": 2, ""n_estimators"": 500}",,4228942972,,
scale_fixed_et_sensitivity|uncertain9|Quantile + MI|5|3|Medium,fixed_extra_trees,149,AFP;Output;Added;Changed;Deleted,"{""bootstrap"": false, ""criterion"": ""squared_error"", ""max_features"": 1.0, ""min_samples_leaf"": 2, ""n_estimators"": 500}",,1224498865,,
scale_fixed_et_sensitivity|uncertain9|Quantile + MI|5|3|Large,fixed_extra_trees,150,AFP;Input;Enquiry;Added;Deleted,"{""bootstrap"": false, ""criterion"": ""squared_error"", ""max_features"": 1.0, ""min_samples_leaf"": 2, ""n_estimators"": 500}",,3418804410,,
scale_fixed_et_sensitivity|uncertain9|Global|5|4|All,fixed_extra_trees,449,AFP;Input;Output;Enquiry;File;Interface;Added;Changed;Deleted,"{""bootstrap"": false, ""criterion"": ""squared_error"", ""max_features"": 1.0, ""min_samples_leaf"": 2, ""n_estimators"": 500}",,2251148294,,
scale_fixed_et_sensitivity|uncertain9|Global + MI|5|4|All,fixed_extra_trees,449,AFP;Input;Enquiry;File;Added,"{""bootstrap"": false, ""criterion"": ""squared_error"", ""max_features"": 1.0, ""min_samples_leaf"": 2, ""n_estimators"": 500}",,851582366,,
scale_fixed_et_sensitivity|uncertain9|Quantile|5|4|Small,fixed_extra_trees,152,AFP;Input;Output;Enquiry;File;Interface;Added;Changed;Deleted,"{""bootstrap"": false, ""criterion"": ""squared_error"", ""max_features"": 1.0, ""min_samples_leaf"": 2, ""n_estimators"": 500}",,25207049,,
scale_fixed_et_sensitivity|uncertain9|Quantile|5|4|Medium,fixed_extra_trees,147,AFP;Input;Output;Enquiry;File;Interface;Added;Changed;Deleted,"{""bootstrap"": false, ""criterion"": ""squared_error"", ""max_features"": 1.0, ""min_samples_leaf"": 2, ""n_estimators"": 500}",,2374912690,,
scale_fixed_et_sensitivity|uncertain9|Quantile|5|4|Large,fixed_extra_trees,150,AFP;Input;Output;Enquiry;File;Interface;Added;Changed;Deleted,"{""bootstrap"": false, ""criterion"": ""squared_error"", ""max_features"": 1.0, ""min_samples_leaf"": 2, ""n_estimators"": 500}",,445903962,,
scale_fixed_et_sensitivity|uncertain9|Quantile + MI|5|4|Small,fixed_extra_trees,152,AFP;Enquiry;Added;Changed;Deleted,"{""bootstrap"": false, ""criterion"": ""squared_error"", ""max_features"": 1.0, ""min_samples_leaf"": 2, ""n_estimators"": 500}",,3703068031,,
scale_fixed_et_sensitivity|uncertain9|Quantile + MI|5|4|Medium,fixed_extra_trees,147,AFP;Output;Interface;Changed;Deleted,"{""bootstrap"": false, ""criterion"": ""squared_error"", ""max_features"": 1.0, ""min_samples_leaf"": 2, ""n_estimators"": 500}",,2988112446,,
scale_fixed_et_sensitivity|uncertain9|Quantile + MI|5|4|Large,fixed_extra_trees,150,AFP;Input;Enquiry;Added;Deleted,"{""bootstrap"": false, ""criterion"": ""squared_error"", ""max_features"": 1.0, ""min_samples_leaf"": 2, ""n_estimators"": 500}",,2369635994,,
scale_fixed_et_sensitivity|uncertain9|Global|5|5|All,fixed_extra_trees,449,AFP;Input;Output;Enquiry;File;Interface;Added;Changed;Deleted,"{""bootstrap"": false, ""criterion"": ""squared_error"", ""max_features"": 1.0, ""min_samples_leaf"": 2, ""n_estimators"": 500}",,3026514232,,
scale_fixed_et_sensitivity|uncertain9|Global + MI|5|5|All,fixed_extra_trees,449,AFP;Input;Enquiry;File;Added,"{""bootstrap"": false, ""criterion"": ""squared_error"", ""max_features"": 1.0, ""min_samples_leaf"": 2, ""n_estimators"": 500}",,4030663631,,
scale_fixed_et_sensitivity|uncertain9|Quantile|5|5|Small,fixed_extra_trees,151,AFP;Input;Output;Enquiry;File;Interface;Added;Changed;Deleted,"{""bootstrap"": false, ""criterion"": ""squared_error"", ""max_features"": 1.0, ""min_samples_leaf"": 2, ""n_estimators"": 500}",,3230249383,,
scale_fixed_et_sensitivity|uncertain9|Quantile|5|5|Medium,fixed_extra_trees,148,AFP;Input;Output;Enquiry;File;Interface;Added;Changed;Deleted,"{""bootstrap"": false, ""criterion"": ""squared_error"", ""max_features"": 1.0, ""min_samples_leaf"": 2, ""n_estimators"": 500}",,1697236119,,
scale_fixed_et_sensitivity|uncertain9|Quantile|5|5|Large,fixed_extra_trees,150,AFP;Input;Output;Enquiry;File;Interface;Added;Changed;Deleted,"{""bootstrap"": false, ""criterion"": ""squared_error"", ""max_features"": 1.0, ""min_samples_leaf"": 2, ""n_estimators"": 500}",,3164673099,,
scale_fixed_et_sensitivity|uncertain9|Quantile + MI|5|5|Small,fixed_extra_trees,151,AFP;Output;Enquiry;Added;Deleted,"{""bootstrap"": false, ""criterion"": ""squared_error"", ""max_features"": 1.0, ""min_samples_leaf"": 2, ""n_estimators"": 500}",,1662921910,,
scale_fixed_et_sensitivity|uncertain9|Quantile + MI|5|5|Medium,fixed_extra_trees,148,AFP;Output;File;Interface;Deleted,"{""bootstrap"": false, ""criterion"": ""squared_error"", ""max_features"": 1.0, ""min_samples_leaf"": 2, ""n_estimators"": 500}",,2242074176,,
scale_fixed_et_sensitivity|uncertain9|Quantile + MI|5|5|Large,fixed_extra_trees,150,AFP;Input;Enquiry;Added;Changed,"{""bootstrap"": false, ""criterion"": ""squared_error"", ""max_features"": 1.0, ""min_samples_leaf"": 2, ""n_estimators"": 500}",,2509556520,,
scale_fixed_et_sensitivity|uncertain9|Global|5|6|All,fixed_extra_trees,449,AFP;Input;Output;Enquiry;File;Interface;Added;Changed;Deleted,"{""bootstrap"": false, ""criterion"": ""squared_error"", ""max_features"": 1.0, ""min_samples_leaf"": 2, ""n_estimators"": 500}",,2481911382,,
scale_fixed_et_sensitivity|uncertain9|Global + MI|5|6|All,fixed_extra_trees,449,AFP;Input;Enquiry;File;Added,"{""bootstrap"": false, ""criterion"": ""squared_error"", ""max_features"": 1.0, ""min_samples_leaf"": 2, ""n_estimators"": 500}",,4201379410,,
scale_fixed_et_sensitivity|uncertain9|Quantile|5|6|Small,fixed_extra_trees,152,AFP;Input;Output;Enquiry;File;Interface;Added;Changed;Deleted,"{""bootstrap"": false, ""criterion"": ""squared_error"", ""max_features"": 1.0, ""min_samples_leaf"": 2, ""n_estimators"": 500}",,1290911669,,
scale_fixed_et_sensitivity|uncertain9|Quantile|5|6|Medium,fixed_extra_trees,147,AFP;Input;Output;Enquiry;File;Interface;Added;Changed;Deleted,"{""bootstrap"": false, ""criterion"": ""squared_error"", ""max_features"": 1.0, ""min_samples_leaf"": 2, ""n_estimators"": 500}",,4107978488,,
scale_fixed_et_sensitivity|uncertain9|Quantile|5|6|Large,fixed_extra_trees,150,AFP;Input;Output;Enquiry;File;Interface;Added;Changed;Deleted,"{""bootstrap"": false, ""criterion"": ""squared_error"", ""max_features"": 1.0, ""min_samples_leaf"": 2, ""n_estimators"": 500}",,4176552307,,
scale_fixed_et_sensitivity|uncertain9|Quantile + MI|5|6|Small,fixed_extra_trees,152,AFP;Input;Enquiry;Interface;Added,"{""bootstrap"": false, ""criterion"": ""squared_error"", ""max_features"": 1.0, ""min_samples_leaf"": 2, ""n_estimators"": 500}",,4254563125,,
scale_fixed_et_sensitivity|uncertain9|Quantile + MI|5|6|Medium,fixed_extra_trees,147,AFP;Input;Output;Changed;Deleted,"{""bootstrap"": false, ""criterion"": ""squared_error"", ""max_features"": 1.0, ""min_samples_leaf"": 2, ""n_estimators"": 500}",,1021131327,,
scale_fixed_et_sensitivity|uncertain9|Quantile + MI|5|6|Large,fixed_extra_trees,150,AFP;Input;Enquiry;File;Added,"{""bootstrap"": false, ""criterion"": ""squared_error"", ""max_features"": 1.0, ""min_samples_leaf"": 2, ""n_estimators"": 500}",,3837190151,,
scale_fixed_et_sensitivity|uncertain9|Global|5|7|All,fixed_extra_trees,449,AFP;Input;Output;Enquiry;File;Interface;Added;Changed;Deleted,"{""bootstrap"": false, ""criterion"": ""squared_error"", ""max_features"": 1.0, ""min_samples_leaf"": 2, ""n_estimators"": 500}",,3009033385,,
scale_fixed_et_sensitivity|uncertain9|Global + MI|5|7|All,fixed_extra_trees,449,AFP;Input;Enquiry;File;Added,"{""bootstrap"": false, ""criterion"": ""squared_error"", ""max_features"": 1.0, ""min_samples_leaf"": 2, ""n_estimators"": 500}",,707161291,,
scale_fixed_et_sensitivity|uncertain9|Quantile|5|7|Small,fixed_extra_trees,150,AFP;Input;Output;Enquiry;File;Interface;Added;Changed;Deleted,"{""bootstrap"": false, ""criterion"": ""squared_error"", ""max_features"": 1.0, ""min_samples_leaf"": 2, ""n_estimators"": 500}",,1800172790,,
scale_fixed_et_sensitivity|uncertain9|Quantile|5|7|Medium,fixed_extra_trees,149,AFP;Input;Output;Enquiry;File;Interface;Added;Changed;Deleted,"{""bootstrap"": false, ""criterion"": ""squared_error"", ""max_features"": 1.0, ""min_samples_leaf"": 2, ""n_estimators"": 500}",,283653847,,
scale_fixed_et_sensitivity|uncertain9|Quantile|5|7|Large,fixed_extra_trees,150,AFP;Input;Output;Enquiry;File;Interface;Added;Changed;Deleted,"{""bootstrap"": false, ""criterion"": ""squared_error"", ""max_features"": 1.0, ""min_samples_leaf"": 2, ""n_estimators"": 500}",,2920602618,,
scale_fixed_et_sensitivity|uncertain9|Quantile + MI|5|7|Small,fixed_extra_trees,150,AFP;Enquiry;Interface;Added;Deleted,"{""bootstrap"": false, ""criterion"": ""squared_error"", ""max_features"": 1.0, ""min_samples_leaf"": 2, ""n_estimators"": 500}",,1029051843,,
scale_fixed_et_sensitivity|uncertain9|Quantile + MI|5|7|Medium,fixed_extra_trees,149,AFP;Output;Interface;Added;Deleted,"{""bootstrap"": false, ""criterion"": ""squared_error"", ""max_features"": 1.0, ""min_samples_leaf"": 2, ""n_estimators"": 500}",,541536234,,
scale_fixed_et_sensitivity|uncertain9|Quantile + MI|5|7|Large,fixed_extra_trees,150,AFP;Input;Enquiry;Added;Deleted,"{""bootstrap"": false, ""criterion"": ""squared_error"", ""max_features"": 1.0, ""min_samples_leaf"": 2, ""n_estimators"": 500}",,3963019291,,
scale_fixed_et_sensitivity|uncertain9|Global|5|8|All,fixed_extra_trees,449,AFP;Input;Output;Enquiry;File;Interface;Added;Changed;Deleted,"{""bootstrap"": false, ""criterion"": ""squared_error"", ""max_features"": 1.0, ""min_samples_leaf"": 2, ""n_estimators"": 500}",,1940400018,,
scale_fixed_et_sensitivity|uncertain9|Global + MI|5|8|All,fixed_extra_trees,449,AFP;Input;Enquiry;File;Added,"{""bootstrap"": false, ""criterion"": ""squared_error"", ""max_features"": 1.0, ""min_samples_leaf"": 2, ""n_estimators"": 500}",,3850958578,,
scale_fixed_et_sensitivity|uncertain9|Quantile|5|8|Small,fixed_extra_trees,153,AFP;Input;Output;Enquiry;File;Interface;Added;Changed;Deleted,"{""bootstrap"": false, ""criterion"": ""squared_error"", ""max_features"": 1.0, ""min_samples_leaf"": 2, ""n_estimators"": 500}",,3852441124,,
scale_fixed_et_sensitivity|uncertain9|Quantile|5|8|Medium,fixed_extra_trees,146,AFP;Input;Output;Enquiry;File;Interface;Added;Changed;Deleted,"{""bootstrap"": false, ""criterion"": ""squared_error"", ""max_features"": 1.0, ""min_samples_leaf"": 2, ""n_estimators"": 500}",,1867750376,,
scale_fixed_et_sensitivity|uncertain9|Quantile|5|8|Large,fixed_extra_trees,150,AFP;Input;Output;Enquiry;File;Interface;Added;Changed;Deleted,"{""bootstrap"": false, ""criterion"": ""squared_error"", ""max_features"": 1.0, ""min_samples_leaf"": 2, ""n_estimators"": 500}",,973465512,,
scale_fixed_et_sensitivity|uncertain9|Quantile + MI|5|8|Small,fixed_extra_trees,153,AFP;Input;Enquiry;Added;Deleted,"{""bootstrap"": false, ""criterion"": ""squared_error"", ""max_features"": 1.0, ""min_samples_leaf"": 2, ""n_estimators"": 500}",,2903215683,,
scale_fixed_et_sensitivity|uncertain9|Quantile + MI|5|8|Medium,fixed_extra_trees,146,AFP;Input;Output;Enquiry;Deleted,"{""bootstrap"": false, ""criterion"": ""squared_error"", ""max_features"": 1.0, ""min_samples_leaf"": 2, ""n_estimators"": 500}",,861940385,,
scale_fixed_et_sensitivity|uncertain9|Quantile + MI|5|8|Large,fixed_extra_trees,150,AFP;Input;Enquiry;Added;Deleted,"{""bootstrap"": false, ""criterion"": ""squared_error"", ""max_features"": 1.0, ""min_samples_leaf"": 2, ""n_estimators"": 500}",,3245896082,,
scale_fixed_et_sensitivity|uncertain9|Global|5|9|All,fixed_extra_trees,449,AFP;Input;Output;Enquiry;File;Interface;Added;Changed;Deleted,"{""bootstrap"": false, ""criterion"": ""squared_error"", ""max_features"": 1.0, ""min_samples_leaf"": 2, ""n_estimators"": 500}",,543035459,,
scale_fixed_et_sensitivity|uncertain9|Global + MI|5|9|All,fixed_extra_trees,449,AFP;Input;Enquiry;File;Added,"{""bootstrap"": false, ""criterion"": ""squared_error"", ""max_features"": 1.0, ""min_samples_leaf"": 2, ""n_estimators"": 500}",,2506396801,,
scale_fixed_et_sensitivity|uncertain9|Quantile|5|9|Small,fixed_extra_trees,151,AFP;Input;Output;Enquiry;File;Interface;Added;Changed;Deleted,"{""bootstrap"": false, ""criterion"": ""squared_error"", ""max_features"": 1.0, ""min_samples_leaf"": 2, ""n_estimators"": 500}",,306857230,,
scale_fixed_et_sensitivity|uncertain9|Quantile|5|9|Medium,fixed_extra_trees,148,AFP;Input;Output;Enquiry;File;Interface;Added;Changed;Deleted,"{""bootstrap"": false, ""criterion"": ""squared_error"", ""max_features"": 1.0, ""min_samples_leaf"": 2, ""n_estimators"": 500}",,1968509127,,
scale_fixed_et_sensitivity|uncertain9|Quantile|5|9|Large,fixed_extra_trees,150,AFP;Input;Output;Enquiry;File;Interface;Added;Changed;Deleted,"{""bootstrap"": false, ""criterion"": ""squared_error"", ""max_features"": 1.0, ""min_samples_leaf"": 2, ""n_estimators"": 500}",,913853878,,
scale_fixed_et_sensitivity|uncertain9|Quantile + MI|5|9|Small,fixed_extra_trees,151,AFP;Enquiry;Added;Changed;Deleted,"{""bootstrap"": false, ""criterion"": ""squared_error"", ""max_features"": 1.0, ""min_samples_leaf"": 2, ""n_estimators"": 500}",,3741885955,,
scale_fixed_et_sensitivity|uncertain9|Quantile + MI|5|9|Medium,fixed_extra_trees,148,AFP;Output;Added;Changed;Deleted,"{""bootstrap"": false, ""criterion"": ""squared_error"", ""max_features"": 1.0, ""min_samples_leaf"": 2, ""n_estimators"": 500}",,1429958630,,
scale_fixed_et_sensitivity|uncertain9|Quantile + MI|5|9|Large,fixed_extra_trees,150,AFP;Enquiry;File;Added;Deleted,"{""bootstrap"": false, ""criterion"": ""squared_error"", ""max_features"": 1.0, ""min_samples_leaf"": 2, ""n_estimators"": 500}",,3656643633,,
scale_fixed_et_sensitivity|uncertain9|Global|5|10|All,fixed_extra_trees,450,AFP;Input;Output;Enquiry;File;Interface;Added;Changed;Deleted,"{""bootstrap"": false, ""criterion"": ""squared_error"", ""max_features"": 1.0, ""min_samples_leaf"": 2, ""n_estimators"": 500}",,534543257,,
scale_fixed_et_sensitivity|uncertain9|Global + MI|5|10|All,fixed_extra_trees,450,AFP;Input;Enquiry;File;Added,"{""bootstrap"": false, ""criterion"": ""squared_error"", ""max_features"": 1.0, ""min_samples_leaf"": 2, ""n_estimators"": 500}",,3489190371,,
scale_fixed_et_sensitivity|uncertain9|Quantile|5|10|Small,fixed_extra_trees,152,AFP;Input;Output;Enquiry;File;Interface;Added;Changed;Deleted,"{""bootstrap"": false, ""criterion"": ""squared_error"", ""max_features"": 1.0, ""min_samples_leaf"": 2, ""n_estimators"": 500}",,2334089247,,
scale_fixed_et_sensitivity|uncertain9|Quantile|5|10|Medium,fixed_extra_trees,148,AFP;Input;Output;Enquiry;File;Interface;Added;Changed;Deleted,"{""bootstrap"": false, ""criterion"": ""squared_error"", ""max_features"": 1.0, ""min_samples_leaf"": 2, ""n_estimators"": 500}",,1828312970,,
scale_fixed_et_sensitivity|uncertain9|Quantile|5|10|Large,fixed_extra_trees,150,AFP;Input;Output;Enquiry;File;Interface;Added;Changed;Deleted,"{""bootstrap"": false, ""criterion"": ""squared_error"", ""max_features"": 1.0, ""min_samples_leaf"": 2, ""n_estimators"": 500}",,1869433463,,
scale_fixed_et_sensitivity|uncertain9|Quantile + MI|5|10|Small,fixed_extra_trees,152,AFP;Input;Enquiry;Added;Deleted,"{""bootstrap"": false, ""criterion"": ""squared_error"", ""max_features"": 1.0, ""min_samples_leaf"": 2, ""n_estimators"": 500}",,1692820947,,
scale_fixed_et_sensitivity|uncertain9|Quantile + MI|5|10|Medium,fixed_extra_trees,148,AFP;Input;Output;File;Deleted,"{""bootstrap"": false, ""criterion"": ""squared_error"", ""max_features"": 1.0, ""min_samples_leaf"": 2, ""n_estimators"": 500}",,185639034,,
scale_fixed_et_sensitivity|uncertain9|Quantile + MI|5|10|Large,fixed_extra_trees,150,AFP;Input;Enquiry;Added;Changed,"{""bootstrap"": false, ""criterion"": ""squared_error"", ""max_features"": 1.0, ""min_samples_leaf"": 2, ""n_estimators"": 500}",,2693827533,,
scale_fixed_et_sensitivity|leaky14|Global|1|1|All,fixed_extra_trees,449,AFP;Input;Output;Enquiry;File;Interface;Added;Changed;Deleted;PDR_AFP;PDR_UFP;NPDR_AFP;NPDU_UFP;N_effort,"{""bootstrap"": false, ""criterion"": ""squared_error"", ""max_features"": 1.0, ""min_samples_leaf"": 2, ""n_estimators"": 500}",,3056424498,,
scale_fixed_et_sensitivity|leaky14|Global|1|2|All,fixed_extra_trees,449,AFP;Input;Output;Enquiry;File;Interface;Added;Changed;Deleted;PDR_AFP;PDR_UFP;NPDR_AFP;NPDU_UFP;N_effort,"{""bootstrap"": false, ""criterion"": ""squared_error"", ""max_features"": 1.0, ""min_samples_leaf"": 2, ""n_estimators"": 500}",,4185097370,,
scale_fixed_et_sensitivity|leaky14|Global|1|3|All,fixed_extra_trees,449,AFP;Input;Output;Enquiry;File;Interface;Added;Changed;Deleted;PDR_AFP;PDR_UFP;NPDR_AFP;NPDU_UFP;N_effort,"{""bootstrap"": false, ""criterion"": ""squared_error"", ""max_features"": 1.0, ""min_samples_leaf"": 2, ""n_estimators"": 500}",,3340460005,,
scale_fixed_et_sensitivity|leaky14|Global|1|4|All,fixed_extra_trees,449,AFP;Input;Output;Enquiry;File;Interface;Added;Changed;Deleted;PDR_AFP;PDR_UFP;NPDR_AFP;NPDU_UFP;N_effort,"{""bootstrap"": false, ""criterion"": ""squared_error"", ""max_features"": 1.0, ""min_samples_leaf"": 2, ""n_estimators"": 500}",,1129601695,,
scale_fixed_et_sensitivity|leaky14|Global|1|5|All,fixed_extra_trees,449,AFP;Input;Output;Enquiry;File;Interface;Added;Changed;Deleted;PDR_AFP;PDR_UFP;NPDR_AFP;NPDU_UFP;N_effort,"{""bootstrap"": false, ""criterion"": ""squared_error"", ""max_features"": 1.0, ""min_samples_leaf"": 2, ""n_estimators"": 500}",,1000092718,,
scale_fixed_et_sensitivity|leaky14|Global|1|6|All,fixed_extra_trees,449,AFP;Input;Output;Enquiry;File;Interface;Added;Changed;Deleted;PDR_AFP;PDR_UFP;NPDR_AFP;NPDU_UFP;N_effort,"{""bootstrap"": false, ""criterion"": ""squared_error"", ""max_features"": 1.0, ""min_samples_leaf"": 2, ""n_estimators"": 500}",,499045888,,
scale_fixed_et_sensitivity|leaky14|Global|1|7|All,fixed_extra_trees,449,AFP;Input;Output;Enquiry;File;Interface;Added;Changed;Deleted;PDR_AFP;PDR_UFP;NPDR_AFP;NPDU_UFP;N_effort,"{""bootstrap"": false, ""criterion"": ""squared_error"", ""max_features"": 1.0, ""min_samples_leaf"": 2, ""n_estimators"": 500}",,2629783458,,
scale_fixed_et_sensitivity|leaky14|Global|1|8|All,fixed_extra_trees,449,AFP;Input;Output;Enquiry;File;Interface;Added;Changed;Deleted;PDR_AFP;PDR_UFP;NPDR_AFP;NPDU_UFP;N_effort,"{""bootstrap"": false, ""criterion"": ""squared_error"", ""max_features"": 1.0, ""min_samples_leaf"": 2, ""n_estimators"": 500}",,1674055764,,
scale_fixed_et_sensitivity|leaky14|Global|1|9|All,fixed_extra_trees,449,AFP;Input;Output;Enquiry;File;Interface;Added;Changed;Deleted;PDR_AFP;PDR_UFP;NPDR_AFP;NPDU_UFP;N_effort,"{""bootstrap"": false, ""criterion"": ""squared_error"", ""max_features"": 1.0, ""min_samples_leaf"": 2, ""n_estimators"": 500}",,3977399503,,
scale_fixed_et_sensitivity|leaky14|Global|1|10|All,fixed_extra_trees,450,AFP;Input;Output;Enquiry;File;Interface;Added;Changed;Deleted;PDR_AFP;PDR_UFP;NPDR_AFP;NPDU_UFP;N_effort,"{""bootstrap"": false, ""criterion"": ""squared_error"", ""max_features"": 1.0, ""min_samples_leaf"": 2, ""n_estimators"": 500}",,426240942,,
scale_fixed_et_sensitivity|leaky14|Global|2|1|All,fixed_extra_trees,449,AFP;Input;Output;Enquiry;File;Interface;Added;Changed;Deleted;PDR_AFP;PDR_UFP;NPDR_AFP;NPDU_UFP;N_effort,"{""bootstrap"": false, ""criterion"": ""squared_error"", ""max_features"": 1.0, ""min_samples_leaf"": 2, ""n_estimators"": 500}",,720035980,,
scale_fixed_et_sensitivity|leaky14|Global|2|2|All,fixed_extra_trees,449,AFP;Input;Output;Enquiry;File;Interface;Added;Changed;Deleted;PDR_AFP;PDR_UFP;NPDR_AFP;NPDU_UFP;N_effort,"{""bootstrap"": false, ""criterion"": ""squared_error"", ""max_features"": 1.0, ""min_samples_leaf"": 2, ""n_estimators"": 500}",,16597505,,
scale_fixed_et_sensitivity|leaky14|Global|2|3|All,fixed_extra_trees,449,AFP;Input;Output;Enquiry;File;Interface;Added;Changed;Deleted;PDR_AFP;PDR_UFP;NPDR_AFP;NPDU_UFP;N_effort,"{""bootstrap"": false, ""criterion"": ""squared_error"", ""max_features"": 1.0, ""min_samples_leaf"": 2, ""n_estimators"": 500}",,3169916020,,
scale_fixed_et_sensitivity|leaky14|Global|2|4|All,fixed_extra_trees,449,AFP;Input;Output;Enquiry;File;Interface;Added;Changed;Deleted;PDR_AFP;PDR_UFP;NPDR_AFP;NPDU_UFP;N_effort,"{""bootstrap"": false, ""criterion"": ""squared_error"", ""max_features"": 1.0, ""min_samples_leaf"": 2, ""n_estimators"": 500}",,274378212,,
scale_fixed_et_sensitivity|leaky14|Global|2|5|All,fixed_extra_trees,449,AFP;Input;Output;Enquiry;File;Interface;Added;Changed;Deleted;PDR_AFP;PDR_UFP;NPDR_AFP;NPDU_UFP;N_effort,"{""bootstrap"": false, ""criterion"": ""squared_error"", ""max_features"": 1.0, ""min_samples_leaf"": 2, ""n_estimators"": 500}",,4068313498,,
scale_fixed_et_sensitivity|leaky14|Global|2|6|All,fixed_extra_trees,449,AFP;Input;Output;Enquiry;File;Interface;Added;Changed;Deleted;PDR_AFP;PDR_UFP;NPDR_AFP;NPDU_UFP;N_effort,"{""bootstrap"": false, ""criterion"": ""squared_error"", ""max_features"": 1.0, ""min_samples_leaf"": 2, ""n_estimators"": 500}",,3651242679,,
scale_fixed_et_sensitivity|leaky14|Global|2|7|All,fixed_extra_trees,449,AFP;Input;Output;Enquiry;File;Interface;Added;Changed;Deleted;PDR_AFP;PDR_UFP;NPDR_AFP;NPDU_UFP;N_effort,"{""bootstrap"": false, ""criterion"": ""squared_error"", ""max_features"": 1.0, ""min_samples_leaf"": 2, ""n_estimators"": 500}",,2064432129,,
scale_fixed_et_sensitivity|leaky14|Global|2|8|All,fixed_extra_trees,449,AFP;Input;Output;Enquiry;File;Interface;Added;Changed;Deleted;PDR_AFP;PDR_UFP;NPDR_AFP;NPDU_UFP;N_effort,"{""bootstrap"": false, ""criterion"": ""squared_error"", ""max_features"": 1.0, ""min_samples_leaf"": 2, ""n_estimators"": 500}",,769401660,,
scale_fixed_et_sensitivity|leaky14|Global|2|9|All,fixed_extra_trees,449,AFP;Input;Output;Enquiry;File;Interface;Added;Changed;Deleted;PDR_AFP;PDR_UFP;NPDR_AFP;NPDU_UFP;N_effort,"{""bootstrap"": false, ""criterion"": ""squared_error"", ""max_features"": 1.0, ""min_samples_leaf"": 2, ""n_estimators"": 500}",,4170251711,,
scale_fixed_et_sensitivity|leaky14|Global|2|10|All,fixed_extra_trees,450,AFP;Input;Output;Enquiry;File;Interface;Added;Changed;Deleted;PDR_AFP;PDR_UFP;NPDR_AFP;NPDU_UFP;N_effort,"{""bootstrap"": false, ""criterion"": ""squared_error"", ""max_features"": 1.0, ""min_samples_leaf"": 2, ""n_estimators"": 500}",,3537113623,,
scale_fixed_et_sensitivity|leaky14|Global|3|1|All,fixed_extra_trees,449,AFP;Input;Output;Enquiry;File;Interface;Added;Changed;Deleted;PDR_AFP;PDR_UFP;NPDR_AFP;NPDU_UFP;N_effort,"{""bootstrap"": false, ""criterion"": ""squared_error"", ""max_features"": 1.0, ""min_samples_leaf"": 2, ""n_estimators"": 500}",,1485912900,,
scale_fixed_et_sensitivity|leaky14|Global|3|2|All,fixed_extra_trees,449,AFP;Input;Output;Enquiry;File;Interface;Added;Changed;Deleted;PDR_AFP;PDR_UFP;NPDR_AFP;NPDU_UFP;N_effort,"{""bootstrap"": false, ""criterion"": ""squared_error"", ""max_features"": 1.0, ""min_samples_leaf"": 2, ""n_estimators"": 500}",,2574425897,,
scale_fixed_et_sensitivity|leaky14|Global|3|3|All,fixed_extra_trees,449,AFP;Input;Output;Enquiry;File;Interface;Added;Changed;Deleted;PDR_AFP;PDR_UFP;NPDR_AFP;NPDU_UFP;N_effort,"{""bootstrap"": false, ""criterion"": ""squared_error"", ""max_features"": 1.0, ""min_samples_leaf"": 2, ""n_estimators"": 500}",,1635229808,,
scale_fixed_et_sensitivity|leaky14|Global|3|4|All,fixed_extra_trees,449,AFP;Input;Output;Enquiry;File;Interface;Added;Changed;Deleted;PDR_AFP;PDR_UFP;NPDR_AFP;NPDU_UFP;N_effort,"{""bootstrap"": false, ""criterion"": ""squared_error"", ""max_features"": 1.0, ""min_samples_leaf"": 2, ""n_estimators"": 500}",,1668331169,,
scale_fixed_et_sensitivity|leaky14|Global|3|5|All,fixed_extra_trees,449,AFP;Input;Output;Enquiry;File;Interface;Added;Changed;Deleted;PDR_AFP;PDR_UFP;NPDR_AFP;NPDU_UFP;N_effort,"{""bootstrap"": false, ""criterion"": ""squared_error"", ""max_features"": 1.0, ""min_samples_leaf"": 2, ""n_estimators"": 500}",,960119551,,
scale_fixed_et_sensitivity|leaky14|Global|3|6|All,fixed_extra_trees,449,AFP;Input;Output;Enquiry;File;Interface;Added;Changed;Deleted;PDR_AFP;PDR_UFP;NPDR_AFP;NPDU_UFP;N_effort,"{""bootstrap"": false, ""criterion"": ""squared_error"", ""max_features"": 1.0, ""min_samples_leaf"": 2, ""n_estimators"": 500}",,700680063,,
scale_fixed_et_sensitivity|leaky14|Global|3|7|All,fixed_extra_trees,449,AFP;Input;Output;Enquiry;File;Interface;Added;Changed;Deleted;PDR_AFP;PDR_UFP;NPDR_AFP;NPDU_UFP;N_effort,"{""bootstrap"": false, ""criterion"": ""squared_error"", ""max_features"": 1.0, ""min_samples_leaf"": 2, ""n_estimators"": 500}",,1017433418,,
scale_fixed_et_sensitivity|leaky14|Global|3|8|All,fixed_extra_trees,449,AFP;Input;Output;Enquiry;File;Interface;Added;Changed;Deleted;PDR_AFP;PDR_UFP;NPDR_AFP;NPDU_UFP;N_effort,"{""bootstrap"": false, ""criterion"": ""squared_error"", ""max_features"": 1.0, ""min_samples_leaf"": 2, ""n_estimators"": 500}",,3494122925,,
scale_fixed_et_sensitivity|leaky14|Global|3|9|All,fixed_extra_trees,449,AFP;Input;Output;Enquiry;File;Interface;Added;Changed;Deleted;PDR_AFP;PDR_UFP;NPDR_AFP;NPDU_UFP;N_effort,"{""bootstrap"": false, ""criterion"": ""squared_error"", ""max_features"": 1.0, ""min_samples_leaf"": 2, ""n_estimators"": 500}",,2499253999,,
scale_fixed_et_sensitivity|leaky14|Global|3|10|All,fixed_extra_trees,450,AFP;Input;Output;Enquiry;File;Interface;Added;Changed;Deleted;PDR_AFP;PDR_UFP;NPDR_AFP;NPDU_UFP;N_effort,"{""bootstrap"": false, ""criterion"": ""squared_error"", ""max_features"": 1.0, ""min_samples_leaf"": 2, ""n_estimators"": 500}",,1854693124,,
scale_fixed_et_sensitivity|leaky14|Global|4|1|All,fixed_extra_trees,449,AFP;Input;Output;Enquiry;File;Interface;Added;Changed;Deleted;PDR_AFP;PDR_UFP;NPDR_AFP;NPDU_UFP;N_effort,"{""bootstrap"": false, ""criterion"": ""squared_error"", ""max_features"": 1.0, ""min_samples_leaf"": 2, ""n_estimators"": 500}",,1845191636,,
scale_fixed_et_sensitivity|leaky14|Global|4|2|All,fixed_extra_trees,449,AFP;Input;Output;Enquiry;File;Interface;Added;Changed;Deleted;PDR_AFP;PDR_UFP;NPDR_AFP;NPDU_UFP;N_effort,"{""bootstrap"": false, ""criterion"": ""squared_error"", ""max_features"": 1.0, ""min_samples_leaf"": 2, ""n_estimators"": 500}",,1929457013,,
scale_fixed_et_sensitivity|leaky14|Global|4|3|All,fixed_extra_trees,449,AFP;Input;Output;Enquiry;File;Interface;Added;Changed;Deleted;PDR_AFP;PDR_UFP;NPDR_AFP;NPDU_UFP;N_effort,"{""bootstrap"": false, ""criterion"": ""squared_error"", ""max_features"": 1.0, ""min_samples_leaf"": 2, ""n_estimators"": 500}",,997720340,,
scale_fixed_et_sensitivity|leaky14|Global|4|4|All,fixed_extra_trees,449,AFP;Input;Output;Enquiry;File;Interface;Added;Changed;Deleted;PDR_AFP;PDR_UFP;NPDR_AFP;NPDU_UFP;N_effort,"{""bootstrap"": false, ""criterion"": ""squared_error"", ""max_features"": 1.0, ""min_samples_leaf"": 2, ""n_estimators"": 500}",,3544055221,,
scale_fixed_et_sensitivity|leaky14|Global|4|5|All,fixed_extra_trees,449,AFP;Input;Output;Enquiry;File;Interface;Added;Changed;Deleted;PDR_AFP;PDR_UFP;NPDR_AFP;NPDU_UFP;N_effort,"{""bootstrap"": false, ""criterion"": ""squared_error"", ""max_features"": 1.0, ""min_samples_leaf"": 2, ""n_estimators"": 500}",,1651285835,,
scale_fixed_et_sensitivity|leaky14|Global|4|6|All,fixed_extra_trees,449,AFP;Input;Output;Enquiry;File;Interface;Added;Changed;Deleted;PDR_AFP;PDR_UFP;NPDR_AFP;NPDU_UFP;N_effort,"{""bootstrap"": false, ""criterion"": ""squared_error"", ""max_features"": 1.0, ""min_samples_leaf"": 2, ""n_estimators"": 500}",,431361527,,
scale_fixed_et_sensitivity|leaky14|Global|4|7|All,fixed_extra_trees,449,AFP;Input;Output;Enquiry;File;Interface;Added;Changed;Deleted;PDR_AFP;PDR_UFP;NPDR_AFP;NPDU_UFP;N_effort,"{""bootstrap"": false, ""criterion"": ""squared_error"", ""max_features"": 1.0, ""min_samples_leaf"": 2, ""n_estimators"": 500}",,1096175822,,
scale_fixed_et_sensitivity|leaky14|Global|4|8|All,fixed_extra_trees,449,AFP;Input;Output;Enquiry;File;Interface;Added;Changed;Deleted;PDR_AFP;PDR_UFP;NPDR_AFP;NPDU_UFP;N_effort,"{""bootstrap"": false, ""criterion"": ""squared_error"", ""max_features"": 1.0, ""min_samples_leaf"": 2, ""n_estimators"": 500}",,4097997806,,
scale_fixed_et_sensitivity|leaky14|Global|4|9|All,fixed_extra_trees,449,AFP;Input;Output;Enquiry;File;Interface;Added;Changed;Deleted;PDR_AFP;PDR_UFP;NPDR_AFP;NPDU_UFP;N_effort,"{""bootstrap"": false, ""criterion"": ""squared_error"", ""max_features"": 1.0, ""min_samples_leaf"": 2, ""n_estimators"": 500}",,2896462243,,
scale_fixed_et_sensitivity|leaky14|Global|4|10|All,fixed_extra_trees,450,AFP;Input;Output;Enquiry;File;Interface;Added;Changed;Deleted;PDR_AFP;PDR_UFP;NPDR_AFP;NPDU_UFP;N_effort,"{""bootstrap"": false, ""criterion"": ""squared_error"", ""max_features"": 1.0, ""min_samples_leaf"": 2, ""n_estimators"": 500}",,1828452456,,
scale_fixed_et_sensitivity|leaky14|Global|5|1|All,fixed_extra_trees,449,AFP;Input;Output;Enquiry;File;Interface;Added;Changed;Deleted;PDR_AFP;PDR_UFP;NPDR_AFP;NPDU_UFP;N_effort,"{""bootstrap"": false, ""criterion"": ""squared_error"", ""max_features"": 1.0, ""min_samples_leaf"": 2, ""n_estimators"": 500}",,890478787,,
scale_fixed_et_sensitivity|leaky14|Global|5|2|All,fixed_extra_trees,449,AFP;Input;Output;Enquiry;File;Interface;Added;Changed;Deleted;PDR_AFP;PDR_UFP;NPDR_AFP;NPDU_UFP;N_effort,"{""bootstrap"": false, ""criterion"": ""squared_error"", ""max_features"": 1.0, ""min_samples_leaf"": 2, ""n_estimators"": 500}",,3940872602,,
scale_fixed_et_sensitivity|leaky14|Global|5|3|All,fixed_extra_trees,449,AFP;Input;Output;Enquiry;File;Interface;Added;Changed;Deleted;PDR_AFP;PDR_UFP;NPDR_AFP;NPDU_UFP;N_effort,"{""bootstrap"": false, ""criterion"": ""squared_error"", ""max_features"": 1.0, ""min_samples_leaf"": 2, ""n_estimators"": 500}",,2726110781,,
scale_fixed_et_sensitivity|leaky14|Global|5|4|All,fixed_extra_trees,449,AFP;Input;Output;Enquiry;File;Interface;Added;Changed;Deleted;PDR_AFP;PDR_UFP;NPDR_AFP;NPDU_UFP;N_effort,"{""bootstrap"": false, ""criterion"": ""squared_error"", ""max_features"": 1.0, ""min_samples_leaf"": 2, ""n_estimators"": 500}",,446170938,,
scale_fixed_et_sensitivity|leaky14|Global|5|5|All,fixed_extra_trees,449,AFP;Input;Output;Enquiry;File;Interface;Added;Changed;Deleted;PDR_AFP;PDR_UFP;NPDR_AFP;NPDU_UFP;N_effort,"{""bootstrap"": false, ""criterion"": ""squared_error"", ""max_features"": 1.0, ""min_samples_leaf"": 2, ""n_estimators"": 500}",,3030743500,,
scale_fixed_et_sensitivity|leaky14|Global|5|6|All,fixed_extra_trees,449,AFP;Input;Output;Enquiry;File;Interface;Added;Changed;Deleted;PDR_AFP;PDR_UFP;NPDR_AFP;NPDU_UFP;N_effort,"{""bootstrap"": false, ""criterion"": ""squared_error"", ""max_features"": 1.0, ""min_samples_leaf"": 2, ""n_estimators"": 500}",,953573928,,
scale_fixed_et_sensitivity|leaky14|Global|5|7|All,fixed_extra_trees,449,AFP;Input;Output;Enquiry;File;Interface;Added;Changed;Deleted;PDR_AFP;PDR_UFP;NPDR_AFP;NPDU_UFP;N_effort,"{""bootstrap"": false, ""criterion"": ""squared_error"", ""max_features"": 1.0, ""min_samples_leaf"": 2, ""n_estimators"": 500}",,1714004205,,
scale_fixed_et_sensitivity|leaky14|Global|5|8|All,fixed_extra_trees,449,AFP;Input;Output;Enquiry;File;Interface;Added;Changed;Deleted;PDR_AFP;PDR_UFP;NPDR_AFP;NPDU_UFP;N_effort,"{""bootstrap"": false, ""criterion"": ""squared_error"", ""max_features"": 1.0, ""min_samples_leaf"": 2, ""n_estimators"": 500}",,433199815,,
scale_fixed_et_sensitivity|leaky14|Global|5|9|All,fixed_extra_trees,449,AFP;Input;Output;Enquiry;File;Interface;Added;Changed;Deleted;PDR_AFP;PDR_UFP;NPDR_AFP;NPDU_UFP;N_effort,"{""bootstrap"": false, ""criterion"": ""squared_error"", ""max_features"": 1.0, ""min_samples_leaf"": 2, ""n_estimators"": 500}",,3053647744,,
scale_fixed_et_sensitivity|leaky14|Global|5|10|All,fixed_extra_trees,450,AFP;Input;Output;Enquiry;File;Interface;Added;Changed;Deleted;PDR_AFP;PDR_UFP;NPDR_AFP;NPDU_UFP;N_effort,"{""bootstrap"": false, ""criterion"": ""squared_error"", ""max_features"": 1.0, ""min_samples_leaf"": 2, ""n_estimators"": 500}",,4039316600,,
